
==========
== CUDA ==
==========

CUDA Version 11.8.0

Container image Copyright (c) 2016-2023, NVIDIA CORPORATION & AFFILIATES. All rights reserved.

This container image and its contents are governed by the NVIDIA Deep Learning Container License.
By pulling and using the container, you accept the terms and conditions of this license:
https://developer.nvidia.com/ngc/nvidia-deep-learning-container-license

A copy of this license is made available in this container at /NGC-DL-CONTAINER-LICENSE for your convenience.

2025-05-06 22:29:03,739 [MainThread] WARNING ConfigLoader - CUDA not available, using CPU
2025-05-06 22:29:03,739 [MainThread] INFO TrainingSetup - {'model': {'name': 'UNet3D', 'in_channels': 1, 'out_channels': 2, 'layer_order': 'crg', 'f_maps': 32, 'num_groups': 8, 'final_sigmoid': False, 'is_segmentation': True}, 'loss': {'name': 'GeneralizedDiceLoss', 'ignore_index': None, 'skip_last_target': False, 'normalization': 'softmax'}, 'optimizer': {'learning_rate': 0.0002, 'weight_decay': 1e-05}, 'eval_metric': {'name': 'DiceCoefficient'}, 'lr_scheduler': {'name': 'ReduceLROnPlateau', 'mode': 'max', 'factor': 0.5, 'patience': 30}, 'trainer': {'eval_score_higher_is_better': True, 'checkpoint_dir': '/radraid/blchau/3D-UNet/scripts/kidney/iso-run_1-128_patch_stride-no_filter/checkpoints', 'resume': None, 'pre_trained': None, 'max_num_epochs': 50}, 'predictor': {'name': 'LazyPredictor'}, 'loaders': {'dataset': 'LazyHDF5Dataset', 'batch_size': 2, 'num_workers': 2, 'raw_internal_path': 'raw', 'label_internal_path': 'label', 'random_scale': 10, 'random_scale_probability': 0.1, 'train': {'file_paths': ['/radraid/blchau/data/UCLA/preprocessed/isotropic_train'], 'slice_builder': {'name': 'SliceBuilder', 'patch_shape': [128, 128, 128], 'stride_shape': [128, 128, 128]}, 'transformer': {'raw': [{'name': 'RandomFlip'}, {'name': 'RandomRotate90'}, {'name': 'RandomRotate', 'axes': [[2, 1]], 'angle_spectrum': 45, 'mode': 'reflect'}, {'name': 'ElasticDeformation', 'spline_order': 3}, {'name': 'GaussianBlur3D', 'execution_probability': 0.5}, {'name': 'AdditiveGaussianNoise', 'execution_probability': 0.2}, {'name': 'AdditivePoissonNoise', 'execution_probability': 0.2}, {'name': 'ToTensor', 'expand_dims': True}], 'label': [{'name': 'RandomFlip'}, {'name': 'RandomRotate90'}, {'name': 'RandomRotate', 'axes': [[2, 1]], 'angle_spectrum': 45, 'mode': 'reflect'}, {'name': 'ElasticDeformation', 'spline_order': 0}, {'name': 'ToTensor', 'expand_dims': False}]}}, 'val': {'file_paths': ['/radraid/blchau/data/UCLA/preprocessed/isotropic_val'], 'slice_builder': {'name': 'SliceBuilder', 'patch_shape': [128, 128, 128], 'stride_shape': [128, 128, 128]}, 'transformer': {'raw': [{'name': 'ToTensor', 'expand_dims': True}], 'label': [{'name': 'ToTensor', 'expand_dims': False}]}}}, 'device': 'cpu'}
2025-05-06 22:29:03,793 [MainThread] INFO UNetTrainer - Number of learnable params 4080914
2025-05-06 22:29:03,793 [MainThread] INFO Dataset - Creating training and validation set loaders...
2025-05-06 22:29:03,839 [MainThread] INFO HDF5Dataset - Loading train set from: /radraid/blchau/data/UCLA/preprocessed/isotropic_train/0440_0000.h5...
2025-05-06 22:29:03,852 [MainThread] INFO Dataset - Slice builder config: {'name': 'SliceBuilder', 'patch_shape': [128, 128, 128], 'stride_shape': [128, 128, 128]}
2025-05-06 22:29:03,859 [MainThread] INFO HDF5Dataset - Number of patches: 48
2025-05-06 22:29:03,859 [MainThread] INFO HDF5Dataset - Using LazyHDF5Dataset
2025-05-06 22:29:03,859 [MainThread] INFO HDF5Dataset - Loading train set from: /radraid/blchau/data/UCLA/preprocessed/isotropic_train/0372_0000.h5...
2025-05-06 22:29:03,873 [MainThread] INFO Dataset - Slice builder config: {'name': 'SliceBuilder', 'patch_shape': [128, 128, 128], 'stride_shape': [128, 128, 128]}
2025-05-06 22:29:03,874 [MainThread] INFO HDF5Dataset - Number of patches: 27
2025-05-06 22:29:03,874 [MainThread] INFO HDF5Dataset - Using LazyHDF5Dataset
2025-05-06 22:29:03,874 [MainThread] INFO HDF5Dataset - Loading train set from: /radraid/blchau/data/UCLA/preprocessed/isotropic_train/0019_0000.h5...
2025-05-06 22:29:03,886 [MainThread] INFO Dataset - Slice builder config: {'name': 'SliceBuilder', 'patch_shape': [128, 128, 128], 'stride_shape': [128, 128, 128]}
2025-05-06 22:29:03,887 [MainThread] INFO HDF5Dataset - Number of patches: 18
2025-05-06 22:29:03,887 [MainThread] INFO HDF5Dataset - Using LazyHDF5Dataset
2025-05-06 22:29:03,887 [MainThread] INFO HDF5Dataset - Loading train set from: /radraid/blchau/data/UCLA/preprocessed/isotropic_train/0310_0000.h5...
2025-05-06 22:29:03,899 [MainThread] INFO Dataset - Slice builder config: {'name': 'SliceBuilder', 'patch_shape': [128, 128, 128], 'stride_shape': [128, 128, 128]}
2025-05-06 22:29:03,900 [MainThread] INFO HDF5Dataset - Number of patches: 12
2025-05-06 22:29:03,900 [MainThread] INFO HDF5Dataset - Using LazyHDF5Dataset
2025-05-06 22:29:03,900 [MainThread] INFO HDF5Dataset - Loading train set from: /radraid/blchau/data/UCLA/preprocessed/isotropic_train/0059_0000.h5...
2025-05-06 22:29:03,911 [MainThread] INFO Dataset - Slice builder config: {'name': 'SliceBuilder', 'patch_shape': [128, 128, 128], 'stride_shape': [128, 128, 128]}
2025-05-06 22:29:03,911 [MainThread] INFO HDF5Dataset - Number of patches: 27
2025-05-06 22:29:03,911 [MainThread] INFO HDF5Dataset - Using LazyHDF5Dataset
2025-05-06 22:29:03,912 [MainThread] INFO HDF5Dataset - Loading train set from: /radraid/blchau/data/UCLA/preprocessed/isotropic_train/0479_0000.h5...
2025-05-06 22:29:03,925 [MainThread] INFO Dataset - Slice builder config: {'name': 'SliceBuilder', 'patch_shape': [128, 128, 128], 'stride_shape': [128, 128, 128]}
2025-05-06 22:29:03,926 [MainThread] INFO HDF5Dataset - Number of patches: 27
2025-05-06 22:29:03,926 [MainThread] INFO HDF5Dataset - Using LazyHDF5Dataset
2025-05-06 22:29:03,926 [MainThread] INFO HDF5Dataset - Loading train set from: /radraid/blchau/data/UCLA/preprocessed/isotropic_train/0373_0000.h5...
2025-05-06 22:29:03,948 [MainThread] INFO Dataset - Slice builder config: {'name': 'SliceBuilder', 'patch_shape': [128, 128, 128], 'stride_shape': [128, 128, 128]}
2025-05-06 22:29:03,950 [MainThread] INFO HDF5Dataset - Number of patches: 48
2025-05-06 22:29:03,950 [MainThread] INFO HDF5Dataset - Using LazyHDF5Dataset
2025-05-06 22:29:03,950 [MainThread] INFO HDF5Dataset - Loading train set from: /radraid/blchau/data/UCLA/preprocessed/isotropic_train/0095_0000.h5...
2025-05-06 22:29:03,971 [MainThread] INFO Dataset - Slice builder config: {'name': 'SliceBuilder', 'patch_shape': [128, 128, 128], 'stride_shape': [128, 128, 128]}
2025-05-06 22:29:03,974 [MainThread] INFO HDF5Dataset - Number of patches: 27
2025-05-06 22:29:03,974 [MainThread] INFO HDF5Dataset - Using LazyHDF5Dataset
2025-05-06 22:29:03,974 [MainThread] INFO HDF5Dataset - Loading train set from: /radraid/blchau/data/UCLA/preprocessed/isotropic_train/0437_0000.h5...
2025-05-06 22:29:03,993 [MainThread] INFO Dataset - Slice builder config: {'name': 'SliceBuilder', 'patch_shape': [128, 128, 128], 'stride_shape': [128, 128, 128]}
2025-05-06 22:29:03,994 [MainThread] INFO HDF5Dataset - Number of patches: 18
2025-05-06 22:29:03,994 [MainThread] INFO HDF5Dataset - Using LazyHDF5Dataset
2025-05-06 22:29:03,994 [MainThread] INFO HDF5Dataset - Loading train set from: /radraid/blchau/data/UCLA/preprocessed/isotropic_train/0292_0000.h5...
2025-05-06 22:29:04,010 [MainThread] INFO Dataset - Slice builder config: {'name': 'SliceBuilder', 'patch_shape': [128, 128, 128], 'stride_shape': [128, 128, 128]}
2025-05-06 22:29:04,013 [MainThread] INFO HDF5Dataset - Number of patches: 48
2025-05-06 22:29:04,013 [MainThread] INFO HDF5Dataset - Using LazyHDF5Dataset
2025-05-06 22:29:04,013 [MainThread] INFO HDF5Dataset - Loading train set from: /radraid/blchau/data/UCLA/preprocessed/isotropic_train/0228_0000.h5...
2025-05-06 22:29:04,032 [MainThread] INFO Dataset - Slice builder config: {'name': 'SliceBuilder', 'patch_shape': [128, 128, 128], 'stride_shape': [128, 128, 128]}
2025-05-06 22:29:04,034 [MainThread] INFO HDF5Dataset - Number of patches: 36
2025-05-06 22:29:04,035 [MainThread] INFO HDF5Dataset - Using LazyHDF5Dataset
2025-05-06 22:29:04,035 [MainThread] INFO HDF5Dataset - Loading train set from: /radraid/blchau/data/UCLA/preprocessed/isotropic_train/0429_0000.h5...
2025-05-06 22:29:04,052 [MainThread] INFO Dataset - Slice builder config: {'name': 'SliceBuilder', 'patch_shape': [128, 128, 128], 'stride_shape': [128, 128, 128]}
2025-05-06 22:29:04,054 [MainThread] INFO HDF5Dataset - Number of patches: 27
2025-05-06 22:29:04,054 [MainThread] INFO HDF5Dataset - Using LazyHDF5Dataset
2025-05-06 22:29:04,054 [MainThread] INFO HDF5Dataset - Loading train set from: /radraid/blchau/data/UCLA/preprocessed/isotropic_train/0058_0000.h5...
2025-05-06 22:29:04,072 [MainThread] INFO Dataset - Slice builder config: {'name': 'SliceBuilder', 'patch_shape': [128, 128, 128], 'stride_shape': [128, 128, 128]}
2025-05-06 22:29:04,074 [MainThread] INFO HDF5Dataset - Number of patches: 27
2025-05-06 22:29:04,074 [MainThread] INFO HDF5Dataset - Using LazyHDF5Dataset
2025-05-06 22:29:04,074 [MainThread] INFO HDF5Dataset - Loading train set from: /radraid/blchau/data/UCLA/preprocessed/isotropic_train/0234_0000.h5...
2025-05-06 22:29:04,095 [MainThread] INFO Dataset - Slice builder config: {'name': 'SliceBuilder', 'patch_shape': [128, 128, 128], 'stride_shape': [128, 128, 128]}
2025-05-06 22:29:04,097 [MainThread] INFO HDF5Dataset - Number of patches: 18
2025-05-06 22:29:04,097 [MainThread] INFO HDF5Dataset - Using LazyHDF5Dataset
2025-05-06 22:29:04,097 [MainThread] INFO HDF5Dataset - Loading train set from: /radraid/blchau/data/UCLA/preprocessed/isotropic_train/0045_0000.h5...
2025-05-06 22:29:04,121 [MainThread] INFO Dataset - Slice builder config: {'name': 'SliceBuilder', 'patch_shape': [128, 128, 128], 'stride_shape': [128, 128, 128]}
2025-05-06 22:29:04,122 [MainThread] INFO HDF5Dataset - Number of patches: 27
2025-05-06 22:29:04,123 [MainThread] INFO HDF5Dataset - Using LazyHDF5Dataset
2025-05-06 22:29:04,123 [MainThread] INFO HDF5Dataset - Loading train set from: /radraid/blchau/data/UCLA/preprocessed/isotropic_train/0320_0000.h5...
2025-05-06 22:29:04,147 [MainThread] INFO Dataset - Slice builder config: {'name': 'SliceBuilder', 'patch_shape': [128, 128, 128], 'stride_shape': [128, 128, 128]}
2025-05-06 22:29:04,149 [MainThread] INFO HDF5Dataset - Number of patches: 27
2025-05-06 22:29:04,149 [MainThread] INFO HDF5Dataset - Using LazyHDF5Dataset
2025-05-06 22:29:04,149 [MainThread] INFO HDF5Dataset - Loading train set from: /radraid/blchau/data/UCLA/preprocessed/isotropic_train/0349_0000.h5...
2025-05-06 22:29:04,172 [MainThread] INFO Dataset - Slice builder config: {'name': 'SliceBuilder', 'patch_shape': [128, 128, 128], 'stride_shape': [128, 128, 128]}
2025-05-06 22:29:04,173 [MainThread] INFO HDF5Dataset - Number of patches: 18
2025-05-06 22:29:04,173 [MainThread] INFO HDF5Dataset - Using LazyHDF5Dataset
2025-05-06 22:29:04,173 [MainThread] INFO HDF5Dataset - Loading train set from: /radraid/blchau/data/UCLA/preprocessed/isotropic_train/0040_0000.h5...
2025-05-06 22:29:04,197 [MainThread] INFO Dataset - Slice builder config: {'name': 'SliceBuilder', 'patch_shape': [128, 128, 128], 'stride_shape': [128, 128, 128]}
2025-05-06 22:29:04,199 [MainThread] INFO HDF5Dataset - Number of patches: 18
2025-05-06 22:29:04,199 [MainThread] INFO HDF5Dataset - Using LazyHDF5Dataset
2025-05-06 22:29:04,199 [MainThread] INFO HDF5Dataset - Loading train set from: /radraid/blchau/data/UCLA/preprocessed/isotropic_train/0340_0000.h5...
2025-05-06 22:29:04,221 [MainThread] INFO Dataset - Slice builder config: {'name': 'SliceBuilder', 'patch_shape': [128, 128, 128], 'stride_shape': [128, 128, 128]}
2025-05-06 22:29:04,225 [MainThread] INFO HDF5Dataset - Number of patches: 80
2025-05-06 22:29:04,225 [MainThread] INFO HDF5Dataset - Using LazyHDF5Dataset
2025-05-06 22:29:04,225 [MainThread] INFO HDF5Dataset - Loading train set from: /radraid/blchau/data/UCLA/preprocessed/isotropic_train/0305_0000.h5...
2025-05-06 22:29:04,246 [MainThread] INFO Dataset - Slice builder config: {'name': 'SliceBuilder', 'patch_shape': [128, 128, 128], 'stride_shape': [128, 128, 128]}
2025-05-06 22:29:04,249 [MainThread] INFO HDF5Dataset - Number of patches: 48
2025-05-06 22:29:04,249 [MainThread] INFO HDF5Dataset - Using LazyHDF5Dataset
2025-05-06 22:29:04,249 [MainThread] INFO HDF5Dataset - Loading train set from: /radraid/blchau/data/UCLA/preprocessed/isotropic_train/0101_0000.h5...
2025-05-06 22:29:04,269 [MainThread] INFO Dataset - Slice builder config: {'name': 'SliceBuilder', 'patch_shape': [128, 128, 128], 'stride_shape': [128, 128, 128]}
2025-05-06 22:29:04,271 [MainThread] INFO HDF5Dataset - Number of patches: 27
2025-05-06 22:29:04,271 [MainThread] INFO HDF5Dataset - Using LazyHDF5Dataset
2025-05-06 22:29:04,271 [MainThread] INFO HDF5Dataset - Loading train set from: /radraid/blchau/data/UCLA/preprocessed/isotropic_train/0166_0000.h5...
2025-05-06 22:29:04,291 [MainThread] INFO Dataset - Slice builder config: {'name': 'SliceBuilder', 'patch_shape': [128, 128, 128], 'stride_shape': [128, 128, 128]}
2025-05-06 22:29:04,293 [MainThread] INFO HDF5Dataset - Number of patches: 32
2025-05-06 22:29:04,293 [MainThread] INFO HDF5Dataset - Using LazyHDF5Dataset
2025-05-06 22:29:04,293 [MainThread] INFO HDF5Dataset - Loading train set from: /radraid/blchau/data/UCLA/preprocessed/isotropic_train/0215_0000.h5...
2025-05-06 22:29:04,314 [MainThread] INFO Dataset - Slice builder config: {'name': 'SliceBuilder', 'patch_shape': [128, 128, 128], 'stride_shape': [128, 128, 128]}
2025-05-06 22:29:04,317 [MainThread] INFO HDF5Dataset - Number of patches: 48
2025-05-06 22:29:04,317 [MainThread] INFO HDF5Dataset - Using LazyHDF5Dataset
2025-05-06 22:29:04,317 [MainThread] INFO HDF5Dataset - Loading train set from: /radraid/blchau/data/UCLA/preprocessed/isotropic_train/0449_0000.h5...
2025-05-06 22:29:04,338 [MainThread] INFO Dataset - Slice builder config: {'name': 'SliceBuilder', 'patch_shape': [128, 128, 128], 'stride_shape': [128, 128, 128]}
2025-05-06 22:29:04,340 [MainThread] INFO HDF5Dataset - Number of patches: 36
2025-05-06 22:29:04,340 [MainThread] INFO HDF5Dataset - Using LazyHDF5Dataset
2025-05-06 22:29:04,340 [MainThread] INFO HDF5Dataset - Loading train set from: /radraid/blchau/data/UCLA/preprocessed/isotropic_train/0041_0000.h5...
2025-05-06 22:29:04,361 [MainThread] INFO Dataset - Slice builder config: {'name': 'SliceBuilder', 'patch_shape': [128, 128, 128], 'stride_shape': [128, 128, 128]}
2025-05-06 22:29:04,364 [MainThread] INFO HDF5Dataset - Number of patches: 48
2025-05-06 22:29:04,364 [MainThread] INFO HDF5Dataset - Using LazyHDF5Dataset
2025-05-06 22:29:04,364 [MainThread] INFO HDF5Dataset - Loading train set from: /radraid/blchau/data/UCLA/preprocessed/isotropic_train/0316_0000.h5...
2025-05-06 22:29:04,386 [MainThread] INFO Dataset - Slice builder config: {'name': 'SliceBuilder', 'patch_shape': [128, 128, 128], 'stride_shape': [128, 128, 128]}
2025-05-06 22:29:04,391 [MainThread] INFO HDF5Dataset - Number of patches: 80
2025-05-06 22:29:04,391 [MainThread] INFO HDF5Dataset - Using LazyHDF5Dataset
2025-05-06 22:29:04,391 [MainThread] INFO HDF5Dataset - Loading train set from: /radraid/blchau/data/UCLA/preprocessed/isotropic_train/0468_0000.h5...
2025-05-06 22:29:04,412 [MainThread] INFO Dataset - Slice builder config: {'name': 'SliceBuilder', 'patch_shape': [128, 128, 128], 'stride_shape': [128, 128, 128]}
2025-05-06 22:29:04,414 [MainThread] INFO HDF5Dataset - Number of patches: 48
2025-05-06 22:29:04,415 [MainThread] INFO HDF5Dataset - Using LazyHDF5Dataset
2025-05-06 22:29:04,415 [MainThread] INFO HDF5Dataset - Loading train set from: /radraid/blchau/data/UCLA/preprocessed/isotropic_train/0147_0000.h5...
2025-05-06 22:29:04,435 [MainThread] INFO Dataset - Slice builder config: {'name': 'SliceBuilder', 'patch_shape': [128, 128, 128], 'stride_shape': [128, 128, 128]}
2025-05-06 22:29:04,437 [MainThread] INFO HDF5Dataset - Number of patches: 32
2025-05-06 22:29:04,438 [MainThread] INFO HDF5Dataset - Using LazyHDF5Dataset
2025-05-06 22:29:04,438 [MainThread] INFO HDF5Dataset - Loading train set from: /radraid/blchau/data/UCLA/preprocessed/isotropic_train/0078_0000.h5...
2025-05-06 22:29:04,460 [MainThread] INFO Dataset - Slice builder config: {'name': 'SliceBuilder', 'patch_shape': [128, 128, 128], 'stride_shape': [128, 128, 128]}
2025-05-06 22:29:04,464 [MainThread] INFO HDF5Dataset - Number of patches: 48
2025-05-06 22:29:04,464 [MainThread] INFO HDF5Dataset - Using LazyHDF5Dataset
2025-05-06 22:29:04,464 [MainThread] INFO HDF5Dataset - Loading train set from: /radraid/blchau/data/UCLA/preprocessed/isotropic_train/0061_0000.h5...
2025-05-06 22:29:04,485 [MainThread] INFO Dataset - Slice builder config: {'name': 'SliceBuilder', 'patch_shape': [128, 128, 128], 'stride_shape': [128, 128, 128]}
2025-05-06 22:29:04,491 [MainThread] INFO HDF5Dataset - Number of patches: 112
2025-05-06 22:29:04,491 [MainThread] INFO HDF5Dataset - Using LazyHDF5Dataset
2025-05-06 22:29:04,491 [MainThread] INFO HDF5Dataset - Loading train set from: /radraid/blchau/data/UCLA/preprocessed/isotropic_train/0060_0000.h5...
2025-05-06 22:29:04,512 [MainThread] INFO Dataset - Slice builder config: {'name': 'SliceBuilder', 'patch_shape': [128, 128, 128], 'stride_shape': [128, 128, 128]}
2025-05-06 22:29:04,513 [MainThread] INFO HDF5Dataset - Number of patches: 27
2025-05-06 22:29:04,514 [MainThread] INFO HDF5Dataset - Using LazyHDF5Dataset
2025-05-06 22:29:04,514 [MainThread] INFO HDF5Dataset - Loading train set from: /radraid/blchau/data/UCLA/preprocessed/isotropic_train/0022_0000.h5...
2025-05-06 22:29:04,534 [MainThread] INFO Dataset - Slice builder config: {'name': 'SliceBuilder', 'patch_shape': [128, 128, 128], 'stride_shape': [128, 128, 128]}
2025-05-06 22:29:04,536 [MainThread] INFO HDF5Dataset - Number of patches: 18
2025-05-06 22:29:04,536 [MainThread] INFO HDF5Dataset - Using LazyHDF5Dataset
2025-05-06 22:29:04,536 [MainThread] INFO HDF5Dataset - Loading train set from: /radraid/blchau/data/UCLA/preprocessed/isotropic_train/0145_0000.h5...
2025-05-06 22:29:04,556 [MainThread] INFO Dataset - Slice builder config: {'name': 'SliceBuilder', 'patch_shape': [128, 128, 128], 'stride_shape': [128, 128, 128]}
2025-05-06 22:29:04,559 [MainThread] INFO HDF5Dataset - Number of patches: 36
2025-05-06 22:29:04,559 [MainThread] INFO HDF5Dataset - Using LazyHDF5Dataset
2025-05-06 22:29:04,559 [MainThread] INFO HDF5Dataset - Loading train set from: /radraid/blchau/data/UCLA/preprocessed/isotropic_train/0115_0000.h5...
2025-05-06 22:29:04,581 [MainThread] INFO Dataset - Slice builder config: {'name': 'SliceBuilder', 'patch_shape': [128, 128, 128], 'stride_shape': [128, 128, 128]}
2025-05-06 22:29:04,583 [MainThread] INFO HDF5Dataset - Number of patches: 27
2025-05-06 22:29:04,583 [MainThread] INFO HDF5Dataset - Using LazyHDF5Dataset
2025-05-06 22:29:04,583 [MainThread] INFO HDF5Dataset - Loading train set from: /radraid/blchau/data/UCLA/preprocessed/isotropic_train/0464_0000.h5...
2025-05-06 22:29:04,604 [MainThread] INFO Dataset - Slice builder config: {'name': 'SliceBuilder', 'patch_shape': [128, 128, 128], 'stride_shape': [128, 128, 128]}
2025-05-06 22:29:04,606 [MainThread] INFO HDF5Dataset - Number of patches: 32
2025-05-06 22:29:04,606 [MainThread] INFO HDF5Dataset - Using LazyHDF5Dataset
2025-05-06 22:29:04,606 [MainThread] INFO HDF5Dataset - Loading train set from: /radraid/blchau/data/UCLA/preprocessed/isotropic_train/0196_0000.h5...
2025-05-06 22:29:04,630 [MainThread] INFO Dataset - Slice builder config: {'name': 'SliceBuilder', 'patch_shape': [128, 128, 128], 'stride_shape': [128, 128, 128]}
2025-05-06 22:29:04,633 [MainThread] INFO HDF5Dataset - Number of patches: 48
2025-05-06 22:29:04,633 [MainThread] INFO HDF5Dataset - Using LazyHDF5Dataset
2025-05-06 22:29:04,633 [MainThread] INFO HDF5Dataset - Loading train set from: /radraid/blchau/data/UCLA/preprocessed/isotropic_train/0238_0000.h5...
2025-05-06 22:29:04,667 [MainThread] INFO Dataset - Slice builder config: {'name': 'SliceBuilder', 'patch_shape': [128, 128, 128], 'stride_shape': [128, 128, 128]}
2025-05-06 22:29:04,670 [MainThread] INFO HDF5Dataset - Number of patches: 125
2025-05-06 22:29:04,670 [MainThread] INFO HDF5Dataset - Using LazyHDF5Dataset
2025-05-06 22:29:04,670 [MainThread] INFO HDF5Dataset - Loading train set from: /radraid/blchau/data/UCLA/preprocessed/isotropic_train/0191_0000.h5...
2025-05-06 22:29:04,686 [MainThread] INFO Dataset - Slice builder config: {'name': 'SliceBuilder', 'patch_shape': [128, 128, 128], 'stride_shape': [128, 128, 128]}
2025-05-06 22:29:04,687 [MainThread] INFO HDF5Dataset - Number of patches: 27
2025-05-06 22:29:04,687 [MainThread] INFO HDF5Dataset - Using LazyHDF5Dataset
2025-05-06 22:29:04,687 [MainThread] INFO HDF5Dataset - Loading train set from: /radraid/blchau/data/UCLA/preprocessed/isotropic_train/0143_0000.h5...
2025-05-06 22:29:04,701 [MainThread] INFO Dataset - Slice builder config: {'name': 'SliceBuilder', 'patch_shape': [128, 128, 128], 'stride_shape': [128, 128, 128]}
2025-05-06 22:29:04,702 [MainThread] INFO HDF5Dataset - Number of patches: 36
2025-05-06 22:29:04,702 [MainThread] INFO HDF5Dataset - Using LazyHDF5Dataset
2025-05-06 22:29:04,702 [MainThread] INFO HDF5Dataset - Loading train set from: /radraid/blchau/data/UCLA/preprocessed/isotropic_train/0042_0000.h5...
2025-05-06 22:29:04,715 [MainThread] INFO Dataset - Slice builder config: {'name': 'SliceBuilder', 'patch_shape': [128, 128, 128], 'stride_shape': [128, 128, 128]}
2025-05-06 22:29:04,716 [MainThread] INFO HDF5Dataset - Number of patches: 18
2025-05-06 22:29:04,716 [MainThread] INFO HDF5Dataset - Using LazyHDF5Dataset
2025-05-06 22:29:04,716 [MainThread] INFO HDF5Dataset - Loading train set from: /radraid/blchau/data/UCLA/preprocessed/isotropic_train/0224_0000.h5...
2025-05-06 22:29:04,732 [MainThread] INFO Dataset - Slice builder config: {'name': 'SliceBuilder', 'patch_shape': [128, 128, 128], 'stride_shape': [128, 128, 128]}
2025-05-06 22:29:04,733 [MainThread] INFO HDF5Dataset - Number of patches: 32
2025-05-06 22:29:04,734 [MainThread] INFO HDF5Dataset - Using LazyHDF5Dataset
2025-05-06 22:29:04,734 [MainThread] INFO HDF5Dataset - Loading train set from: /radraid/blchau/data/UCLA/preprocessed/isotropic_train/0452_0000.h5...
2025-05-06 22:29:04,754 [MainThread] INFO Dataset - Slice builder config: {'name': 'SliceBuilder', 'patch_shape': [128, 128, 128], 'stride_shape': [128, 128, 128]}
2025-05-06 22:29:04,757 [MainThread] INFO HDF5Dataset - Number of patches: 48
2025-05-06 22:29:04,757 [MainThread] INFO HDF5Dataset - Using LazyHDF5Dataset
2025-05-06 22:29:04,757 [MainThread] INFO HDF5Dataset - Loading train set from: /radraid/blchau/data/UCLA/preprocessed/isotropic_train/0049_0000.h5...
2025-05-06 22:29:04,780 [MainThread] INFO Dataset - Slice builder config: {'name': 'SliceBuilder', 'patch_shape': [128, 128, 128], 'stride_shape': [128, 128, 128]}
2025-05-06 22:29:04,782 [MainThread] INFO HDF5Dataset - Number of patches: 27
2025-05-06 22:29:04,782 [MainThread] INFO HDF5Dataset - Using LazyHDF5Dataset
2025-05-06 22:29:04,782 [MainThread] INFO HDF5Dataset - Loading train set from: /radraid/blchau/data/UCLA/preprocessed/isotropic_train/0356_0000.h5...
2025-05-06 22:29:04,807 [MainThread] INFO Dataset - Slice builder config: {'name': 'SliceBuilder', 'patch_shape': [128, 128, 128], 'stride_shape': [128, 128, 128]}
2025-05-06 22:29:04,809 [MainThread] INFO HDF5Dataset - Number of patches: 27
2025-05-06 22:29:04,809 [MainThread] INFO HDF5Dataset - Using LazyHDF5Dataset
2025-05-06 22:29:04,809 [MainThread] INFO HDF5Dataset - Loading train set from: /radraid/blchau/data/UCLA/preprocessed/isotropic_train/0374_0000.h5...
2025-05-06 22:29:04,830 [MainThread] INFO Dataset - Slice builder config: {'name': 'SliceBuilder', 'patch_shape': [128, 128, 128], 'stride_shape': [128, 128, 128]}
2025-05-06 22:29:04,833 [MainThread] INFO HDF5Dataset - Number of patches: 48
2025-05-06 22:29:04,833 [MainThread] INFO HDF5Dataset - Using LazyHDF5Dataset
2025-05-06 22:29:04,833 [MainThread] INFO HDF5Dataset - Loading train set from: /radraid/blchau/data/UCLA/preprocessed/isotropic_train/0146_0000.h5...
2025-05-06 22:29:04,857 [MainThread] INFO Dataset - Slice builder config: {'name': 'SliceBuilder', 'patch_shape': [128, 128, 128], 'stride_shape': [128, 128, 128]}
2025-05-06 22:29:04,859 [MainThread] INFO HDF5Dataset - Number of patches: 27
2025-05-06 22:29:04,859 [MainThread] INFO HDF5Dataset - Using LazyHDF5Dataset
2025-05-06 22:29:04,859 [MainThread] INFO HDF5Dataset - Loading train set from: /radraid/blchau/data/UCLA/preprocessed/isotropic_train/0098_0000.h5...
2025-05-06 22:29:04,882 [MainThread] INFO Dataset - Slice builder config: {'name': 'SliceBuilder', 'patch_shape': [128, 128, 128], 'stride_shape': [128, 128, 128]}
2025-05-06 22:29:04,885 [MainThread] INFO HDF5Dataset - Number of patches: 48
2025-05-06 22:29:04,885 [MainThread] INFO HDF5Dataset - Using LazyHDF5Dataset
2025-05-06 22:29:04,885 [MainThread] INFO HDF5Dataset - Loading train set from: /radraid/blchau/data/UCLA/preprocessed/isotropic_train/0401_0000.h5...
2025-05-06 22:29:04,904 [MainThread] INFO Dataset - Slice builder config: {'name': 'SliceBuilder', 'patch_shape': [128, 128, 128], 'stride_shape': [128, 128, 128]}
2025-05-06 22:29:04,906 [MainThread] INFO HDF5Dataset - Number of patches: 18
2025-05-06 22:29:04,906 [MainThread] INFO HDF5Dataset - Using LazyHDF5Dataset
2025-05-06 22:29:04,906 [MainThread] INFO HDF5Dataset - Loading train set from: /radraid/blchau/data/UCLA/preprocessed/isotropic_train/0137_0000.h5...
2025-05-06 22:29:04,927 [MainThread] INFO Dataset - Slice builder config: {'name': 'SliceBuilder', 'patch_shape': [128, 128, 128], 'stride_shape': [128, 128, 128]}
2025-05-06 22:29:04,932 [MainThread] INFO HDF5Dataset - Number of patches: 80
2025-05-06 22:29:04,933 [MainThread] INFO HDF5Dataset - Using LazyHDF5Dataset
2025-05-06 22:29:04,933 [MainThread] INFO HDF5Dataset - Loading train set from: /radraid/blchau/data/UCLA/preprocessed/isotropic_train/0198_0000.h5...
2025-05-06 22:29:04,954 [MainThread] INFO Dataset - Slice builder config: {'name': 'SliceBuilder', 'patch_shape': [128, 128, 128], 'stride_shape': [128, 128, 128]}
2025-05-06 22:29:04,955 [MainThread] INFO HDF5Dataset - Number of patches: 18
2025-05-06 22:29:04,955 [MainThread] INFO HDF5Dataset - Using LazyHDF5Dataset
2025-05-06 22:29:04,955 [MainThread] INFO HDF5Dataset - Loading train set from: /radraid/blchau/data/UCLA/preprocessed/isotropic_train/0335_0000.h5...
2025-05-06 22:29:04,974 [MainThread] INFO Dataset - Slice builder config: {'name': 'SliceBuilder', 'patch_shape': [128, 128, 128], 'stride_shape': [128, 128, 128]}
2025-05-06 22:29:04,976 [MainThread] INFO HDF5Dataset - Number of patches: 27
2025-05-06 22:29:04,976 [MainThread] INFO HDF5Dataset - Using LazyHDF5Dataset
2025-05-06 22:29:04,976 [MainThread] INFO HDF5Dataset - Loading train set from: /radraid/blchau/data/UCLA/preprocessed/isotropic_train/0253_0000.h5...
2025-05-06 22:29:04,994 [MainThread] INFO Dataset - Slice builder config: {'name': 'SliceBuilder', 'patch_shape': [128, 128, 128], 'stride_shape': [128, 128, 128]}
2025-05-06 22:29:04,995 [MainThread] INFO HDF5Dataset - Number of patches: 18
2025-05-06 22:29:04,996 [MainThread] INFO HDF5Dataset - Using LazyHDF5Dataset
2025-05-06 22:29:04,996 [MainThread] INFO HDF5Dataset - Loading train set from: /radraid/blchau/data/UCLA/preprocessed/isotropic_train/0067_0000.h5...
2025-05-06 22:29:05,014 [MainThread] INFO Dataset - Slice builder config: {'name': 'SliceBuilder', 'patch_shape': [128, 128, 128], 'stride_shape': [128, 128, 128]}
2025-05-06 22:29:05,016 [MainThread] INFO HDF5Dataset - Number of patches: 36
2025-05-06 22:29:05,016 [MainThread] INFO HDF5Dataset - Using LazyHDF5Dataset
2025-05-06 22:29:05,017 [MainThread] INFO HDF5Dataset - Loading train set from: /radraid/blchau/data/UCLA/preprocessed/isotropic_train/0027_0000.h5...
2025-05-06 22:29:05,034 [MainThread] INFO Dataset - Slice builder config: {'name': 'SliceBuilder', 'patch_shape': [128, 128, 128], 'stride_shape': [128, 128, 128]}
2025-05-06 22:29:05,037 [MainThread] INFO HDF5Dataset - Number of patches: 48
2025-05-06 22:29:05,037 [MainThread] INFO HDF5Dataset - Using LazyHDF5Dataset
2025-05-06 22:29:05,037 [MainThread] INFO HDF5Dataset - Loading train set from: /radraid/blchau/data/UCLA/preprocessed/isotropic_train/0156_0000.h5...
2025-05-06 22:29:05,057 [MainThread] INFO Dataset - Slice builder config: {'name': 'SliceBuilder', 'patch_shape': [128, 128, 128], 'stride_shape': [128, 128, 128]}
2025-05-06 22:29:05,058 [MainThread] INFO HDF5Dataset - Number of patches: 27
2025-05-06 22:29:05,059 [MainThread] INFO HDF5Dataset - Using LazyHDF5Dataset
2025-05-06 22:29:05,059 [MainThread] INFO HDF5Dataset - Loading train set from: /radraid/blchau/data/UCLA/preprocessed/isotropic_train/0427_0000.h5...
2025-05-06 22:29:05,078 [MainThread] INFO Dataset - Slice builder config: {'name': 'SliceBuilder', 'patch_shape': [128, 128, 128], 'stride_shape': [128, 128, 128]}
2025-05-06 22:29:05,080 [MainThread] INFO HDF5Dataset - Number of patches: 18
2025-05-06 22:29:05,080 [MainThread] INFO HDF5Dataset - Using LazyHDF5Dataset
2025-05-06 22:29:05,080 [MainThread] INFO HDF5Dataset - Loading train set from: /radraid/blchau/data/UCLA/preprocessed/isotropic_train/0265_0000.h5...
2025-05-06 22:29:05,100 [MainThread] INFO Dataset - Slice builder config: {'name': 'SliceBuilder', 'patch_shape': [128, 128, 128], 'stride_shape': [128, 128, 128]}
2025-05-06 22:29:05,101 [MainThread] INFO HDF5Dataset - Number of patches: 18
2025-05-06 22:29:05,101 [MainThread] INFO HDF5Dataset - Using LazyHDF5Dataset
2025-05-06 22:29:05,102 [MainThread] INFO HDF5Dataset - Loading train set from: /radraid/blchau/data/UCLA/preprocessed/isotropic_train/0087_0000.h5...
2025-05-06 22:29:05,129 [MainThread] INFO Dataset - Slice builder config: {'name': 'SliceBuilder', 'patch_shape': [128, 128, 128], 'stride_shape': [128, 128, 128]}
2025-05-06 22:29:05,133 [MainThread] INFO HDF5Dataset - Number of patches: 64
2025-05-06 22:29:05,133 [MainThread] INFO HDF5Dataset - Using LazyHDF5Dataset
2025-05-06 22:29:05,133 [MainThread] INFO HDF5Dataset - Loading train set from: /radraid/blchau/data/UCLA/preprocessed/isotropic_train/0448_0000.h5...
2025-05-06 22:29:05,152 [MainThread] INFO Dataset - Slice builder config: {'name': 'SliceBuilder', 'patch_shape': [128, 128, 128], 'stride_shape': [128, 128, 128]}
2025-05-06 22:29:05,153 [MainThread] INFO HDF5Dataset - Number of patches: 18
2025-05-06 22:29:05,153 [MainThread] INFO HDF5Dataset - Using LazyHDF5Dataset
2025-05-06 22:29:05,153 [MainThread] INFO HDF5Dataset - Loading train set from: /radraid/blchau/data/UCLA/preprocessed/isotropic_train/0082_0000.h5...
2025-05-06 22:29:05,171 [MainThread] INFO Dataset - Slice builder config: {'name': 'SliceBuilder', 'patch_shape': [128, 128, 128], 'stride_shape': [128, 128, 128]}
2025-05-06 22:29:05,173 [MainThread] INFO HDF5Dataset - Number of patches: 27
2025-05-06 22:29:05,173 [MainThread] INFO HDF5Dataset - Using LazyHDF5Dataset
2025-05-06 22:29:05,173 [MainThread] INFO HDF5Dataset - Loading train set from: /radraid/blchau/data/UCLA/preprocessed/isotropic_train/0416_0000.h5...
2025-05-06 22:29:05,192 [MainThread] INFO Dataset - Slice builder config: {'name': 'SliceBuilder', 'patch_shape': [128, 128, 128], 'stride_shape': [128, 128, 128]}
2025-05-06 22:29:05,195 [MainThread] INFO HDF5Dataset - Number of patches: 48
2025-05-06 22:29:05,195 [MainThread] INFO HDF5Dataset - Using LazyHDF5Dataset
2025-05-06 22:29:05,195 [MainThread] INFO HDF5Dataset - Loading train set from: /radraid/blchau/data/UCLA/preprocessed/isotropic_train/0271_0000.h5...
2025-05-06 22:29:05,213 [MainThread] INFO Dataset - Slice builder config: {'name': 'SliceBuilder', 'patch_shape': [128, 128, 128], 'stride_shape': [128, 128, 128]}
2025-05-06 22:29:05,215 [MainThread] INFO HDF5Dataset - Number of patches: 27
2025-05-06 22:29:05,215 [MainThread] INFO HDF5Dataset - Using LazyHDF5Dataset
2025-05-06 22:29:05,215 [MainThread] INFO HDF5Dataset - Loading train set from: /radraid/blchau/data/UCLA/preprocessed/isotropic_train/0358_0000.h5...
2025-05-06 22:29:05,241 [MainThread] INFO Dataset - Slice builder config: {'name': 'SliceBuilder', 'patch_shape': [128, 128, 128], 'stride_shape': [128, 128, 128]}
2025-05-06 22:29:05,244 [MainThread] INFO HDF5Dataset - Number of patches: 48
2025-05-06 22:29:05,244 [MainThread] INFO HDF5Dataset - Using LazyHDF5Dataset
2025-05-06 22:29:05,244 [MainThread] INFO HDF5Dataset - Loading train set from: /radraid/blchau/data/UCLA/preprocessed/isotropic_train/0159_0000.h5...
2025-05-06 22:29:05,262 [MainThread] INFO Dataset - Slice builder config: {'name': 'SliceBuilder', 'patch_shape': [128, 128, 128], 'stride_shape': [128, 128, 128]}
2025-05-06 22:29:05,265 [MainThread] INFO HDF5Dataset - Number of patches: 48
2025-05-06 22:29:05,265 [MainThread] INFO HDF5Dataset - Using LazyHDF5Dataset
2025-05-06 22:29:05,266 [MainThread] INFO HDF5Dataset - Loading train set from: /radraid/blchau/data/UCLA/preprocessed/isotropic_train/0079_0000.h5...
2025-05-06 22:29:05,284 [MainThread] INFO Dataset - Slice builder config: {'name': 'SliceBuilder', 'patch_shape': [128, 128, 128], 'stride_shape': [128, 128, 128]}
2025-05-06 22:29:05,287 [MainThread] INFO HDF5Dataset - Number of patches: 48
2025-05-06 22:29:05,287 [MainThread] INFO HDF5Dataset - Using LazyHDF5Dataset
2025-05-06 22:29:05,287 [MainThread] INFO HDF5Dataset - Loading train set from: /radraid/blchau/data/UCLA/preprocessed/isotropic_train/0086_0000.h5...
2025-05-06 22:29:05,308 [MainThread] INFO Dataset - Slice builder config: {'name': 'SliceBuilder', 'patch_shape': [128, 128, 128], 'stride_shape': [128, 128, 128]}
2025-05-06 22:29:05,310 [MainThread] INFO HDF5Dataset - Number of patches: 18
2025-05-06 22:29:05,310 [MainThread] INFO HDF5Dataset - Using LazyHDF5Dataset
2025-05-06 22:29:05,310 [MainThread] INFO HDF5Dataset - Loading train set from: /radraid/blchau/data/UCLA/preprocessed/isotropic_train/0435_0000.h5...
2025-05-06 22:29:05,331 [MainThread] INFO Dataset - Slice builder config: {'name': 'SliceBuilder', 'patch_shape': [128, 128, 128], 'stride_shape': [128, 128, 128]}
2025-05-06 22:29:05,333 [MainThread] INFO HDF5Dataset - Number of patches: 18
2025-05-06 22:29:05,333 [MainThread] INFO HDF5Dataset - Using LazyHDF5Dataset
2025-05-06 22:29:05,333 [MainThread] INFO HDF5Dataset - Loading train set from: /radraid/blchau/data/UCLA/preprocessed/isotropic_train/0381_0000.h5...
2025-05-06 22:29:05,353 [MainThread] INFO Dataset - Slice builder config: {'name': 'SliceBuilder', 'patch_shape': [128, 128, 128], 'stride_shape': [128, 128, 128]}
2025-05-06 22:29:05,355 [MainThread] INFO HDF5Dataset - Number of patches: 27
2025-05-06 22:29:05,355 [MainThread] INFO HDF5Dataset - Using LazyHDF5Dataset
2025-05-06 22:29:05,355 [MainThread] INFO HDF5Dataset - Loading train set from: /radraid/blchau/data/UCLA/preprocessed/isotropic_train/0249_0000.h5...
2025-05-06 22:29:05,402 [MainThread] INFO Dataset - Slice builder config: {'name': 'SliceBuilder', 'patch_shape': [128, 128, 128], 'stride_shape': [128, 128, 128]}
2025-05-06 22:29:05,406 [MainThread] INFO HDF5Dataset - Number of patches: 48
2025-05-06 22:29:05,406 [MainThread] INFO HDF5Dataset - Using LazyHDF5Dataset
2025-05-06 22:29:05,406 [MainThread] INFO HDF5Dataset - Loading train set from: /radraid/blchau/data/UCLA/preprocessed/isotropic_train/0263_0000.h5...
2025-05-06 22:29:05,427 [MainThread] INFO Dataset - Slice builder config: {'name': 'SliceBuilder', 'patch_shape': [128, 128, 128], 'stride_shape': [128, 128, 128]}
2025-05-06 22:29:05,428 [MainThread] INFO HDF5Dataset - Number of patches: 27
2025-05-06 22:29:05,429 [MainThread] INFO HDF5Dataset - Using LazyHDF5Dataset
2025-05-06 22:29:05,429 [MainThread] INFO HDF5Dataset - Loading train set from: /radraid/blchau/data/UCLA/preprocessed/isotropic_train/0456_0000.h5...
2025-05-06 22:29:05,450 [MainThread] INFO Dataset - Slice builder config: {'name': 'SliceBuilder', 'patch_shape': [128, 128, 128], 'stride_shape': [128, 128, 128]}
2025-05-06 22:29:05,452 [MainThread] INFO HDF5Dataset - Number of patches: 27
2025-05-06 22:29:05,452 [MainThread] INFO HDF5Dataset - Using LazyHDF5Dataset
2025-05-06 22:29:05,452 [MainThread] INFO HDF5Dataset - Loading train set from: /radraid/blchau/data/UCLA/preprocessed/isotropic_train/0237_0000.h5...
2025-05-06 22:29:05,473 [MainThread] INFO Dataset - Slice builder config: {'name': 'SliceBuilder', 'patch_shape': [128, 128, 128], 'stride_shape': [128, 128, 128]}
2025-05-06 22:29:05,474 [MainThread] INFO HDF5Dataset - Number of patches: 27
2025-05-06 22:29:05,475 [MainThread] INFO HDF5Dataset - Using LazyHDF5Dataset
2025-05-06 22:29:05,475 [MainThread] INFO HDF5Dataset - Loading train set from: /radraid/blchau/data/UCLA/preprocessed/isotropic_train/0489_0000.h5...
2025-05-06 22:29:05,496 [MainThread] INFO Dataset - Slice builder config: {'name': 'SliceBuilder', 'patch_shape': [128, 128, 128], 'stride_shape': [128, 128, 128]}
2025-05-06 22:29:05,500 [MainThread] INFO HDF5Dataset - Number of patches: 27
2025-05-06 22:29:05,501 [MainThread] INFO HDF5Dataset - Using LazyHDF5Dataset
2025-05-06 22:29:05,501 [MainThread] INFO HDF5Dataset - Loading train set from: /radraid/blchau/data/UCLA/preprocessed/isotropic_train/0252_0000.h5...
2025-05-06 22:29:05,520 [MainThread] INFO Dataset - Slice builder config: {'name': 'SliceBuilder', 'patch_shape': [128, 128, 128], 'stride_shape': [128, 128, 128]}
2025-05-06 22:29:05,522 [MainThread] INFO HDF5Dataset - Number of patches: 48
2025-05-06 22:29:05,522 [MainThread] INFO HDF5Dataset - Using LazyHDF5Dataset
2025-05-06 22:29:05,523 [MainThread] INFO HDF5Dataset - Loading train set from: /radraid/blchau/data/UCLA/preprocessed/isotropic_train/0277_0000.h5...
2025-05-06 22:29:05,541 [MainThread] INFO Dataset - Slice builder config: {'name': 'SliceBuilder', 'patch_shape': [128, 128, 128], 'stride_shape': [128, 128, 128]}
2025-05-06 22:29:05,544 [MainThread] INFO HDF5Dataset - Number of patches: 48
2025-05-06 22:29:05,544 [MainThread] INFO HDF5Dataset - Using LazyHDF5Dataset
2025-05-06 22:29:05,544 [MainThread] INFO HDF5Dataset - Loading train set from: /radraid/blchau/data/UCLA/preprocessed/isotropic_train/0324_0000.h5...
2025-05-06 22:29:05,564 [MainThread] INFO Dataset - Slice builder config: {'name': 'SliceBuilder', 'patch_shape': [128, 128, 128], 'stride_shape': [128, 128, 128]}
2025-05-06 22:29:05,566 [MainThread] INFO HDF5Dataset - Number of patches: 27
2025-05-06 22:29:05,566 [MainThread] INFO HDF5Dataset - Using LazyHDF5Dataset
2025-05-06 22:29:05,566 [MainThread] INFO HDF5Dataset - Loading train set from: /radraid/blchau/data/UCLA/preprocessed/isotropic_train/0209_0000.h5...
2025-05-06 22:29:05,589 [MainThread] INFO Dataset - Slice builder config: {'name': 'SliceBuilder', 'patch_shape': [128, 128, 128], 'stride_shape': [128, 128, 128]}
2025-05-06 22:29:05,591 [MainThread] INFO HDF5Dataset - Number of patches: 27
2025-05-06 22:29:05,591 [MainThread] INFO HDF5Dataset - Using LazyHDF5Dataset
2025-05-06 22:29:05,591 [MainThread] INFO HDF5Dataset - Loading train set from: /radraid/blchau/data/UCLA/preprocessed/isotropic_train/0124_0000.h5...
2025-05-06 22:29:05,615 [MainThread] INFO Dataset - Slice builder config: {'name': 'SliceBuilder', 'patch_shape': [128, 128, 128], 'stride_shape': [128, 128, 128]}
2025-05-06 22:29:05,617 [MainThread] INFO HDF5Dataset - Number of patches: 18
2025-05-06 22:29:05,617 [MainThread] INFO HDF5Dataset - Using LazyHDF5Dataset
2025-05-06 22:29:05,617 [MainThread] INFO HDF5Dataset - Loading train set from: /radraid/blchau/data/UCLA/preprocessed/isotropic_train/0336_0000.h5...
2025-05-06 22:29:05,639 [MainThread] INFO Dataset - Slice builder config: {'name': 'SliceBuilder', 'patch_shape': [128, 128, 128], 'stride_shape': [128, 128, 128]}
2025-05-06 22:29:05,641 [MainThread] INFO HDF5Dataset - Number of patches: 32
2025-05-06 22:29:05,641 [MainThread] INFO HDF5Dataset - Using LazyHDF5Dataset
2025-05-06 22:29:05,641 [MainThread] INFO HDF5Dataset - Loading train set from: /radraid/blchau/data/UCLA/preprocessed/isotropic_train/0304_0000.h5...
2025-05-06 22:29:05,664 [MainThread] INFO Dataset - Slice builder config: {'name': 'SliceBuilder', 'patch_shape': [128, 128, 128], 'stride_shape': [128, 128, 128]}
2025-05-06 22:29:05,666 [MainThread] INFO HDF5Dataset - Number of patches: 27
2025-05-06 22:29:05,666 [MainThread] INFO HDF5Dataset - Using LazyHDF5Dataset
2025-05-06 22:29:05,666 [MainThread] INFO HDF5Dataset - Loading train set from: /radraid/blchau/data/UCLA/preprocessed/isotropic_train/0076_0000.h5...
2025-05-06 22:29:05,683 [MainThread] INFO Dataset - Slice builder config: {'name': 'SliceBuilder', 'patch_shape': [128, 128, 128], 'stride_shape': [128, 128, 128]}
2025-05-06 22:29:05,684 [MainThread] INFO HDF5Dataset - Number of patches: 18
2025-05-06 22:29:05,684 [MainThread] INFO HDF5Dataset - Using LazyHDF5Dataset
2025-05-06 22:29:05,685 [MainThread] INFO HDF5Dataset - Loading train set from: /radraid/blchau/data/UCLA/preprocessed/isotropic_train/0368_0000.h5...
2025-05-06 22:29:05,701 [MainThread] INFO Dataset - Slice builder config: {'name': 'SliceBuilder', 'patch_shape': [128, 128, 128], 'stride_shape': [128, 128, 128]}
2025-05-06 22:29:05,705 [MainThread] INFO HDF5Dataset - Number of patches: 80
2025-05-06 22:29:05,706 [MainThread] INFO HDF5Dataset - Using LazyHDF5Dataset
2025-05-06 22:29:05,706 [MainThread] INFO HDF5Dataset - Loading train set from: /radraid/blchau/data/UCLA/preprocessed/isotropic_train/0175_0000.h5...
2025-05-06 22:29:05,723 [MainThread] INFO Dataset - Slice builder config: {'name': 'SliceBuilder', 'patch_shape': [128, 128, 128], 'stride_shape': [128, 128, 128]}
2025-05-06 22:29:05,726 [MainThread] INFO HDF5Dataset - Number of patches: 48
2025-05-06 22:29:05,726 [MainThread] INFO HDF5Dataset - Using LazyHDF5Dataset
2025-05-06 22:29:05,726 [MainThread] INFO HDF5Dataset - Loading train set from: /radraid/blchau/data/UCLA/preprocessed/isotropic_train/0218_0000.h5...
2025-05-06 22:29:05,743 [MainThread] INFO Dataset - Slice builder config: {'name': 'SliceBuilder', 'patch_shape': [128, 128, 128], 'stride_shape': [128, 128, 128]}
2025-05-06 22:29:05,745 [MainThread] INFO HDF5Dataset - Number of patches: 27
2025-05-06 22:29:05,745 [MainThread] INFO HDF5Dataset - Using LazyHDF5Dataset
2025-05-06 22:29:05,745 [MainThread] INFO HDF5Dataset - Loading train set from: /radraid/blchau/data/UCLA/preprocessed/isotropic_train/0021_0000.h5...
2025-05-06 22:29:05,764 [MainThread] INFO Dataset - Slice builder config: {'name': 'SliceBuilder', 'patch_shape': [128, 128, 128], 'stride_shape': [128, 128, 128]}
2025-05-06 22:29:05,766 [MainThread] INFO HDF5Dataset - Number of patches: 32
2025-05-06 22:29:05,766 [MainThread] INFO HDF5Dataset - Using LazyHDF5Dataset
2025-05-06 22:29:05,766 [MainThread] INFO HDF5Dataset - Loading train set from: /radraid/blchau/data/UCLA/preprocessed/isotropic_train/0466_0000.h5...
2025-05-06 22:29:05,786 [MainThread] INFO Dataset - Slice builder config: {'name': 'SliceBuilder', 'patch_shape': [128, 128, 128], 'stride_shape': [128, 128, 128]}
2025-05-06 22:29:05,787 [MainThread] ERROR HDF5Dataset - Skipping train set: /radraid/blchau/data/UCLA/preprocessed/isotropic_train/0466_0000.h5
Traceback (most recent call last):
  File "/opt/conda/lib/python3.11/site-packages/pytorch3dunet-1.8.7-py3.11.egg/pytorch3dunet/datasets/hdf5.py", line 199, in create_datasets
    dataset = cls(file_path=file_path,
              ^^^^^^^^^^^^^^^^^^^^^^^^
  File "/opt/conda/lib/python3.11/site-packages/pytorch3dunet-1.8.7-py3.11.egg/pytorch3dunet/datasets/hdf5.py", line 266, in __init__
    super().__init__(file_path=file_path, phase=phase, slice_builder_config=slice_builder_config,
  File "/opt/conda/lib/python3.11/site-packages/pytorch3dunet-1.8.7-py3.11.egg/pytorch3dunet/datasets/hdf5.py", line 100, in __init__
    slice_builder = get_slice_builder(raw, label, weight_map, slice_builder_config)
                    ^^^^^^^^^^^^^^^^^^^^^^^^^^^^^^^^^^^^^^^^^^^^^^^^^^^^^^^^^^^^^^^
  File "/opt/conda/lib/python3.11/site-packages/pytorch3dunet-1.8.7-py3.11.egg/pytorch3dunet/datasets/utils.py", line 179, in get_slice_builder
    return slice_builder_cls(raws, labels, weight_maps, **config)
           ^^^^^^^^^^^^^^^^^^^^^^^^^^^^^^^^^^^^^^^^^^^^^^^^^^^^^^
  File "/opt/conda/lib/python3.11/site-packages/pytorch3dunet-1.8.7-py3.11.egg/pytorch3dunet/datasets/utils.py", line 60, in __init__
    self._raw_slices = self._build_slices(raw_dataset, patch_shape, stride_shape)
                       ^^^^^^^^^^^^^^^^^^^^^^^^^^^^^^^^^^^^^^^^^^^^^^^^^^^^^^^^^^
  File "/opt/conda/lib/python3.11/site-packages/pytorch3dunet-1.8.7-py3.11.egg/pytorch3dunet/datasets/utils.py", line 104, in _build_slices
    for z in z_steps:
  File "/opt/conda/lib/python3.11/site-packages/pytorch3dunet-1.8.7-py3.11.egg/pytorch3dunet/datasets/utils.py", line 121, in _gen_indices
    assert i >= k, 'Sample size has to be bigger than the patch size'
           ^^^^^^
AssertionError: Sample size has to be bigger than the patch size
2025-05-06 22:29:05,795 [MainThread] INFO HDF5Dataset - Loading train set from: /radraid/blchau/data/UCLA/preprocessed/isotropic_train/0471_0000.h5...
2025-05-06 22:29:05,814 [MainThread] INFO Dataset - Slice builder config: {'name': 'SliceBuilder', 'patch_shape': [128, 128, 128], 'stride_shape': [128, 128, 128]}
2025-05-06 22:29:05,817 [MainThread] INFO HDF5Dataset - Number of patches: 48
2025-05-06 22:29:05,817 [MainThread] INFO HDF5Dataset - Using LazyHDF5Dataset
2025-05-06 22:29:05,817 [MainThread] INFO HDF5Dataset - Loading train set from: /radraid/blchau/data/UCLA/preprocessed/isotropic_train/0270_0000.h5...
2025-05-06 22:29:05,835 [MainThread] INFO Dataset - Slice builder config: {'name': 'SliceBuilder', 'patch_shape': [128, 128, 128], 'stride_shape': [128, 128, 128]}
2025-05-06 22:29:05,837 [MainThread] INFO HDF5Dataset - Number of patches: 27
2025-05-06 22:29:05,837 [MainThread] INFO HDF5Dataset - Using LazyHDF5Dataset
2025-05-06 22:29:05,837 [MainThread] INFO HDF5Dataset - Loading train set from: /radraid/blchau/data/UCLA/preprocessed/isotropic_train/0260_0000.h5...
2025-05-06 22:29:05,855 [MainThread] INFO Dataset - Slice builder config: {'name': 'SliceBuilder', 'patch_shape': [128, 128, 128], 'stride_shape': [128, 128, 128]}
2025-05-06 22:29:05,858 [MainThread] INFO HDF5Dataset - Number of patches: 48
2025-05-06 22:29:05,858 [MainThread] INFO HDF5Dataset - Using LazyHDF5Dataset
2025-05-06 22:29:05,858 [MainThread] INFO HDF5Dataset - Loading train set from: /radraid/blchau/data/UCLA/preprocessed/isotropic_train/0451_0000.h5...
2025-05-06 22:29:05,876 [MainThread] INFO Dataset - Slice builder config: {'name': 'SliceBuilder', 'patch_shape': [128, 128, 128], 'stride_shape': [128, 128, 128]}
2025-05-06 22:29:05,878 [MainThread] INFO HDF5Dataset - Number of patches: 27
2025-05-06 22:29:05,878 [MainThread] INFO HDF5Dataset - Using LazyHDF5Dataset
2025-05-06 22:29:05,878 [MainThread] INFO HDF5Dataset - Loading train set from: /radraid/blchau/data/UCLA/preprocessed/isotropic_train/0391_0000.h5...
2025-05-06 22:29:05,900 [MainThread] INFO Dataset - Slice builder config: {'name': 'SliceBuilder', 'patch_shape': [128, 128, 128], 'stride_shape': [128, 128, 128]}
2025-05-06 22:29:05,902 [MainThread] INFO HDF5Dataset - Number of patches: 48
2025-05-06 22:29:05,902 [MainThread] INFO HDF5Dataset - Using LazyHDF5Dataset
2025-05-06 22:29:05,903 [MainThread] INFO HDF5Dataset - Loading train set from: /radraid/blchau/data/UCLA/preprocessed/isotropic_train/0469_0000.h5...
2025-05-06 22:29:05,921 [MainThread] INFO Dataset - Slice builder config: {'name': 'SliceBuilder', 'patch_shape': [128, 128, 128], 'stride_shape': [128, 128, 128]}
2025-05-06 22:29:05,923 [MainThread] INFO HDF5Dataset - Number of patches: 32
2025-05-06 22:29:05,923 [MainThread] INFO HDF5Dataset - Using LazyHDF5Dataset
2025-05-06 22:29:05,924 [MainThread] INFO HDF5Dataset - Loading train set from: /radraid/blchau/data/UCLA/preprocessed/isotropic_train/0438_0000.h5...
2025-05-06 22:29:05,940 [MainThread] INFO Dataset - Slice builder config: {'name': 'SliceBuilder', 'patch_shape': [128, 128, 128], 'stride_shape': [128, 128, 128]}
2025-05-06 22:29:05,941 [MainThread] INFO HDF5Dataset - Number of patches: 27
2025-05-06 22:29:05,942 [MainThread] INFO HDF5Dataset - Using LazyHDF5Dataset
2025-05-06 22:29:05,942 [MainThread] INFO HDF5Dataset - Loading train set from: /radraid/blchau/data/UCLA/preprocessed/isotropic_train/0301_0000.h5...
2025-05-06 22:29:05,959 [MainThread] INFO Dataset - Slice builder config: {'name': 'SliceBuilder', 'patch_shape': [128, 128, 128], 'stride_shape': [128, 128, 128]}
2025-05-06 22:29:05,961 [MainThread] INFO HDF5Dataset - Number of patches: 32
2025-05-06 22:29:05,961 [MainThread] INFO HDF5Dataset - Using LazyHDF5Dataset
2025-05-06 22:29:05,961 [MainThread] INFO HDF5Dataset - Loading train set from: /radraid/blchau/data/UCLA/preprocessed/isotropic_train/0484_0000.h5...
2025-05-06 22:29:05,980 [MainThread] INFO Dataset - Slice builder config: {'name': 'SliceBuilder', 'patch_shape': [128, 128, 128], 'stride_shape': [128, 128, 128]}
2025-05-06 22:29:05,981 [MainThread] INFO HDF5Dataset - Number of patches: 18
2025-05-06 22:29:05,981 [MainThread] INFO HDF5Dataset - Using LazyHDF5Dataset
2025-05-06 22:29:05,981 [MainThread] INFO HDF5Dataset - Loading train set from: /radraid/blchau/data/UCLA/preprocessed/isotropic_train/0110_0000.h5...
2025-05-06 22:29:06,003 [MainThread] INFO Dataset - Slice builder config: {'name': 'SliceBuilder', 'patch_shape': [128, 128, 128], 'stride_shape': [128, 128, 128]}
2025-05-06 22:29:06,007 [MainThread] INFO HDF5Dataset - Number of patches: 48
2025-05-06 22:29:06,007 [MainThread] INFO HDF5Dataset - Using LazyHDF5Dataset
2025-05-06 22:29:06,007 [MainThread] INFO HDF5Dataset - Loading train set from: /radraid/blchau/data/UCLA/preprocessed/isotropic_train/0017_0000.h5...
2025-05-06 22:29:06,026 [MainThread] INFO Dataset - Slice builder config: {'name': 'SliceBuilder', 'patch_shape': [128, 128, 128], 'stride_shape': [128, 128, 128]}
2025-05-06 22:29:06,028 [MainThread] INFO HDF5Dataset - Number of patches: 18
2025-05-06 22:29:06,028 [MainThread] INFO HDF5Dataset - Using LazyHDF5Dataset
2025-05-06 22:29:06,028 [MainThread] INFO HDF5Dataset - Loading train set from: /radraid/blchau/data/UCLA/preprocessed/isotropic_train/0430_0000.h5...
2025-05-06 22:29:06,047 [MainThread] INFO Dataset - Slice builder config: {'name': 'SliceBuilder', 'patch_shape': [128, 128, 128], 'stride_shape': [128, 128, 128]}
2025-05-06 22:29:06,048 [MainThread] INFO HDF5Dataset - Number of patches: 18
2025-05-06 22:29:06,048 [MainThread] INFO HDF5Dataset - Using LazyHDF5Dataset
2025-05-06 22:29:06,048 [MainThread] INFO HDF5Dataset - Loading train set from: /radraid/blchau/data/UCLA/preprocessed/isotropic_train/0392_0000.h5...
2025-05-06 22:29:06,065 [MainThread] INFO Dataset - Slice builder config: {'name': 'SliceBuilder', 'patch_shape': [128, 128, 128], 'stride_shape': [128, 128, 128]}
2025-05-06 22:29:06,067 [MainThread] INFO HDF5Dataset - Number of patches: 32
2025-05-06 22:29:06,067 [MainThread] INFO HDF5Dataset - Using LazyHDF5Dataset
2025-05-06 22:29:06,067 [MainThread] INFO HDF5Dataset - Loading train set from: /radraid/blchau/data/UCLA/preprocessed/isotropic_train/0105_0000.h5...
2025-05-06 22:29:06,086 [MainThread] INFO Dataset - Slice builder config: {'name': 'SliceBuilder', 'patch_shape': [128, 128, 128], 'stride_shape': [128, 128, 128]}
2025-05-06 22:29:06,087 [MainThread] INFO HDF5Dataset - Number of patches: 18
2025-05-06 22:29:06,088 [MainThread] INFO HDF5Dataset - Using LazyHDF5Dataset
2025-05-06 22:29:06,088 [MainThread] INFO HDF5Dataset - Loading train set from: /radraid/blchau/data/UCLA/preprocessed/isotropic_train/0120_0000.h5...
2025-05-06 22:29:06,108 [MainThread] INFO Dataset - Slice builder config: {'name': 'SliceBuilder', 'patch_shape': [128, 128, 128], 'stride_shape': [128, 128, 128]}
2025-05-06 22:29:06,110 [MainThread] INFO HDF5Dataset - Number of patches: 36
2025-05-06 22:29:06,110 [MainThread] INFO HDF5Dataset - Using LazyHDF5Dataset
2025-05-06 22:29:06,110 [MainThread] INFO HDF5Dataset - Loading train set from: /radraid/blchau/data/UCLA/preprocessed/isotropic_train/0123_0000.h5...
2025-05-06 22:29:06,131 [MainThread] INFO Dataset - Slice builder config: {'name': 'SliceBuilder', 'patch_shape': [128, 128, 128], 'stride_shape': [128, 128, 128]}
2025-05-06 22:29:06,132 [MainThread] INFO HDF5Dataset - Number of patches: 18
2025-05-06 22:29:06,133 [MainThread] INFO HDF5Dataset - Using LazyHDF5Dataset
2025-05-06 22:29:06,133 [MainThread] INFO HDF5Dataset - Loading train set from: /radraid/blchau/data/UCLA/preprocessed/isotropic_train/0337_0000.h5...
2025-05-06 22:29:06,153 [MainThread] INFO Dataset - Slice builder config: {'name': 'SliceBuilder', 'patch_shape': [128, 128, 128], 'stride_shape': [128, 128, 128]}
2025-05-06 22:29:06,155 [MainThread] INFO HDF5Dataset - Number of patches: 32
2025-05-06 22:29:06,156 [MainThread] INFO HDF5Dataset - Using LazyHDF5Dataset
2025-05-06 22:29:06,156 [MainThread] INFO HDF5Dataset - Loading train set from: /radraid/blchau/data/UCLA/preprocessed/isotropic_train/0220_0000.h5...
2025-05-06 22:29:06,178 [MainThread] INFO Dataset - Slice builder config: {'name': 'SliceBuilder', 'patch_shape': [128, 128, 128], 'stride_shape': [128, 128, 128]}
2025-05-06 22:29:06,180 [MainThread] INFO HDF5Dataset - Number of patches: 18
2025-05-06 22:29:06,180 [MainThread] INFO HDF5Dataset - Using LazyHDF5Dataset
2025-05-06 22:29:06,180 [MainThread] INFO HDF5Dataset - Loading train set from: /radraid/blchau/data/UCLA/preprocessed/isotropic_train/0053_0000.h5...
2025-05-06 22:29:06,199 [MainThread] INFO Dataset - Slice builder config: {'name': 'SliceBuilder', 'patch_shape': [128, 128, 128], 'stride_shape': [128, 128, 128]}
2025-05-06 22:29:06,201 [MainThread] INFO HDF5Dataset - Number of patches: 18
2025-05-06 22:29:06,201 [MainThread] INFO HDF5Dataset - Using LazyHDF5Dataset
2025-05-06 22:29:06,201 [MainThread] INFO HDF5Dataset - Loading train set from: /radraid/blchau/data/UCLA/preprocessed/isotropic_train/0103_0000.h5...
2025-05-06 22:29:06,219 [MainThread] INFO Dataset - Slice builder config: {'name': 'SliceBuilder', 'patch_shape': [128, 128, 128], 'stride_shape': [128, 128, 128]}
2025-05-06 22:29:06,222 [MainThread] INFO HDF5Dataset - Number of patches: 48
2025-05-06 22:29:06,222 [MainThread] INFO HDF5Dataset - Using LazyHDF5Dataset
2025-05-06 22:29:06,222 [MainThread] INFO HDF5Dataset - Loading train set from: /radraid/blchau/data/UCLA/preprocessed/isotropic_train/0205_0000.h5...
2025-05-06 22:29:06,241 [MainThread] INFO Dataset - Slice builder config: {'name': 'SliceBuilder', 'patch_shape': [128, 128, 128], 'stride_shape': [128, 128, 128]}
2025-05-06 22:29:06,243 [MainThread] INFO HDF5Dataset - Number of patches: 48
2025-05-06 22:29:06,244 [MainThread] INFO HDF5Dataset - Using LazyHDF5Dataset
2025-05-06 22:29:06,244 [MainThread] INFO HDF5Dataset - Loading train set from: /radraid/blchau/data/UCLA/preprocessed/isotropic_train/0178_0000.h5...
2025-05-06 22:29:06,262 [MainThread] INFO Dataset - Slice builder config: {'name': 'SliceBuilder', 'patch_shape': [128, 128, 128], 'stride_shape': [128, 128, 128]}
2025-05-06 22:29:06,264 [MainThread] INFO HDF5Dataset - Number of patches: 32
2025-05-06 22:29:06,264 [MainThread] INFO HDF5Dataset - Using LazyHDF5Dataset
2025-05-06 22:29:06,264 [MainThread] INFO HDF5Dataset - Loading train set from: /radraid/blchau/data/UCLA/preprocessed/isotropic_train/0005_0000.h5...
2025-05-06 22:29:06,282 [MainThread] INFO Dataset - Slice builder config: {'name': 'SliceBuilder', 'patch_shape': [128, 128, 128], 'stride_shape': [128, 128, 128]}
2025-05-06 22:29:06,284 [MainThread] INFO HDF5Dataset - Number of patches: 32
2025-05-06 22:29:06,284 [MainThread] INFO HDF5Dataset - Using LazyHDF5Dataset
2025-05-06 22:29:06,284 [MainThread] INFO HDF5Dataset - Loading train set from: /radraid/blchau/data/UCLA/preprocessed/isotropic_train/0369_0000.h5...
2025-05-06 22:29:06,305 [MainThread] INFO Dataset - Slice builder config: {'name': 'SliceBuilder', 'patch_shape': [128, 128, 128], 'stride_shape': [128, 128, 128]}
2025-05-06 22:29:06,308 [MainThread] INFO HDF5Dataset - Number of patches: 64
2025-05-06 22:29:06,308 [MainThread] INFO HDF5Dataset - Using LazyHDF5Dataset
2025-05-06 22:29:06,309 [MainThread] INFO HDF5Dataset - Loading train set from: /radraid/blchau/data/UCLA/preprocessed/isotropic_train/0241_0000.h5...
2025-05-06 22:29:06,326 [MainThread] INFO Dataset - Slice builder config: {'name': 'SliceBuilder', 'patch_shape': [128, 128, 128], 'stride_shape': [128, 128, 128]}
2025-05-06 22:29:06,328 [MainThread] INFO HDF5Dataset - Number of patches: 27
2025-05-06 22:29:06,328 [MainThread] INFO HDF5Dataset - Using LazyHDF5Dataset
2025-05-06 22:29:06,328 [MainThread] INFO HDF5Dataset - Loading train set from: /radraid/blchau/data/UCLA/preprocessed/isotropic_train/0352_0000.h5...
2025-05-06 22:29:06,347 [MainThread] INFO Dataset - Slice builder config: {'name': 'SliceBuilder', 'patch_shape': [128, 128, 128], 'stride_shape': [128, 128, 128]}
2025-05-06 22:29:06,350 [MainThread] INFO HDF5Dataset - Number of patches: 48
2025-05-06 22:29:06,350 [MainThread] INFO HDF5Dataset - Using LazyHDF5Dataset
2025-05-06 22:29:06,350 [MainThread] INFO HDF5Dataset - Loading train set from: /radraid/blchau/data/UCLA/preprocessed/isotropic_train/0222_0000.h5...
2025-05-06 22:29:06,369 [MainThread] INFO Dataset - Slice builder config: {'name': 'SliceBuilder', 'patch_shape': [128, 128, 128], 'stride_shape': [128, 128, 128]}
2025-05-06 22:29:06,370 [MainThread] INFO HDF5Dataset - Number of patches: 18
2025-05-06 22:29:06,370 [MainThread] INFO HDF5Dataset - Using LazyHDF5Dataset
2025-05-06 22:29:06,371 [MainThread] INFO HDF5Dataset - Loading train set from: /radraid/blchau/data/UCLA/preprocessed/isotropic_train/0176_0000.h5...
2025-05-06 22:29:06,391 [MainThread] INFO Dataset - Slice builder config: {'name': 'SliceBuilder', 'patch_shape': [128, 128, 128], 'stride_shape': [128, 128, 128]}
2025-05-06 22:29:06,392 [MainThread] INFO HDF5Dataset - Number of patches: 27
2025-05-06 22:29:06,393 [MainThread] INFO HDF5Dataset - Using LazyHDF5Dataset
2025-05-06 22:29:06,393 [MainThread] INFO HDF5Dataset - Loading train set from: /radraid/blchau/data/UCLA/preprocessed/isotropic_train/0243_0000.h5...
2025-05-06 22:29:06,416 [MainThread] INFO Dataset - Slice builder config: {'name': 'SliceBuilder', 'patch_shape': [128, 128, 128], 'stride_shape': [128, 128, 128]}
2025-05-06 22:29:06,417 [MainThread] INFO HDF5Dataset - Number of patches: 18
2025-05-06 22:29:06,417 [MainThread] INFO HDF5Dataset - Using LazyHDF5Dataset
2025-05-06 22:29:06,417 [MainThread] INFO HDF5Dataset - Loading train set from: /radraid/blchau/data/UCLA/preprocessed/isotropic_train/0020_0000.h5...
2025-05-06 22:29:06,438 [MainThread] INFO Dataset - Slice builder config: {'name': 'SliceBuilder', 'patch_shape': [128, 128, 128], 'stride_shape': [128, 128, 128]}
2025-05-06 22:29:06,440 [MainThread] INFO HDF5Dataset - Number of patches: 27
2025-05-06 22:29:06,440 [MainThread] INFO HDF5Dataset - Using LazyHDF5Dataset
2025-05-06 22:29:06,440 [MainThread] INFO HDF5Dataset - Loading train set from: /radraid/blchau/data/UCLA/preprocessed/isotropic_train/0221_0000.h5...
2025-05-06 22:29:06,460 [MainThread] INFO Dataset - Slice builder config: {'name': 'SliceBuilder', 'patch_shape': [128, 128, 128], 'stride_shape': [128, 128, 128]}
2025-05-06 22:29:06,463 [MainThread] INFO HDF5Dataset - Number of patches: 48
2025-05-06 22:29:06,463 [MainThread] INFO HDF5Dataset - Using LazyHDF5Dataset
2025-05-06 22:29:06,463 [MainThread] INFO HDF5Dataset - Loading train set from: /radraid/blchau/data/UCLA/preprocessed/isotropic_train/0051_0000.h5...
2025-05-06 22:29:06,482 [MainThread] INFO Dataset - Slice builder config: {'name': 'SliceBuilder', 'patch_shape': [128, 128, 128], 'stride_shape': [128, 128, 128]}
2025-05-06 22:29:06,483 [MainThread] INFO HDF5Dataset - Number of patches: 18
2025-05-06 22:29:06,484 [MainThread] INFO HDF5Dataset - Using LazyHDF5Dataset
2025-05-06 22:29:06,484 [MainThread] INFO HDF5Dataset - Loading train set from: /radraid/blchau/data/UCLA/preprocessed/isotropic_train/0230_0000.h5...
2025-05-06 22:29:06,502 [MainThread] INFO Dataset - Slice builder config: {'name': 'SliceBuilder', 'patch_shape': [128, 128, 128], 'stride_shape': [128, 128, 128]}
2025-05-06 22:29:06,503 [MainThread] INFO HDF5Dataset - Number of patches: 18
2025-05-06 22:29:06,503 [MainThread] INFO HDF5Dataset - Using LazyHDF5Dataset
2025-05-06 22:29:06,503 [MainThread] INFO HDF5Dataset - Loading train set from: /radraid/blchau/data/UCLA/preprocessed/isotropic_train/0114_0000.h5...
2025-05-06 22:29:06,522 [MainThread] INFO Dataset - Slice builder config: {'name': 'SliceBuilder', 'patch_shape': [128, 128, 128], 'stride_shape': [128, 128, 128]}
2025-05-06 22:29:06,525 [MainThread] INFO HDF5Dataset - Number of patches: 48
2025-05-06 22:29:06,525 [MainThread] INFO HDF5Dataset - Using LazyHDF5Dataset
2025-05-06 22:29:06,525 [MainThread] INFO HDF5Dataset - Loading train set from: /radraid/blchau/data/UCLA/preprocessed/isotropic_train/0329_0000.h5...
2025-05-06 22:29:06,545 [MainThread] INFO Dataset - Slice builder config: {'name': 'SliceBuilder', 'patch_shape': [128, 128, 128], 'stride_shape': [128, 128, 128]}
2025-05-06 22:29:06,547 [MainThread] INFO HDF5Dataset - Number of patches: 32
2025-05-06 22:29:06,547 [MainThread] INFO HDF5Dataset - Using LazyHDF5Dataset
2025-05-06 22:29:06,547 [MainThread] INFO HDF5Dataset - Loading train set from: /radraid/blchau/data/UCLA/preprocessed/isotropic_train/0267_0000.h5...
2025-05-06 22:29:06,564 [MainThread] INFO Dataset - Slice builder config: {'name': 'SliceBuilder', 'patch_shape': [128, 128, 128], 'stride_shape': [128, 128, 128]}
2025-05-06 22:29:06,566 [MainThread] INFO HDF5Dataset - Number of patches: 27
2025-05-06 22:29:06,566 [MainThread] INFO HDF5Dataset - Using LazyHDF5Dataset
2025-05-06 22:29:06,566 [MainThread] INFO HDF5Dataset - Loading train set from: /radraid/blchau/data/UCLA/preprocessed/isotropic_train/0417_0000.h5...
2025-05-06 22:29:06,585 [MainThread] INFO Dataset - Slice builder config: {'name': 'SliceBuilder', 'patch_shape': [128, 128, 128], 'stride_shape': [128, 128, 128]}
2025-05-06 22:29:06,588 [MainThread] INFO HDF5Dataset - Number of patches: 48
2025-05-06 22:29:06,588 [MainThread] INFO HDF5Dataset - Using LazyHDF5Dataset
2025-05-06 22:29:06,588 [MainThread] INFO HDF5Dataset - Loading train set from: /radraid/blchau/data/UCLA/preprocessed/isotropic_train/0371_0000.h5...
2025-05-06 22:29:06,607 [MainThread] INFO Dataset - Slice builder config: {'name': 'SliceBuilder', 'patch_shape': [128, 128, 128], 'stride_shape': [128, 128, 128]}
2025-05-06 22:29:06,609 [MainThread] INFO HDF5Dataset - Number of patches: 32
2025-05-06 22:29:06,609 [MainThread] INFO HDF5Dataset - Using LazyHDF5Dataset
2025-05-06 22:29:06,609 [MainThread] INFO HDF5Dataset - Loading train set from: /radraid/blchau/data/UCLA/preprocessed/isotropic_train/0307_0000.h5...
2025-05-06 22:29:06,628 [MainThread] INFO Dataset - Slice builder config: {'name': 'SliceBuilder', 'patch_shape': [128, 128, 128], 'stride_shape': [128, 128, 128]}
2025-05-06 22:29:06,629 [MainThread] INFO HDF5Dataset - Number of patches: 18
2025-05-06 22:29:06,629 [MainThread] INFO HDF5Dataset - Using LazyHDF5Dataset
2025-05-06 22:29:06,629 [MainThread] INFO HDF5Dataset - Loading train set from: /radraid/blchau/data/UCLA/preprocessed/isotropic_train/0229_0000.h5...
2025-05-06 22:29:06,647 [MainThread] INFO Dataset - Slice builder config: {'name': 'SliceBuilder', 'patch_shape': [128, 128, 128], 'stride_shape': [128, 128, 128]}
2025-05-06 22:29:06,650 [MainThread] INFO HDF5Dataset - Number of patches: 48
2025-05-06 22:29:06,650 [MainThread] INFO HDF5Dataset - Using LazyHDF5Dataset
2025-05-06 22:29:06,650 [MainThread] INFO HDF5Dataset - Loading train set from: /radraid/blchau/data/UCLA/preprocessed/isotropic_train/0390_0000.h5...
2025-05-06 22:29:06,668 [MainThread] INFO Dataset - Slice builder config: {'name': 'SliceBuilder', 'patch_shape': [128, 128, 128], 'stride_shape': [128, 128, 128]}
2025-05-06 22:29:06,671 [MainThread] INFO HDF5Dataset - Number of patches: 48
2025-05-06 22:29:06,671 [MainThread] INFO HDF5Dataset - Using LazyHDF5Dataset
2025-05-06 22:29:06,671 [MainThread] INFO HDF5Dataset - Loading train set from: /radraid/blchau/data/UCLA/preprocessed/isotropic_train/0459_0000.h5...
2025-05-06 22:29:06,688 [MainThread] INFO Dataset - Slice builder config: {'name': 'SliceBuilder', 'patch_shape': [128, 128, 128], 'stride_shape': [128, 128, 128]}
2025-05-06 22:29:06,690 [MainThread] INFO HDF5Dataset - Number of patches: 27
2025-05-06 22:29:06,690 [MainThread] INFO HDF5Dataset - Using LazyHDF5Dataset
2025-05-06 22:29:06,690 [MainThread] INFO HDF5Dataset - Loading train set from: /radraid/blchau/data/UCLA/preprocessed/isotropic_train/0462_0000.h5...
2025-05-06 22:29:06,709 [MainThread] INFO Dataset - Slice builder config: {'name': 'SliceBuilder', 'patch_shape': [128, 128, 128], 'stride_shape': [128, 128, 128]}
2025-05-06 22:29:06,712 [MainThread] INFO HDF5Dataset - Number of patches: 48
2025-05-06 22:29:06,712 [MainThread] INFO HDF5Dataset - Using LazyHDF5Dataset
2025-05-06 22:29:06,712 [MainThread] INFO HDF5Dataset - Loading train set from: /radraid/blchau/data/UCLA/preprocessed/isotropic_train/0474_0000.h5...
2025-05-06 22:29:06,733 [MainThread] INFO Dataset - Slice builder config: {'name': 'SliceBuilder', 'patch_shape': [128, 128, 128], 'stride_shape': [128, 128, 128]}
2025-05-06 22:29:06,734 [MainThread] INFO HDF5Dataset - Number of patches: 18
2025-05-06 22:29:06,734 [MainThread] INFO HDF5Dataset - Using LazyHDF5Dataset
2025-05-06 22:29:06,735 [MainThread] INFO HDF5Dataset - Loading train set from: /radraid/blchau/data/UCLA/preprocessed/isotropic_train/0306_0000.h5...
2025-05-06 22:29:06,755 [MainThread] INFO Dataset - Slice builder config: {'name': 'SliceBuilder', 'patch_shape': [128, 128, 128], 'stride_shape': [128, 128, 128]}
2025-05-06 22:29:06,756 [MainThread] INFO HDF5Dataset - Number of patches: 18
2025-05-06 22:29:06,757 [MainThread] INFO HDF5Dataset - Using LazyHDF5Dataset
2025-05-06 22:29:06,757 [MainThread] INFO HDF5Dataset - Loading train set from: /radraid/blchau/data/UCLA/preprocessed/isotropic_train/0052_0000.h5...
2025-05-06 22:29:06,775 [MainThread] INFO Dataset - Slice builder config: {'name': 'SliceBuilder', 'patch_shape': [128, 128, 128], 'stride_shape': [128, 128, 128]}
2025-05-06 22:29:06,776 [MainThread] INFO HDF5Dataset - Number of patches: 18
2025-05-06 22:29:06,776 [MainThread] INFO HDF5Dataset - Using LazyHDF5Dataset
2025-05-06 22:29:06,776 [MainThread] INFO HDF5Dataset - Loading train set from: /radraid/blchau/data/UCLA/preprocessed/isotropic_train/0030_0000.h5...
2025-05-06 22:29:06,794 [MainThread] INFO Dataset - Slice builder config: {'name': 'SliceBuilder', 'patch_shape': [128, 128, 128], 'stride_shape': [128, 128, 128]}
2025-05-06 22:29:06,796 [MainThread] INFO HDF5Dataset - Number of patches: 32
2025-05-06 22:29:06,796 [MainThread] INFO HDF5Dataset - Using LazyHDF5Dataset
2025-05-06 22:29:06,796 [MainThread] INFO HDF5Dataset - Loading train set from: /radraid/blchau/data/UCLA/preprocessed/isotropic_train/0455_0000.h5...
2025-05-06 22:29:06,815 [MainThread] INFO Dataset - Slice builder config: {'name': 'SliceBuilder', 'patch_shape': [128, 128, 128], 'stride_shape': [128, 128, 128]}
2025-05-06 22:29:06,817 [MainThread] INFO HDF5Dataset - Number of patches: 27
2025-05-06 22:29:06,818 [MainThread] INFO HDF5Dataset - Using LazyHDF5Dataset
2025-05-06 22:29:06,818 [MainThread] INFO HDF5Dataset - Loading train set from: /radraid/blchau/data/UCLA/preprocessed/isotropic_train/0331_0000.h5...
2025-05-06 22:29:06,839 [MainThread] INFO Dataset - Slice builder config: {'name': 'SliceBuilder', 'patch_shape': [128, 128, 128], 'stride_shape': [128, 128, 128]}
2025-05-06 22:29:06,843 [MainThread] INFO HDF5Dataset - Number of patches: 80
2025-05-06 22:29:06,843 [MainThread] INFO HDF5Dataset - Using LazyHDF5Dataset
2025-05-06 22:29:06,843 [MainThread] INFO HDF5Dataset - Loading train set from: /radraid/blchau/data/UCLA/preprocessed/isotropic_train/0089_0000.h5...
2025-05-06 22:29:06,860 [MainThread] INFO Dataset - Slice builder config: {'name': 'SliceBuilder', 'patch_shape': [128, 128, 128], 'stride_shape': [128, 128, 128]}
2025-05-06 22:29:06,862 [MainThread] INFO HDF5Dataset - Number of patches: 27
2025-05-06 22:29:06,862 [MainThread] INFO HDF5Dataset - Using LazyHDF5Dataset
2025-05-06 22:29:06,862 [MainThread] INFO HDF5Dataset - Loading train set from: /radraid/blchau/data/UCLA/preprocessed/isotropic_train/0050_0000.h5...
2025-05-06 22:29:06,882 [MainThread] INFO Dataset - Slice builder config: {'name': 'SliceBuilder', 'patch_shape': [128, 128, 128], 'stride_shape': [128, 128, 128]}
2025-05-06 22:29:06,883 [MainThread] INFO HDF5Dataset - Number of patches: 18
2025-05-06 22:29:06,884 [MainThread] INFO HDF5Dataset - Using LazyHDF5Dataset
2025-05-06 22:29:06,884 [MainThread] INFO HDF5Dataset - Loading train set from: /radraid/blchau/data/UCLA/preprocessed/isotropic_train/0169_0000.h5...
2025-05-06 22:29:06,905 [MainThread] INFO Dataset - Slice builder config: {'name': 'SliceBuilder', 'patch_shape': [128, 128, 128], 'stride_shape': [128, 128, 128]}
2025-05-06 22:29:06,907 [MainThread] INFO HDF5Dataset - Number of patches: 36
2025-05-06 22:29:06,907 [MainThread] INFO HDF5Dataset - Using LazyHDF5Dataset
2025-05-06 22:29:06,907 [MainThread] INFO HDF5Dataset - Loading train set from: /radraid/blchau/data/UCLA/preprocessed/isotropic_train/0288_0000.h5...
2025-05-06 22:29:06,930 [MainThread] INFO Dataset - Slice builder config: {'name': 'SliceBuilder', 'patch_shape': [128, 128, 128], 'stride_shape': [128, 128, 128]}
2025-05-06 22:29:06,933 [MainThread] INFO HDF5Dataset - Number of patches: 64
2025-05-06 22:29:06,933 [MainThread] INFO HDF5Dataset - Using LazyHDF5Dataset
2025-05-06 22:29:06,933 [MainThread] INFO HDF5Dataset - Loading train set from: /radraid/blchau/data/UCLA/preprocessed/isotropic_train/0423_0000.h5...
2025-05-06 22:29:06,953 [MainThread] INFO Dataset - Slice builder config: {'name': 'SliceBuilder', 'patch_shape': [128, 128, 128], 'stride_shape': [128, 128, 128]}
2025-05-06 22:29:06,954 [MainThread] INFO HDF5Dataset - Number of patches: 18
2025-05-06 22:29:06,954 [MainThread] INFO HDF5Dataset - Using LazyHDF5Dataset
2025-05-06 22:29:06,954 [MainThread] INFO HDF5Dataset - Loading train set from: /radraid/blchau/data/UCLA/preprocessed/isotropic_train/0162_0000.h5...
2025-05-06 22:29:06,972 [MainThread] INFO Dataset - Slice builder config: {'name': 'SliceBuilder', 'patch_shape': [128, 128, 128], 'stride_shape': [128, 128, 128]}
2025-05-06 22:29:06,973 [MainThread] INFO HDF5Dataset - Number of patches: 18
2025-05-06 22:29:06,974 [MainThread] INFO HDF5Dataset - Using LazyHDF5Dataset
2025-05-06 22:29:06,974 [MainThread] INFO HDF5Dataset - Loading train set from: /radraid/blchau/data/UCLA/preprocessed/isotropic_train/0297_0000.h5...
2025-05-06 22:29:06,992 [MainThread] INFO Dataset - Slice builder config: {'name': 'SliceBuilder', 'patch_shape': [128, 128, 128], 'stride_shape': [128, 128, 128]}
2025-05-06 22:29:06,995 [MainThread] INFO HDF5Dataset - Number of patches: 48
2025-05-06 22:29:06,995 [MainThread] INFO HDF5Dataset - Using LazyHDF5Dataset
2025-05-06 22:29:06,995 [MainThread] INFO HDF5Dataset - Loading train set from: /radraid/blchau/data/UCLA/preprocessed/isotropic_train/0418_0000.h5...
2025-05-06 22:29:07,013 [MainThread] INFO Dataset - Slice builder config: {'name': 'SliceBuilder', 'patch_shape': [128, 128, 128], 'stride_shape': [128, 128, 128]}
2025-05-06 22:29:07,016 [MainThread] INFO HDF5Dataset - Number of patches: 48
2025-05-06 22:29:07,016 [MainThread] INFO HDF5Dataset - Using LazyHDF5Dataset
2025-05-06 22:29:07,016 [MainThread] INFO HDF5Dataset - Loading train set from: /radraid/blchau/data/UCLA/preprocessed/isotropic_train/0075_0000.h5...
2025-05-06 22:29:07,034 [MainThread] INFO Dataset - Slice builder config: {'name': 'SliceBuilder', 'patch_shape': [128, 128, 128], 'stride_shape': [128, 128, 128]}
2025-05-06 22:29:07,036 [MainThread] INFO HDF5Dataset - Number of patches: 18
2025-05-06 22:29:07,036 [MainThread] INFO HDF5Dataset - Using LazyHDF5Dataset
2025-05-06 22:29:07,036 [MainThread] INFO HDF5Dataset - Loading train set from: /radraid/blchau/data/UCLA/preprocessed/isotropic_train/0106_0000.h5...
2025-05-06 22:29:07,056 [MainThread] INFO Dataset - Slice builder config: {'name': 'SliceBuilder', 'patch_shape': [128, 128, 128], 'stride_shape': [128, 128, 128]}
2025-05-06 22:29:07,059 [MainThread] INFO HDF5Dataset - Number of patches: 32
2025-05-06 22:29:07,059 [MainThread] INFO HDF5Dataset - Using LazyHDF5Dataset
2025-05-06 22:29:07,060 [MainThread] INFO HDF5Dataset - Loading train set from: /radraid/blchau/data/UCLA/preprocessed/isotropic_train/0013_0000.h5...
2025-05-06 22:29:07,079 [MainThread] INFO Dataset - Slice builder config: {'name': 'SliceBuilder', 'patch_shape': [128, 128, 128], 'stride_shape': [128, 128, 128]}
2025-05-06 22:29:07,345 [MainThread] INFO HDF5Dataset - Number of patches: 54
2025-05-06 22:29:07,346 [MainThread] INFO HDF5Dataset - Using LazyHDF5Dataset
2025-05-06 22:29:07,346 [MainThread] INFO HDF5Dataset - Loading train set from: /radraid/blchau/data/UCLA/preprocessed/isotropic_train/0072_0000.h5...
2025-05-06 22:29:07,358 [MainThread] INFO Dataset - Slice builder config: {'name': 'SliceBuilder', 'patch_shape': [128, 128, 128], 'stride_shape': [128, 128, 128]}
2025-05-06 22:29:07,359 [MainThread] INFO HDF5Dataset - Number of patches: 18
2025-05-06 22:29:07,359 [MainThread] INFO HDF5Dataset - Using LazyHDF5Dataset
2025-05-06 22:29:07,359 [MainThread] INFO HDF5Dataset - Loading train set from: /radraid/blchau/data/UCLA/preprocessed/isotropic_train/0219_0000.h5...
2025-05-06 22:29:07,381 [MainThread] INFO Dataset - Slice builder config: {'name': 'SliceBuilder', 'patch_shape': [128, 128, 128], 'stride_shape': [128, 128, 128]}
2025-05-06 22:29:07,384 [MainThread] INFO HDF5Dataset - Number of patches: 48
2025-05-06 22:29:07,384 [MainThread] INFO HDF5Dataset - Using LazyHDF5Dataset
2025-05-06 22:29:07,384 [MainThread] INFO HDF5Dataset - Loading train set from: /radraid/blchau/data/UCLA/preprocessed/isotropic_train/0118_0000.h5...
2025-05-06 22:29:07,404 [MainThread] INFO Dataset - Slice builder config: {'name': 'SliceBuilder', 'patch_shape': [128, 128, 128], 'stride_shape': [128, 128, 128]}
2025-05-06 22:29:07,406 [MainThread] INFO HDF5Dataset - Number of patches: 27
2025-05-06 22:29:07,406 [MainThread] INFO HDF5Dataset - Using LazyHDF5Dataset
2025-05-06 22:29:07,406 [MainThread] INFO HDF5Dataset - Loading train set from: /radraid/blchau/data/UCLA/preprocessed/isotropic_train/0202_0000.h5...
2025-05-06 22:29:07,427 [MainThread] INFO Dataset - Slice builder config: {'name': 'SliceBuilder', 'patch_shape': [128, 128, 128], 'stride_shape': [128, 128, 128]}
2025-05-06 22:29:07,429 [MainThread] INFO HDF5Dataset - Number of patches: 48
2025-05-06 22:29:07,429 [MainThread] INFO HDF5Dataset - Using LazyHDF5Dataset
2025-05-06 22:29:07,430 [MainThread] INFO HDF5Dataset - Loading train set from: /radraid/blchau/data/UCLA/preprocessed/isotropic_train/0308_0000.h5...
2025-05-06 22:29:07,447 [MainThread] INFO Dataset - Slice builder config: {'name': 'SliceBuilder', 'patch_shape': [128, 128, 128], 'stride_shape': [128, 128, 128]}
2025-05-06 22:29:07,448 [MainThread] INFO HDF5Dataset - Number of patches: 18
2025-05-06 22:29:07,448 [MainThread] INFO HDF5Dataset - Using LazyHDF5Dataset
2025-05-06 22:29:07,448 [MainThread] INFO HDF5Dataset - Loading train set from: /radraid/blchau/data/UCLA/preprocessed/isotropic_train/0151_0000.h5...
2025-05-06 22:29:07,465 [MainThread] INFO Dataset - Slice builder config: {'name': 'SliceBuilder', 'patch_shape': [128, 128, 128], 'stride_shape': [128, 128, 128]}
2025-05-06 22:29:07,468 [MainThread] INFO HDF5Dataset - Number of patches: 48
2025-05-06 22:29:07,468 [MainThread] INFO HDF5Dataset - Using LazyHDF5Dataset
2025-05-06 22:29:07,468 [MainThread] INFO HDF5Dataset - Loading train set from: /radraid/blchau/data/UCLA/preprocessed/isotropic_train/0233_0000.h5...
2025-05-06 22:29:07,486 [MainThread] INFO Dataset - Slice builder config: {'name': 'SliceBuilder', 'patch_shape': [128, 128, 128], 'stride_shape': [128, 128, 128]}
2025-05-06 22:29:07,488 [MainThread] INFO HDF5Dataset - Number of patches: 18
2025-05-06 22:29:07,488 [MainThread] INFO HDF5Dataset - Using LazyHDF5Dataset
2025-05-06 22:29:07,488 [MainThread] INFO HDF5Dataset - Loading train set from: /radraid/blchau/data/UCLA/preprocessed/isotropic_train/0144_0000.h5...
2025-05-06 22:29:07,507 [MainThread] INFO Dataset - Slice builder config: {'name': 'SliceBuilder', 'patch_shape': [128, 128, 128], 'stride_shape': [128, 128, 128]}
2025-05-06 22:29:07,509 [MainThread] INFO HDF5Dataset - Number of patches: 27
2025-05-06 22:29:07,509 [MainThread] INFO HDF5Dataset - Using LazyHDF5Dataset
2025-05-06 22:29:07,509 [MainThread] INFO HDF5Dataset - Loading train set from: /radraid/blchau/data/UCLA/preprocessed/isotropic_train/0346_0000.h5...
2025-05-06 22:29:07,528 [MainThread] INFO Dataset - Slice builder config: {'name': 'SliceBuilder', 'patch_shape': [128, 128, 128], 'stride_shape': [128, 128, 128]}
2025-05-06 22:29:07,532 [MainThread] INFO HDF5Dataset - Number of patches: 64
2025-05-06 22:29:07,532 [MainThread] INFO HDF5Dataset - Using LazyHDF5Dataset
2025-05-06 22:29:07,532 [MainThread] INFO HDF5Dataset - Loading train set from: /radraid/blchau/data/UCLA/preprocessed/isotropic_train/0266_0000.h5...
2025-05-06 22:29:07,551 [MainThread] INFO Dataset - Slice builder config: {'name': 'SliceBuilder', 'patch_shape': [128, 128, 128], 'stride_shape': [128, 128, 128]}
2025-05-06 22:29:07,554 [MainThread] INFO HDF5Dataset - Number of patches: 64
2025-05-06 22:29:07,555 [MainThread] INFO HDF5Dataset - Using LazyHDF5Dataset
2025-05-06 22:29:07,555 [MainThread] INFO HDF5Dataset - Loading train set from: /radraid/blchau/data/UCLA/preprocessed/isotropic_train/0164_0000.h5...
2025-05-06 22:29:07,574 [MainThread] INFO Dataset - Slice builder config: {'name': 'SliceBuilder', 'patch_shape': [128, 128, 128], 'stride_shape': [128, 128, 128]}
2025-05-06 22:29:07,576 [MainThread] INFO HDF5Dataset - Number of patches: 27
2025-05-06 22:29:07,576 [MainThread] INFO HDF5Dataset - Using LazyHDF5Dataset
2025-05-06 22:29:07,576 [MainThread] INFO HDF5Dataset - Loading train set from: /radraid/blchau/data/UCLA/preprocessed/isotropic_train/0248_0000.h5...
2025-05-06 22:29:07,597 [MainThread] INFO Dataset - Slice builder config: {'name': 'SliceBuilder', 'patch_shape': [128, 128, 128], 'stride_shape': [128, 128, 128]}
2025-05-06 22:29:07,599 [MainThread] INFO HDF5Dataset - Number of patches: 18
2025-05-06 22:29:07,599 [MainThread] INFO HDF5Dataset - Using LazyHDF5Dataset
2025-05-06 22:29:07,599 [MainThread] INFO HDF5Dataset - Loading train set from: /radraid/blchau/data/UCLA/preprocessed/isotropic_train/0361_0000.h5...
2025-05-06 22:29:07,621 [MainThread] INFO Dataset - Slice builder config: {'name': 'SliceBuilder', 'patch_shape': [128, 128, 128], 'stride_shape': [128, 128, 128]}
2025-05-06 22:29:07,624 [MainThread] INFO HDF5Dataset - Number of patches: 48
2025-05-06 22:29:07,624 [MainThread] INFO HDF5Dataset - Using LazyHDF5Dataset
2025-05-06 22:29:07,624 [MainThread] INFO HDF5Dataset - Loading train set from: /radraid/blchau/data/UCLA/preprocessed/isotropic_train/0015_0000.h5...
2025-05-06 22:29:07,647 [MainThread] INFO Dataset - Slice builder config: {'name': 'SliceBuilder', 'patch_shape': [128, 128, 128], 'stride_shape': [128, 128, 128]}
2025-05-06 22:29:07,648 [MainThread] INFO HDF5Dataset - Number of patches: 18
2025-05-06 22:29:07,648 [MainThread] INFO HDF5Dataset - Using LazyHDF5Dataset
2025-05-06 22:29:07,648 [MainThread] INFO HDF5Dataset - Loading train set from: /radraid/blchau/data/UCLA/preprocessed/isotropic_train/0227_0000.h5...
2025-05-06 22:29:07,668 [MainThread] INFO Dataset - Slice builder config: {'name': 'SliceBuilder', 'patch_shape': [128, 128, 128], 'stride_shape': [128, 128, 128]}
2025-05-06 22:29:07,669 [MainThread] INFO HDF5Dataset - Number of patches: 18
2025-05-06 22:29:07,670 [MainThread] INFO HDF5Dataset - Using LazyHDF5Dataset
2025-05-06 22:29:07,670 [MainThread] INFO HDF5Dataset - Loading train set from: /radraid/blchau/data/UCLA/preprocessed/isotropic_train/0170_0000.h5...
2025-05-06 22:29:07,689 [MainThread] INFO Dataset - Slice builder config: {'name': 'SliceBuilder', 'patch_shape': [128, 128, 128], 'stride_shape': [128, 128, 128]}
2025-05-06 22:29:07,692 [MainThread] INFO HDF5Dataset - Number of patches: 48
2025-05-06 22:29:07,692 [MainThread] INFO HDF5Dataset - Using LazyHDF5Dataset
2025-05-06 22:29:07,692 [MainThread] INFO HDF5Dataset - Loading train set from: /radraid/blchau/data/UCLA/preprocessed/isotropic_train/0136_0000.h5...
2025-05-06 22:29:07,712 [MainThread] INFO Dataset - Slice builder config: {'name': 'SliceBuilder', 'patch_shape': [128, 128, 128], 'stride_shape': [128, 128, 128]}
2025-05-06 22:29:07,715 [MainThread] INFO HDF5Dataset - Number of patches: 48
2025-05-06 22:29:07,715 [MainThread] INFO HDF5Dataset - Using LazyHDF5Dataset
2025-05-06 22:29:07,715 [MainThread] INFO HDF5Dataset - Loading train set from: /radraid/blchau/data/UCLA/preprocessed/isotropic_train/0157_0000.h5...
2025-05-06 22:29:07,735 [MainThread] INFO Dataset - Slice builder config: {'name': 'SliceBuilder', 'patch_shape': [128, 128, 128], 'stride_shape': [128, 128, 128]}
2025-05-06 22:29:07,737 [MainThread] INFO HDF5Dataset - Number of patches: 27
2025-05-06 22:29:07,737 [MainThread] INFO HDF5Dataset - Using LazyHDF5Dataset
2025-05-06 22:29:07,737 [MainThread] INFO HDF5Dataset - Loading train set from: /radraid/blchau/data/UCLA/preprocessed/isotropic_train/0487_0000.h5...
2025-05-06 22:29:07,760 [MainThread] INFO Dataset - Slice builder config: {'name': 'SliceBuilder', 'patch_shape': [128, 128, 128], 'stride_shape': [128, 128, 128]}
2025-05-06 22:29:07,761 [MainThread] INFO HDF5Dataset - Number of patches: 18
2025-05-06 22:29:07,761 [MainThread] INFO HDF5Dataset - Using LazyHDF5Dataset
2025-05-06 22:29:07,762 [MainThread] INFO HDF5Dataset - Loading train set from: /radraid/blchau/data/UCLA/preprocessed/isotropic_train/0134_0000.h5...
2025-05-06 22:29:07,782 [MainThread] INFO Dataset - Slice builder config: {'name': 'SliceBuilder', 'patch_shape': [128, 128, 128], 'stride_shape': [128, 128, 128]}
2025-05-06 22:29:07,784 [MainThread] INFO HDF5Dataset - Number of patches: 48
2025-05-06 22:29:07,784 [MainThread] INFO HDF5Dataset - Using LazyHDF5Dataset
2025-05-06 22:29:07,784 [MainThread] INFO HDF5Dataset - Loading train set from: /radraid/blchau/data/UCLA/preprocessed/isotropic_train/0057_0000.h5...
2025-05-06 22:29:07,806 [MainThread] INFO Dataset - Slice builder config: {'name': 'SliceBuilder', 'patch_shape': [128, 128, 128], 'stride_shape': [128, 128, 128]}
2025-05-06 22:29:07,808 [MainThread] INFO HDF5Dataset - Number of patches: 48
2025-05-06 22:29:07,808 [MainThread] INFO HDF5Dataset - Using LazyHDF5Dataset
2025-05-06 22:29:07,809 [MainThread] INFO HDF5Dataset - Loading train set from: /radraid/blchau/data/UCLA/preprocessed/isotropic_train/0380_0000.h5...
2025-05-06 22:29:07,832 [MainThread] INFO Dataset - Slice builder config: {'name': 'SliceBuilder', 'patch_shape': [128, 128, 128], 'stride_shape': [128, 128, 128]}
2025-05-06 22:29:07,833 [MainThread] INFO HDF5Dataset - Number of patches: 18
2025-05-06 22:29:07,833 [MainThread] INFO HDF5Dataset - Using LazyHDF5Dataset
2025-05-06 22:29:07,833 [MainThread] INFO HDF5Dataset - Loading train set from: /radraid/blchau/data/UCLA/preprocessed/isotropic_train/0256_0000.h5...
2025-05-06 22:29:07,855 [MainThread] INFO Dataset - Slice builder config: {'name': 'SliceBuilder', 'patch_shape': [128, 128, 128], 'stride_shape': [128, 128, 128]}
2025-05-06 22:29:07,858 [MainThread] INFO HDF5Dataset - Number of patches: 27
2025-05-06 22:29:07,858 [MainThread] INFO HDF5Dataset - Using LazyHDF5Dataset
2025-05-06 22:29:07,858 [MainThread] INFO HDF5Dataset - Loading train set from: /radraid/blchau/data/UCLA/preprocessed/isotropic_train/0010_0000.h5...
2025-05-06 22:29:07,882 [MainThread] INFO Dataset - Slice builder config: {'name': 'SliceBuilder', 'patch_shape': [128, 128, 128], 'stride_shape': [128, 128, 128]}
2025-05-06 22:29:07,884 [MainThread] INFO HDF5Dataset - Number of patches: 36
2025-05-06 22:29:07,884 [MainThread] INFO HDF5Dataset - Using LazyHDF5Dataset
2025-05-06 22:29:07,884 [MainThread] INFO HDF5Dataset - Loading train set from: /radraid/blchau/data/UCLA/preprocessed/isotropic_train/0160_0000.h5...
2025-05-06 22:29:07,903 [MainThread] INFO Dataset - Slice builder config: {'name': 'SliceBuilder', 'patch_shape': [128, 128, 128], 'stride_shape': [128, 128, 128]}
2025-05-06 22:29:07,906 [MainThread] INFO HDF5Dataset - Number of patches: 48
2025-05-06 22:29:07,906 [MainThread] INFO HDF5Dataset - Using LazyHDF5Dataset
2025-05-06 22:29:07,906 [MainThread] INFO HDF5Dataset - Loading train set from: /radraid/blchau/data/UCLA/preprocessed/isotropic_train/0397_0000.h5...
2025-05-06 22:29:07,928 [MainThread] INFO Dataset - Slice builder config: {'name': 'SliceBuilder', 'patch_shape': [128, 128, 128], 'stride_shape': [128, 128, 128]}
2025-05-06 22:29:07,930 [MainThread] INFO HDF5Dataset - Number of patches: 27
2025-05-06 22:29:07,930 [MainThread] INFO HDF5Dataset - Using LazyHDF5Dataset
2025-05-06 22:29:07,930 [MainThread] INFO HDF5Dataset - Loading train set from: /radraid/blchau/data/UCLA/preprocessed/isotropic_train/0326_0000.h5...
2025-05-06 22:29:08,024 [MainThread] INFO Dataset - Slice builder config: {'name': 'SliceBuilder', 'patch_shape': [128, 128, 128], 'stride_shape': [128, 128, 128]}
2025-05-06 22:29:08,027 [MainThread] INFO HDF5Dataset - Number of patches: 48
2025-05-06 22:29:08,027 [MainThread] INFO HDF5Dataset - Using LazyHDF5Dataset
2025-05-06 22:29:08,027 [MainThread] INFO HDF5Dataset - Loading train set from: /radraid/blchau/data/UCLA/preprocessed/isotropic_train/0386_0000.h5...
2025-05-06 22:29:08,083 [MainThread] INFO Dataset - Slice builder config: {'name': 'SliceBuilder', 'patch_shape': [128, 128, 128], 'stride_shape': [128, 128, 128]}
2025-05-06 22:29:08,086 [MainThread] INFO HDF5Dataset - Number of patches: 48
2025-05-06 22:29:08,086 [MainThread] INFO HDF5Dataset - Using LazyHDF5Dataset
2025-05-06 22:29:08,086 [MainThread] INFO HDF5Dataset - Loading train set from: /radraid/blchau/data/UCLA/preprocessed/isotropic_train/0289_0000.h5...
2025-05-06 22:29:08,114 [MainThread] INFO Dataset - Slice builder config: {'name': 'SliceBuilder', 'patch_shape': [128, 128, 128], 'stride_shape': [128, 128, 128]}
2025-05-06 22:29:08,116 [MainThread] INFO HDF5Dataset - Number of patches: 36
2025-05-06 22:29:08,117 [MainThread] INFO HDF5Dataset - Using LazyHDF5Dataset
2025-05-06 22:29:08,117 [MainThread] INFO HDF5Dataset - Loading train set from: /radraid/blchau/data/UCLA/preprocessed/isotropic_train/0399_0000.h5...
2025-05-06 22:29:08,134 [MainThread] INFO Dataset - Slice builder config: {'name': 'SliceBuilder', 'patch_shape': [128, 128, 128], 'stride_shape': [128, 128, 128]}
2025-05-06 22:29:08,136 [MainThread] INFO HDF5Dataset - Number of patches: 27
2025-05-06 22:29:08,136 [MainThread] INFO HDF5Dataset - Using LazyHDF5Dataset
2025-05-06 22:29:08,136 [MainThread] INFO HDF5Dataset - Loading train set from: /radraid/blchau/data/UCLA/preprocessed/isotropic_train/0054_0000.h5...
2025-05-06 22:29:08,159 [MainThread] INFO Dataset - Slice builder config: {'name': 'SliceBuilder', 'patch_shape': [128, 128, 128], 'stride_shape': [128, 128, 128]}
2025-05-06 22:29:08,163 [MainThread] INFO HDF5Dataset - Number of patches: 48
2025-05-06 22:29:08,163 [MainThread] INFO HDF5Dataset - Using LazyHDF5Dataset
2025-05-06 22:29:08,163 [MainThread] INFO HDF5Dataset - Loading train set from: /radraid/blchau/data/UCLA/preprocessed/isotropic_train/0117_0000.h5...
2025-05-06 22:29:08,180 [MainThread] INFO Dataset - Slice builder config: {'name': 'SliceBuilder', 'patch_shape': [128, 128, 128], 'stride_shape': [128, 128, 128]}
2025-05-06 22:29:08,184 [MainThread] INFO HDF5Dataset - Number of patches: 64
2025-05-06 22:29:08,184 [MainThread] INFO HDF5Dataset - Using LazyHDF5Dataset
2025-05-06 22:29:08,184 [MainThread] INFO HDF5Dataset - Loading train set from: /radraid/blchau/data/UCLA/preprocessed/isotropic_train/0481_0000.h5...
2025-05-06 22:29:08,203 [MainThread] INFO Dataset - Slice builder config: {'name': 'SliceBuilder', 'patch_shape': [128, 128, 128], 'stride_shape': [128, 128, 128]}
2025-05-06 22:29:08,206 [MainThread] INFO HDF5Dataset - Number of patches: 48
2025-05-06 22:29:08,206 [MainThread] INFO HDF5Dataset - Using LazyHDF5Dataset
2025-05-06 22:29:08,206 [MainThread] INFO HDF5Dataset - Loading train set from: /radraid/blchau/data/UCLA/preprocessed/isotropic_train/0313_0000.h5...
2025-05-06 22:29:08,224 [MainThread] INFO Dataset - Slice builder config: {'name': 'SliceBuilder', 'patch_shape': [128, 128, 128], 'stride_shape': [128, 128, 128]}
2025-05-06 22:29:08,226 [MainThread] INFO HDF5Dataset - Number of patches: 32
2025-05-06 22:29:08,226 [MainThread] INFO HDF5Dataset - Using LazyHDF5Dataset
2025-05-06 22:29:08,226 [MainThread] INFO HDF5Dataset - Loading train set from: /radraid/blchau/data/UCLA/preprocessed/isotropic_train/0353_0000.h5...
2025-05-06 22:29:08,245 [MainThread] INFO Dataset - Slice builder config: {'name': 'SliceBuilder', 'patch_shape': [128, 128, 128], 'stride_shape': [128, 128, 128]}
2025-05-06 22:29:08,247 [MainThread] INFO HDF5Dataset - Number of patches: 36
2025-05-06 22:29:08,247 [MainThread] INFO HDF5Dataset - Using LazyHDF5Dataset
2025-05-06 22:29:08,247 [MainThread] INFO HDF5Dataset - Loading train set from: /radraid/blchau/data/UCLA/preprocessed/isotropic_train/0180_0000.h5...
2025-05-06 22:29:08,268 [MainThread] INFO Dataset - Slice builder config: {'name': 'SliceBuilder', 'patch_shape': [128, 128, 128], 'stride_shape': [128, 128, 128]}
2025-05-06 22:29:08,270 [MainThread] INFO HDF5Dataset - Number of patches: 27
2025-05-06 22:29:08,270 [MainThread] INFO HDF5Dataset - Using LazyHDF5Dataset
2025-05-06 22:29:08,270 [MainThread] INFO HDF5Dataset - Loading train set from: /radraid/blchau/data/UCLA/preprocessed/isotropic_train/0343_0000.h5...
2025-05-06 22:29:08,290 [MainThread] INFO Dataset - Slice builder config: {'name': 'SliceBuilder', 'patch_shape': [128, 128, 128], 'stride_shape': [128, 128, 128]}
2025-05-06 22:29:08,291 [MainThread] INFO HDF5Dataset - Number of patches: 18
2025-05-06 22:29:08,292 [MainThread] INFO HDF5Dataset - Using LazyHDF5Dataset
2025-05-06 22:29:08,292 [MainThread] INFO HDF5Dataset - Loading train set from: /radraid/blchau/data/UCLA/preprocessed/isotropic_train/0347_0000.h5...
2025-05-06 22:29:08,312 [MainThread] INFO Dataset - Slice builder config: {'name': 'SliceBuilder', 'patch_shape': [128, 128, 128], 'stride_shape': [128, 128, 128]}
2025-05-06 22:29:08,314 [MainThread] INFO HDF5Dataset - Number of patches: 36
2025-05-06 22:29:08,314 [MainThread] INFO HDF5Dataset - Using LazyHDF5Dataset
2025-05-06 22:29:08,314 [MainThread] INFO HDF5Dataset - Loading train set from: /radraid/blchau/data/UCLA/preprocessed/isotropic_train/0453_0000.h5...
2025-05-06 22:29:08,336 [MainThread] INFO Dataset - Slice builder config: {'name': 'SliceBuilder', 'patch_shape': [128, 128, 128], 'stride_shape': [128, 128, 128]}
2025-05-06 22:29:08,338 [MainThread] INFO HDF5Dataset - Number of patches: 18
2025-05-06 22:29:08,338 [MainThread] INFO HDF5Dataset - Using LazyHDF5Dataset
2025-05-06 22:29:08,338 [MainThread] INFO HDF5Dataset - Loading train set from: /radraid/blchau/data/UCLA/preprocessed/isotropic_train/0281_0000.h5...
2025-05-06 22:29:08,359 [MainThread] INFO Dataset - Slice builder config: {'name': 'SliceBuilder', 'patch_shape': [128, 128, 128], 'stride_shape': [128, 128, 128]}
2025-05-06 22:29:08,361 [MainThread] INFO HDF5Dataset - Number of patches: 48
2025-05-06 22:29:08,362 [MainThread] INFO HDF5Dataset - Using LazyHDF5Dataset
2025-05-06 22:29:08,362 [MainThread] INFO HDF5Dataset - Loading train set from: /radraid/blchau/data/UCLA/preprocessed/isotropic_train/0415_0000.h5...
2025-05-06 22:29:08,385 [MainThread] INFO Dataset - Slice builder config: {'name': 'SliceBuilder', 'patch_shape': [128, 128, 128], 'stride_shape': [128, 128, 128]}
2025-05-06 22:29:08,387 [MainThread] INFO HDF5Dataset - Number of patches: 36
2025-05-06 22:29:08,387 [MainThread] INFO HDF5Dataset - Using LazyHDF5Dataset
2025-05-06 22:29:08,387 [MainThread] INFO HDF5Dataset - Loading train set from: /radraid/blchau/data/UCLA/preprocessed/isotropic_train/0088_0000.h5...
2025-05-06 22:29:08,408 [MainThread] INFO Dataset - Slice builder config: {'name': 'SliceBuilder', 'patch_shape': [128, 128, 128], 'stride_shape': [128, 128, 128]}
2025-05-06 22:29:08,409 [MainThread] INFO HDF5Dataset - Number of patches: 18
2025-05-06 22:29:08,409 [MainThread] INFO HDF5Dataset - Using LazyHDF5Dataset
2025-05-06 22:29:08,409 [MainThread] INFO HDF5Dataset - Loading train set from: /radraid/blchau/data/UCLA/preprocessed/isotropic_train/0046_0000.h5...
2025-05-06 22:29:08,429 [MainThread] INFO Dataset - Slice builder config: {'name': 'SliceBuilder', 'patch_shape': [128, 128, 128], 'stride_shape': [128, 128, 128]}
2025-05-06 22:29:08,431 [MainThread] INFO HDF5Dataset - Number of patches: 48
2025-05-06 22:29:08,432 [MainThread] INFO HDF5Dataset - Using LazyHDF5Dataset
2025-05-06 22:29:08,432 [MainThread] INFO HDF5Dataset - Loading train set from: /radraid/blchau/data/UCLA/preprocessed/isotropic_train/0283_0000.h5...
2025-05-06 22:29:08,456 [MainThread] INFO Dataset - Slice builder config: {'name': 'SliceBuilder', 'patch_shape': [128, 128, 128], 'stride_shape': [128, 128, 128]}
2025-05-06 22:29:08,460 [MainThread] INFO HDF5Dataset - Number of patches: 48
2025-05-06 22:29:08,460 [MainThread] INFO HDF5Dataset - Using LazyHDF5Dataset
2025-05-06 22:29:08,460 [MainThread] INFO HDF5Dataset - Loading train set from: /radraid/blchau/data/UCLA/preprocessed/isotropic_train/0102_0000.h5...
2025-05-06 22:29:08,482 [MainThread] INFO Dataset - Slice builder config: {'name': 'SliceBuilder', 'patch_shape': [128, 128, 128], 'stride_shape': [128, 128, 128]}
2025-05-06 22:29:08,484 [MainThread] INFO HDF5Dataset - Number of patches: 27
2025-05-06 22:29:08,484 [MainThread] INFO HDF5Dataset - Using LazyHDF5Dataset
2025-05-06 22:29:08,484 [MainThread] INFO HDF5Dataset - Loading train set from: /radraid/blchau/data/UCLA/preprocessed/isotropic_train/0121_0000.h5...
2025-05-06 22:29:08,504 [MainThread] INFO Dataset - Slice builder config: {'name': 'SliceBuilder', 'patch_shape': [128, 128, 128], 'stride_shape': [128, 128, 128]}
2025-05-06 22:29:08,506 [MainThread] INFO HDF5Dataset - Number of patches: 18
2025-05-06 22:29:08,506 [MainThread] INFO HDF5Dataset - Using LazyHDF5Dataset
2025-05-06 22:29:08,506 [MainThread] INFO HDF5Dataset - Loading train set from: /radraid/blchau/data/UCLA/preprocessed/isotropic_train/0004_0000.h5...
2025-05-06 22:29:08,528 [MainThread] INFO Dataset - Slice builder config: {'name': 'SliceBuilder', 'patch_shape': [128, 128, 128], 'stride_shape': [128, 128, 128]}
2025-05-06 22:29:08,530 [MainThread] INFO HDF5Dataset - Number of patches: 32
2025-05-06 22:29:08,531 [MainThread] INFO HDF5Dataset - Using LazyHDF5Dataset
2025-05-06 22:29:08,531 [MainThread] INFO HDF5Dataset - Loading train set from: /radraid/blchau/data/UCLA/preprocessed/isotropic_train/0071_0000.h5...
2025-05-06 22:29:08,554 [MainThread] INFO Dataset - Slice builder config: {'name': 'SliceBuilder', 'patch_shape': [128, 128, 128], 'stride_shape': [128, 128, 128]}
2025-05-06 22:29:08,556 [MainThread] INFO HDF5Dataset - Number of patches: 18
2025-05-06 22:29:08,556 [MainThread] INFO HDF5Dataset - Using LazyHDF5Dataset
2025-05-06 22:29:08,556 [MainThread] INFO HDF5Dataset - Loading train set from: /radraid/blchau/data/UCLA/preprocessed/isotropic_train/0092_0000.h5...
2025-05-06 22:29:08,579 [MainThread] INFO Dataset - Slice builder config: {'name': 'SliceBuilder', 'patch_shape': [128, 128, 128], 'stride_shape': [128, 128, 128]}
2025-05-06 22:29:08,581 [MainThread] INFO HDF5Dataset - Number of patches: 27
2025-05-06 22:29:08,581 [MainThread] INFO HDF5Dataset - Using LazyHDF5Dataset
2025-05-06 22:29:08,581 [MainThread] INFO HDF5Dataset - Loading train set from: /radraid/blchau/data/UCLA/preprocessed/isotropic_train/0394_0000.h5...
2025-05-06 22:29:08,601 [MainThread] INFO Dataset - Slice builder config: {'name': 'SliceBuilder', 'patch_shape': [128, 128, 128], 'stride_shape': [128, 128, 128]}
2025-05-06 22:29:08,603 [MainThread] INFO HDF5Dataset - Number of patches: 27
2025-05-06 22:29:08,603 [MainThread] INFO HDF5Dataset - Using LazyHDF5Dataset
2025-05-06 22:29:08,603 [MainThread] INFO HDF5Dataset - Loading train set from: /radraid/blchau/data/UCLA/preprocessed/isotropic_train/0284_0000.h5...
2025-05-06 22:29:08,624 [MainThread] INFO Dataset - Slice builder config: {'name': 'SliceBuilder', 'patch_shape': [128, 128, 128], 'stride_shape': [128, 128, 128]}
2025-05-06 22:29:08,625 [MainThread] INFO HDF5Dataset - Number of patches: 18
2025-05-06 22:29:08,625 [MainThread] INFO HDF5Dataset - Using LazyHDF5Dataset
2025-05-06 22:29:08,625 [MainThread] INFO HDF5Dataset - Loading train set from: /radraid/blchau/data/UCLA/preprocessed/isotropic_train/0165_0000.h5...
2025-05-06 22:29:08,648 [MainThread] INFO Dataset - Slice builder config: {'name': 'SliceBuilder', 'patch_shape': [128, 128, 128], 'stride_shape': [128, 128, 128]}
2025-05-06 22:29:08,650 [MainThread] INFO HDF5Dataset - Number of patches: 48
2025-05-06 22:29:08,651 [MainThread] INFO HDF5Dataset - Using LazyHDF5Dataset
2025-05-06 22:29:08,651 [MainThread] INFO HDF5Dataset - Loading train set from: /radraid/blchau/data/UCLA/preprocessed/isotropic_train/0441_0000.h5...
2025-05-06 22:29:08,674 [MainThread] INFO Dataset - Slice builder config: {'name': 'SliceBuilder', 'patch_shape': [128, 128, 128], 'stride_shape': [128, 128, 128]}
2025-05-06 22:29:08,676 [MainThread] INFO HDF5Dataset - Number of patches: 18
2025-05-06 22:29:08,676 [MainThread] INFO HDF5Dataset - Using LazyHDF5Dataset
2025-05-06 22:29:08,676 [MainThread] INFO HDF5Dataset - Loading train set from: /radraid/blchau/data/UCLA/preprocessed/isotropic_train/0031_0000.h5...
2025-05-06 22:29:08,700 [MainThread] INFO Dataset - Slice builder config: {'name': 'SliceBuilder', 'patch_shape': [128, 128, 128], 'stride_shape': [128, 128, 128]}
2025-05-06 22:29:08,701 [MainThread] INFO HDF5Dataset - Number of patches: 18
2025-05-06 22:29:08,701 [MainThread] INFO HDF5Dataset - Using LazyHDF5Dataset
2025-05-06 22:29:08,702 [MainThread] INFO HDF5Dataset - Loading train set from: /radraid/blchau/data/UCLA/preprocessed/isotropic_train/0393_0000.h5...
2025-05-06 22:29:08,725 [MainThread] INFO Dataset - Slice builder config: {'name': 'SliceBuilder', 'patch_shape': [128, 128, 128], 'stride_shape': [128, 128, 128]}
2025-05-06 22:29:08,727 [MainThread] INFO HDF5Dataset - Number of patches: 32
2025-05-06 22:29:08,727 [MainThread] INFO HDF5Dataset - Using LazyHDF5Dataset
2025-05-06 22:29:08,727 [MainThread] INFO HDF5Dataset - Loading train set from: /radraid/blchau/data/UCLA/preprocessed/isotropic_train/0294_0000.h5...
2025-05-06 22:29:08,749 [MainThread] INFO Dataset - Slice builder config: {'name': 'SliceBuilder', 'patch_shape': [128, 128, 128], 'stride_shape': [128, 128, 128]}
2025-05-06 22:29:08,751 [MainThread] INFO HDF5Dataset - Number of patches: 27
2025-05-06 22:29:08,751 [MainThread] INFO HDF5Dataset - Using LazyHDF5Dataset
2025-05-06 22:29:08,751 [MainThread] INFO HDF5Dataset - Loading train set from: /radraid/blchau/data/UCLA/preprocessed/isotropic_train/0135_0000.h5...
2025-05-06 22:29:08,771 [MainThread] INFO Dataset - Slice builder config: {'name': 'SliceBuilder', 'patch_shape': [128, 128, 128], 'stride_shape': [128, 128, 128]}
2025-05-06 22:29:08,773 [MainThread] INFO HDF5Dataset - Number of patches: 27
2025-05-06 22:29:08,773 [MainThread] INFO HDF5Dataset - Using LazyHDF5Dataset
2025-05-06 22:29:08,773 [MainThread] INFO HDF5Dataset - Loading train set from: /radraid/blchau/data/UCLA/preprocessed/isotropic_train/0011_0000.h5...
2025-05-06 22:29:08,794 [MainThread] INFO Dataset - Slice builder config: {'name': 'SliceBuilder', 'patch_shape': [128, 128, 128], 'stride_shape': [128, 128, 128]}
2025-05-06 22:29:08,796 [MainThread] INFO HDF5Dataset - Number of patches: 18
2025-05-06 22:29:08,796 [MainThread] INFO HDF5Dataset - Using LazyHDF5Dataset
2025-05-06 22:29:08,796 [MainThread] INFO HDF5Dataset - Loading train set from: /radraid/blchau/data/UCLA/preprocessed/isotropic_train/0367_0000.h5...
2025-05-06 22:29:08,816 [MainThread] INFO Dataset - Slice builder config: {'name': 'SliceBuilder', 'patch_shape': [128, 128, 128], 'stride_shape': [128, 128, 128]}
2025-05-06 22:29:08,819 [MainThread] INFO HDF5Dataset - Number of patches: 48
2025-05-06 22:29:08,819 [MainThread] INFO HDF5Dataset - Using LazyHDF5Dataset
2025-05-06 22:29:08,819 [MainThread] INFO HDF5Dataset - Loading train set from: /radraid/blchau/data/UCLA/preprocessed/isotropic_train/0286_0000.h5...
2025-05-06 22:29:08,835 [MainThread] INFO Dataset - Slice builder config: {'name': 'SliceBuilder', 'patch_shape': [128, 128, 128], 'stride_shape': [128, 128, 128]}
2025-05-06 22:29:08,839 [MainThread] INFO HDF5Dataset - Number of patches: 64
2025-05-06 22:29:08,839 [MainThread] INFO HDF5Dataset - Using LazyHDF5Dataset
2025-05-06 22:29:08,839 [MainThread] INFO HDF5Dataset - Loading train set from: /radraid/blchau/data/UCLA/preprocessed/isotropic_train/0404_0000.h5...
2025-05-06 22:29:08,860 [MainThread] INFO Dataset - Slice builder config: {'name': 'SliceBuilder', 'patch_shape': [128, 128, 128], 'stride_shape': [128, 128, 128]}
2025-05-06 22:29:08,861 [MainThread] INFO HDF5Dataset - Number of patches: 18
2025-05-06 22:29:08,861 [MainThread] INFO HDF5Dataset - Using LazyHDF5Dataset
2025-05-06 22:29:08,861 [MainThread] INFO HDF5Dataset - Loading train set from: /radraid/blchau/data/UCLA/preprocessed/isotropic_train/0420_0000.h5...
2025-05-06 22:29:08,881 [MainThread] INFO Dataset - Slice builder config: {'name': 'SliceBuilder', 'patch_shape': [128, 128, 128], 'stride_shape': [128, 128, 128]}
2025-05-06 22:29:08,882 [MainThread] ERROR HDF5Dataset - Skipping train set: /radraid/blchau/data/UCLA/preprocessed/isotropic_train/0420_0000.h5
Traceback (most recent call last):
  File "/opt/conda/lib/python3.11/site-packages/pytorch3dunet-1.8.7-py3.11.egg/pytorch3dunet/datasets/hdf5.py", line 199, in create_datasets
    dataset = cls(file_path=file_path,
              ^^^^^^^^^^^^^^^^^^^^^^^^
  File "/opt/conda/lib/python3.11/site-packages/pytorch3dunet-1.8.7-py3.11.egg/pytorch3dunet/datasets/hdf5.py", line 266, in __init__
    super().__init__(file_path=file_path, phase=phase, slice_builder_config=slice_builder_config,
  File "/opt/conda/lib/python3.11/site-packages/pytorch3dunet-1.8.7-py3.11.egg/pytorch3dunet/datasets/hdf5.py", line 100, in __init__
    slice_builder = get_slice_builder(raw, label, weight_map, slice_builder_config)
                    ^^^^^^^^^^^^^^^^^^^^^^^^^^^^^^^^^^^^^^^^^^^^^^^^^^^^^^^^^^^^^^^
  File "/opt/conda/lib/python3.11/site-packages/pytorch3dunet-1.8.7-py3.11.egg/pytorch3dunet/datasets/utils.py", line 179, in get_slice_builder
    return slice_builder_cls(raws, labels, weight_maps, **config)
           ^^^^^^^^^^^^^^^^^^^^^^^^^^^^^^^^^^^^^^^^^^^^^^^^^^^^^^
  File "/opt/conda/lib/python3.11/site-packages/pytorch3dunet-1.8.7-py3.11.egg/pytorch3dunet/datasets/utils.py", line 60, in __init__
    self._raw_slices = self._build_slices(raw_dataset, patch_shape, stride_shape)
                       ^^^^^^^^^^^^^^^^^^^^^^^^^^^^^^^^^^^^^^^^^^^^^^^^^^^^^^^^^^
  File "/opt/conda/lib/python3.11/site-packages/pytorch3dunet-1.8.7-py3.11.egg/pytorch3dunet/datasets/utils.py", line 104, in _build_slices
    for z in z_steps:
  File "/opt/conda/lib/python3.11/site-packages/pytorch3dunet-1.8.7-py3.11.egg/pytorch3dunet/datasets/utils.py", line 121, in _gen_indices
    assert i >= k, 'Sample size has to be bigger than the patch size'
           ^^^^^^
AssertionError: Sample size has to be bigger than the patch size
2025-05-06 22:29:08,884 [MainThread] INFO HDF5Dataset - Loading train set from: /radraid/blchau/data/UCLA/preprocessed/isotropic_train/0141_0000.h5...
2025-05-06 22:29:08,902 [MainThread] INFO Dataset - Slice builder config: {'name': 'SliceBuilder', 'patch_shape': [128, 128, 128], 'stride_shape': [128, 128, 128]}
2025-05-06 22:29:08,904 [MainThread] INFO HDF5Dataset - Number of patches: 27
2025-05-06 22:29:08,904 [MainThread] INFO HDF5Dataset - Using LazyHDF5Dataset
2025-05-06 22:29:08,904 [MainThread] INFO HDF5Dataset - Loading train set from: /radraid/blchau/data/UCLA/preprocessed/isotropic_train/0460_0000.h5...
2025-05-06 22:29:08,922 [MainThread] INFO Dataset - Slice builder config: {'name': 'SliceBuilder', 'patch_shape': [128, 128, 128], 'stride_shape': [128, 128, 128]}
2025-05-06 22:29:08,925 [MainThread] INFO HDF5Dataset - Number of patches: 48
2025-05-06 22:29:08,925 [MainThread] INFO HDF5Dataset - Using LazyHDF5Dataset
2025-05-06 22:29:08,925 [MainThread] INFO HDF5Dataset - Loading train set from: /radraid/blchau/data/UCLA/preprocessed/isotropic_train/0351_0000.h5...
2025-05-06 22:29:08,943 [MainThread] INFO Dataset - Slice builder config: {'name': 'SliceBuilder', 'patch_shape': [128, 128, 128], 'stride_shape': [128, 128, 128]}
2025-05-06 22:29:08,947 [MainThread] INFO HDF5Dataset - Number of patches: 80
2025-05-06 22:29:08,947 [MainThread] INFO HDF5Dataset - Using LazyHDF5Dataset
2025-05-06 22:29:08,947 [MainThread] INFO HDF5Dataset - Loading train set from: /radraid/blchau/data/UCLA/preprocessed/isotropic_train/0341_0000.h5...
2025-05-06 22:29:08,966 [MainThread] INFO Dataset - Slice builder config: {'name': 'SliceBuilder', 'patch_shape': [128, 128, 128], 'stride_shape': [128, 128, 128]}
2025-05-06 22:29:08,969 [MainThread] INFO HDF5Dataset - Number of patches: 36
2025-05-06 22:29:08,969 [MainThread] INFO HDF5Dataset - Using LazyHDF5Dataset
2025-05-06 22:29:08,969 [MainThread] INFO HDF5Dataset - Loading train set from: /radraid/blchau/data/UCLA/preprocessed/isotropic_train/0433_0000.h5...
2025-05-06 22:29:08,988 [MainThread] INFO Dataset - Slice builder config: {'name': 'SliceBuilder', 'patch_shape': [128, 128, 128], 'stride_shape': [128, 128, 128]}
2025-05-06 22:29:08,989 [MainThread] INFO HDF5Dataset - Number of patches: 18
2025-05-06 22:29:08,989 [MainThread] INFO HDF5Dataset - Using LazyHDF5Dataset
2025-05-06 22:29:08,989 [MainThread] INFO HDF5Dataset - Loading train set from: /radraid/blchau/data/UCLA/preprocessed/isotropic_train/0186_0000.h5...
2025-05-06 22:29:09,009 [MainThread] INFO Dataset - Slice builder config: {'name': 'SliceBuilder', 'patch_shape': [128, 128, 128], 'stride_shape': [128, 128, 128]}
2025-05-06 22:29:09,011 [MainThread] INFO HDF5Dataset - Number of patches: 18
2025-05-06 22:29:09,011 [MainThread] INFO HDF5Dataset - Using LazyHDF5Dataset
2025-05-06 22:29:09,011 [MainThread] INFO HDF5Dataset - Loading train set from: /radraid/blchau/data/UCLA/preprocessed/isotropic_train/0207_0000.h5...
2025-05-06 22:29:09,033 [MainThread] INFO Dataset - Slice builder config: {'name': 'SliceBuilder', 'patch_shape': [128, 128, 128], 'stride_shape': [128, 128, 128]}
2025-05-06 22:29:09,036 [MainThread] INFO HDF5Dataset - Number of patches: 48
2025-05-06 22:29:09,036 [MainThread] INFO HDF5Dataset - Using LazyHDF5Dataset
2025-05-06 22:29:09,036 [MainThread] INFO HDF5Dataset - Loading train set from: /radraid/blchau/data/UCLA/preprocessed/isotropic_train/0445_0000.h5...
2025-05-06 22:29:09,060 [MainThread] INFO Dataset - Slice builder config: {'name': 'SliceBuilder', 'patch_shape': [128, 128, 128], 'stride_shape': [128, 128, 128]}
2025-05-06 22:29:09,063 [MainThread] INFO HDF5Dataset - Number of patches: 48
2025-05-06 22:29:09,064 [MainThread] INFO HDF5Dataset - Using LazyHDF5Dataset
2025-05-06 22:29:09,064 [MainThread] INFO HDF5Dataset - Loading train set from: /radraid/blchau/data/UCLA/preprocessed/isotropic_train/0287_0000.h5...
2025-05-06 22:29:09,083 [MainThread] INFO Dataset - Slice builder config: {'name': 'SliceBuilder', 'patch_shape': [128, 128, 128], 'stride_shape': [128, 128, 128]}
2025-05-06 22:29:09,084 [MainThread] INFO HDF5Dataset - Number of patches: 18
2025-05-06 22:29:09,084 [MainThread] INFO HDF5Dataset - Using LazyHDF5Dataset
2025-05-06 22:29:09,084 [MainThread] INFO HDF5Dataset - Loading train set from: /radraid/blchau/data/UCLA/preprocessed/isotropic_train/0192_0000.h5...
2025-05-06 22:29:09,103 [MainThread] INFO Dataset - Slice builder config: {'name': 'SliceBuilder', 'patch_shape': [128, 128, 128], 'stride_shape': [128, 128, 128]}
2025-05-06 22:29:09,104 [MainThread] INFO HDF5Dataset - Number of patches: 18
2025-05-06 22:29:09,104 [MainThread] INFO HDF5Dataset - Using LazyHDF5Dataset
2025-05-06 22:29:09,105 [MainThread] INFO HDF5Dataset - Loading train set from: /radraid/blchau/data/UCLA/preprocessed/isotropic_train/0226_0000.h5...
2025-05-06 22:29:09,125 [MainThread] INFO Dataset - Slice builder config: {'name': 'SliceBuilder', 'patch_shape': [128, 128, 128], 'stride_shape': [128, 128, 128]}
2025-05-06 22:29:09,126 [MainThread] INFO HDF5Dataset - Number of patches: 18
2025-05-06 22:29:09,126 [MainThread] INFO HDF5Dataset - Using LazyHDF5Dataset
2025-05-06 22:29:09,126 [MainThread] INFO HDF5Dataset - Loading train set from: /radraid/blchau/data/UCLA/preprocessed/isotropic_train/0247_0000.h5...
2025-05-06 22:29:09,148 [MainThread] INFO Dataset - Slice builder config: {'name': 'SliceBuilder', 'patch_shape': [128, 128, 128], 'stride_shape': [128, 128, 128]}
2025-05-06 22:29:09,152 [MainThread] INFO HDF5Dataset - Number of patches: 80
2025-05-06 22:29:09,152 [MainThread] INFO HDF5Dataset - Using LazyHDF5Dataset
2025-05-06 22:29:09,152 [MainThread] INFO HDF5Dataset - Loading train set from: /radraid/blchau/data/UCLA/preprocessed/isotropic_train/0439_0000.h5...
2025-05-06 22:29:09,174 [MainThread] INFO Dataset - Slice builder config: {'name': 'SliceBuilder', 'patch_shape': [128, 128, 128], 'stride_shape': [128, 128, 128]}
2025-05-06 22:29:09,175 [MainThread] INFO HDF5Dataset - Number of patches: 18
2025-05-06 22:29:09,175 [MainThread] INFO HDF5Dataset - Using LazyHDF5Dataset
2025-05-06 22:29:09,175 [MainThread] INFO HDF5Dataset - Loading train set from: /radraid/blchau/data/UCLA/preprocessed/isotropic_train/0043_0000.h5...
2025-05-06 22:29:09,198 [MainThread] INFO Dataset - Slice builder config: {'name': 'SliceBuilder', 'patch_shape': [128, 128, 128], 'stride_shape': [128, 128, 128]}
2025-05-06 22:29:09,200 [MainThread] INFO HDF5Dataset - Number of patches: 18
2025-05-06 22:29:09,200 [MainThread] INFO HDF5Dataset - Using LazyHDF5Dataset
2025-05-06 22:29:09,200 [MainThread] INFO HDF5Dataset - Loading train set from: /radraid/blchau/data/UCLA/preprocessed/isotropic_train/0378_0000.h5...
2025-05-06 22:29:09,225 [MainThread] INFO Dataset - Slice builder config: {'name': 'SliceBuilder', 'patch_shape': [128, 128, 128], 'stride_shape': [128, 128, 128]}
2025-05-06 22:29:09,227 [MainThread] INFO HDF5Dataset - Number of patches: 48
2025-05-06 22:29:09,228 [MainThread] INFO HDF5Dataset - Using LazyHDF5Dataset
2025-05-06 22:29:09,228 [MainThread] INFO HDF5Dataset - Loading train set from: /radraid/blchau/data/UCLA/preprocessed/isotropic_train/0108_0000.h5...
2025-05-06 22:29:09,250 [MainThread] INFO Dataset - Slice builder config: {'name': 'SliceBuilder', 'patch_shape': [128, 128, 128], 'stride_shape': [128, 128, 128]}
2025-05-06 22:29:09,253 [MainThread] INFO HDF5Dataset - Number of patches: 48
2025-05-06 22:29:09,253 [MainThread] INFO HDF5Dataset - Using LazyHDF5Dataset
2025-05-06 22:29:09,253 [MainThread] INFO HDF5Dataset - Loading train set from: /radraid/blchau/data/UCLA/preprocessed/isotropic_train/0475_0000.h5...
2025-05-06 22:29:09,274 [MainThread] INFO Dataset - Slice builder config: {'name': 'SliceBuilder', 'patch_shape': [128, 128, 128], 'stride_shape': [128, 128, 128]}
2025-05-06 22:29:09,275 [MainThread] INFO HDF5Dataset - Number of patches: 18
2025-05-06 22:29:09,276 [MainThread] INFO HDF5Dataset - Using LazyHDF5Dataset
2025-05-06 22:29:09,276 [MainThread] INFO HDF5Dataset - Loading train set from: /radraid/blchau/data/UCLA/preprocessed/isotropic_train/0035_0000.h5...
2025-05-06 22:29:09,302 [MainThread] INFO Dataset - Slice builder config: {'name': 'SliceBuilder', 'patch_shape': [128, 128, 128], 'stride_shape': [128, 128, 128]}
2025-05-06 22:29:09,305 [MainThread] INFO HDF5Dataset - Number of patches: 32
2025-05-06 22:29:09,305 [MainThread] INFO HDF5Dataset - Using LazyHDF5Dataset
2025-05-06 22:29:09,305 [MainThread] INFO HDF5Dataset - Loading train set from: /radraid/blchau/data/UCLA/preprocessed/isotropic_train/0109_0000.h5...
2025-05-06 22:29:09,323 [MainThread] INFO Dataset - Slice builder config: {'name': 'SliceBuilder', 'patch_shape': [128, 128, 128], 'stride_shape': [128, 128, 128]}
2025-05-06 22:29:09,326 [MainThread] INFO HDF5Dataset - Number of patches: 48
2025-05-06 22:29:09,326 [MainThread] INFO HDF5Dataset - Using LazyHDF5Dataset
2025-05-06 22:29:09,326 [MainThread] INFO HDF5Dataset - Loading train set from: /radraid/blchau/data/UCLA/preprocessed/isotropic_train/0232_0000.h5...
2025-05-06 22:29:09,345 [MainThread] INFO Dataset - Slice builder config: {'name': 'SliceBuilder', 'patch_shape': [128, 128, 128], 'stride_shape': [128, 128, 128]}
2025-05-06 22:29:09,346 [MainThread] INFO HDF5Dataset - Number of patches: 18
2025-05-06 22:29:09,346 [MainThread] INFO HDF5Dataset - Using LazyHDF5Dataset
2025-05-06 22:29:09,346 [MainThread] INFO HDF5Dataset - Loading train set from: /radraid/blchau/data/UCLA/preprocessed/isotropic_train/0239_0000.h5...
2025-05-06 22:29:09,364 [MainThread] INFO Dataset - Slice builder config: {'name': 'SliceBuilder', 'patch_shape': [128, 128, 128], 'stride_shape': [128, 128, 128]}
2025-05-06 22:29:09,366 [MainThread] INFO HDF5Dataset - Number of patches: 48
2025-05-06 22:29:09,367 [MainThread] INFO HDF5Dataset - Using LazyHDF5Dataset
2025-05-06 22:29:09,367 [MainThread] INFO HDF5Dataset - Loading train set from: /radraid/blchau/data/UCLA/preprocessed/isotropic_train/0379_0000.h5...
2025-05-06 22:29:09,385 [MainThread] INFO Dataset - Slice builder config: {'name': 'SliceBuilder', 'patch_shape': [128, 128, 128], 'stride_shape': [128, 128, 128]}
2025-05-06 22:29:09,387 [MainThread] INFO HDF5Dataset - Number of patches: 32
2025-05-06 22:29:09,387 [MainThread] INFO HDF5Dataset - Using LazyHDF5Dataset
2025-05-06 22:29:09,387 [MainThread] INFO HDF5Dataset - Loading train set from: /radraid/blchau/data/UCLA/preprocessed/isotropic_train/0318_0000.h5...
2025-05-06 22:29:09,405 [MainThread] INFO Dataset - Slice builder config: {'name': 'SliceBuilder', 'patch_shape': [128, 128, 128], 'stride_shape': [128, 128, 128]}
2025-05-06 22:29:09,408 [MainThread] INFO HDF5Dataset - Number of patches: 32
2025-05-06 22:29:09,408 [MainThread] INFO HDF5Dataset - Using LazyHDF5Dataset
2025-05-06 22:29:09,408 [MainThread] INFO HDF5Dataset - Loading train set from: /radraid/blchau/data/UCLA/preprocessed/isotropic_train/0363_0000.h5...
2025-05-06 22:29:09,428 [MainThread] INFO Dataset - Slice builder config: {'name': 'SliceBuilder', 'patch_shape': [128, 128, 128], 'stride_shape': [128, 128, 128]}
2025-05-06 22:29:09,429 [MainThread] INFO HDF5Dataset - Number of patches: 18
2025-05-06 22:29:09,429 [MainThread] INFO HDF5Dataset - Using LazyHDF5Dataset
2025-05-06 22:29:09,429 [MainThread] INFO HDF5Dataset - Loading train set from: /radraid/blchau/data/UCLA/preprocessed/isotropic_train/0268_0000.h5...
2025-05-06 22:29:09,453 [MainThread] INFO Dataset - Slice builder config: {'name': 'SliceBuilder', 'patch_shape': [128, 128, 128], 'stride_shape': [128, 128, 128]}
2025-05-06 22:29:09,455 [MainThread] INFO HDF5Dataset - Number of patches: 27
2025-05-06 22:29:09,455 [MainThread] INFO HDF5Dataset - Using LazyHDF5Dataset
2025-05-06 22:29:09,455 [MainThread] INFO HDF5Dataset - Loading train set from: /radraid/blchau/data/UCLA/preprocessed/isotropic_train/0062_0000.h5...
2025-05-06 22:29:09,478 [MainThread] INFO Dataset - Slice builder config: {'name': 'SliceBuilder', 'patch_shape': [128, 128, 128], 'stride_shape': [128, 128, 128]}
2025-05-06 22:29:09,479 [MainThread] INFO HDF5Dataset - Number of patches: 18
2025-05-06 22:29:09,480 [MainThread] INFO HDF5Dataset - Using LazyHDF5Dataset
2025-05-06 22:29:09,480 [MainThread] INFO HDF5Dataset - Loading train set from: /radraid/blchau/data/UCLA/preprocessed/isotropic_train/0028_0000.h5...
2025-05-06 22:29:09,501 [MainThread] INFO Dataset - Slice builder config: {'name': 'SliceBuilder', 'patch_shape': [128, 128, 128], 'stride_shape': [128, 128, 128]}
2025-05-06 22:29:09,503 [MainThread] INFO HDF5Dataset - Number of patches: 36
2025-05-06 22:29:09,503 [MainThread] INFO HDF5Dataset - Using LazyHDF5Dataset
2025-05-06 22:29:09,503 [MainThread] INFO HDF5Dataset - Loading train set from: /radraid/blchau/data/UCLA/preprocessed/isotropic_train/0376_0000.h5...
2025-05-06 22:29:09,536 [MainThread] INFO Dataset - Slice builder config: {'name': 'SliceBuilder', 'patch_shape': [128, 128, 128], 'stride_shape': [128, 128, 128]}
2025-05-06 22:29:09,538 [MainThread] INFO HDF5Dataset - Number of patches: 18
2025-05-06 22:29:09,538 [MainThread] INFO HDF5Dataset - Using LazyHDF5Dataset
2025-05-06 22:29:09,538 [MainThread] INFO HDF5Dataset - Loading train set from: /radraid/blchau/data/UCLA/preprocessed/isotropic_train/0188_0000.h5...
2025-05-06 22:29:09,557 [MainThread] INFO Dataset - Slice builder config: {'name': 'SliceBuilder', 'patch_shape': [128, 128, 128], 'stride_shape': [128, 128, 128]}
2025-05-06 22:29:09,560 [MainThread] INFO HDF5Dataset - Number of patches: 48
2025-05-06 22:29:09,560 [MainThread] INFO HDF5Dataset - Using LazyHDF5Dataset
2025-05-06 22:29:09,561 [MainThread] INFO HDF5Dataset - Loading train set from: /radraid/blchau/data/UCLA/preprocessed/isotropic_train/0339_0000.h5...
2025-05-06 22:29:09,581 [MainThread] INFO Dataset - Slice builder config: {'name': 'SliceBuilder', 'patch_shape': [128, 128, 128], 'stride_shape': [128, 128, 128]}
2025-05-06 22:29:09,582 [MainThread] INFO HDF5Dataset - Number of patches: 27
2025-05-06 22:29:09,583 [MainThread] INFO HDF5Dataset - Using LazyHDF5Dataset
2025-05-06 22:29:09,583 [MainThread] INFO HDF5Dataset - Loading train set from: /radraid/blchau/data/UCLA/preprocessed/isotropic_train/0152_0000.h5...
2025-05-06 22:29:09,600 [MainThread] INFO Dataset - Slice builder config: {'name': 'SliceBuilder', 'patch_shape': [128, 128, 128], 'stride_shape': [128, 128, 128]}
2025-05-06 22:29:09,603 [MainThread] INFO HDF5Dataset - Number of patches: 36
2025-05-06 22:29:09,603 [MainThread] INFO HDF5Dataset - Using LazyHDF5Dataset
2025-05-06 22:29:09,603 [MainThread] INFO HDF5Dataset - Loading train set from: /radraid/blchau/data/UCLA/preprocessed/isotropic_train/0194_0000.h5...
2025-05-06 22:29:09,622 [MainThread] INFO Dataset - Slice builder config: {'name': 'SliceBuilder', 'patch_shape': [128, 128, 128], 'stride_shape': [128, 128, 128]}
2025-05-06 22:29:09,627 [MainThread] INFO HDF5Dataset - Number of patches: 64
2025-05-06 22:29:09,627 [MainThread] INFO HDF5Dataset - Using LazyHDF5Dataset
2025-05-06 22:29:09,627 [MainThread] INFO HDF5Dataset - Loading train set from: /radraid/blchau/data/UCLA/preprocessed/isotropic_train/0246_0000.h5...
2025-05-06 22:29:09,645 [MainThread] INFO Dataset - Slice builder config: {'name': 'SliceBuilder', 'patch_shape': [128, 128, 128], 'stride_shape': [128, 128, 128]}
2025-05-06 22:29:09,651 [MainThread] INFO HDF5Dataset - Number of patches: 128
2025-05-06 22:29:09,651 [MainThread] INFO HDF5Dataset - Using LazyHDF5Dataset
2025-05-06 22:29:09,651 [MainThread] INFO HDF5Dataset - Loading train set from: /radraid/blchau/data/UCLA/preprocessed/isotropic_train/0129_0000.h5...
2025-05-06 22:29:09,671 [MainThread] INFO Dataset - Slice builder config: {'name': 'SliceBuilder', 'patch_shape': [128, 128, 128], 'stride_shape': [128, 128, 128]}
2025-05-06 22:29:09,673 [MainThread] INFO HDF5Dataset - Number of patches: 27
2025-05-06 22:29:09,673 [MainThread] INFO HDF5Dataset - Using LazyHDF5Dataset
2025-05-06 22:29:09,673 [MainThread] INFO HDF5Dataset - Loading train set from: /radraid/blchau/data/UCLA/preprocessed/isotropic_train/0332_0000.h5...
2025-05-06 22:29:09,691 [MainThread] INFO Dataset - Slice builder config: {'name': 'SliceBuilder', 'patch_shape': [128, 128, 128], 'stride_shape': [128, 128, 128]}
2025-05-06 22:29:09,693 [MainThread] INFO HDF5Dataset - Number of patches: 27
2025-05-06 22:29:09,693 [MainThread] INFO HDF5Dataset - Using LazyHDF5Dataset
2025-05-06 22:29:09,693 [MainThread] INFO HDF5Dataset - Loading train set from: /radraid/blchau/data/UCLA/preprocessed/isotropic_train/0276_0000.h5...
2025-05-06 22:29:09,710 [MainThread] INFO Dataset - Slice builder config: {'name': 'SliceBuilder', 'patch_shape': [128, 128, 128], 'stride_shape': [128, 128, 128]}
2025-05-06 22:29:09,712 [MainThread] INFO HDF5Dataset - Number of patches: 27
2025-05-06 22:29:09,712 [MainThread] INFO HDF5Dataset - Using LazyHDF5Dataset
2025-05-06 22:29:09,712 [MainThread] INFO HDF5Dataset - Loading train set from: /radraid/blchau/data/UCLA/preprocessed/isotropic_train/0410_0000.h5...
2025-05-06 22:29:09,730 [MainThread] INFO Dataset - Slice builder config: {'name': 'SliceBuilder', 'patch_shape': [128, 128, 128], 'stride_shape': [128, 128, 128]}
2025-05-06 22:29:09,732 [MainThread] INFO HDF5Dataset - Number of patches: 27
2025-05-06 22:29:09,732 [MainThread] INFO HDF5Dataset - Using LazyHDF5Dataset
2025-05-06 22:29:09,732 [MainThread] INFO HDF5Dataset - Loading train set from: /radraid/blchau/data/UCLA/preprocessed/isotropic_train/0411_0000.h5...
2025-05-06 22:29:09,752 [MainThread] INFO Dataset - Slice builder config: {'name': 'SliceBuilder', 'patch_shape': [128, 128, 128], 'stride_shape': [128, 128, 128]}
2025-05-06 22:29:09,754 [MainThread] INFO HDF5Dataset - Number of patches: 27
2025-05-06 22:29:09,754 [MainThread] INFO HDF5Dataset - Using LazyHDF5Dataset
2025-05-06 22:29:09,755 [MainThread] INFO HDF5Dataset - Loading train set from: /radraid/blchau/data/UCLA/preprocessed/isotropic_train/0322_0000.h5...
2025-05-06 22:29:09,775 [MainThread] INFO Dataset - Slice builder config: {'name': 'SliceBuilder', 'patch_shape': [128, 128, 128], 'stride_shape': [128, 128, 128]}
2025-05-06 22:29:09,779 [MainThread] INFO HDF5Dataset - Number of patches: 80
2025-05-06 22:29:09,779 [MainThread] INFO HDF5Dataset - Using LazyHDF5Dataset
2025-05-06 22:29:09,779 [MainThread] INFO HDF5Dataset - Loading train set from: /radraid/blchau/data/UCLA/preprocessed/isotropic_train/0400_0000.h5...
2025-05-06 22:29:09,799 [MainThread] INFO Dataset - Slice builder config: {'name': 'SliceBuilder', 'patch_shape': [128, 128, 128], 'stride_shape': [128, 128, 128]}
2025-05-06 22:29:09,800 [MainThread] INFO HDF5Dataset - Number of patches: 18
2025-05-06 22:29:09,800 [MainThread] INFO HDF5Dataset - Using LazyHDF5Dataset
2025-05-06 22:29:09,800 [MainThread] INFO HDF5Dataset - Loading train set from: /radraid/blchau/data/UCLA/preprocessed/isotropic_train/0149_0000.h5...
2025-05-06 22:29:09,820 [MainThread] INFO Dataset - Slice builder config: {'name': 'SliceBuilder', 'patch_shape': [128, 128, 128], 'stride_shape': [128, 128, 128]}
2025-05-06 22:29:09,822 [MainThread] INFO HDF5Dataset - Number of patches: 27
2025-05-06 22:29:09,822 [MainThread] INFO HDF5Dataset - Using LazyHDF5Dataset
2025-05-06 22:29:09,822 [MainThread] INFO HDF5Dataset - Loading train set from: /radraid/blchau/data/UCLA/preprocessed/isotropic_train/0032_0000.h5...
2025-05-06 22:29:09,847 [MainThread] INFO Dataset - Slice builder config: {'name': 'SliceBuilder', 'patch_shape': [128, 128, 128], 'stride_shape': [128, 128, 128]}
2025-05-06 22:29:09,848 [MainThread] INFO HDF5Dataset - Number of patches: 18
2025-05-06 22:29:09,849 [MainThread] INFO HDF5Dataset - Using LazyHDF5Dataset
2025-05-06 22:29:09,849 [MainThread] INFO HDF5Dataset - Loading train set from: /radraid/blchau/data/UCLA/preprocessed/isotropic_train/0113_0000.h5...
2025-05-06 22:29:09,869 [MainThread] INFO Dataset - Slice builder config: {'name': 'SliceBuilder', 'patch_shape': [128, 128, 128], 'stride_shape': [128, 128, 128]}
2025-05-06 22:29:09,872 [MainThread] INFO HDF5Dataset - Number of patches: 48
2025-05-06 22:29:09,872 [MainThread] INFO HDF5Dataset - Using LazyHDF5Dataset
2025-05-06 22:29:09,872 [MainThread] INFO HDF5Dataset - Loading train set from: /radraid/blchau/data/UCLA/preprocessed/isotropic_train/0436_0000.h5...
2025-05-06 22:29:09,898 [MainThread] INFO Dataset - Slice builder config: {'name': 'SliceBuilder', 'patch_shape': [128, 128, 128], 'stride_shape': [128, 128, 128]}
2025-05-06 22:29:09,900 [MainThread] INFO HDF5Dataset - Number of patches: 48
2025-05-06 22:29:09,900 [MainThread] INFO HDF5Dataset - Using LazyHDF5Dataset
2025-05-06 22:29:09,901 [MainThread] INFO HDF5Dataset - Loading train set from: /radraid/blchau/data/UCLA/preprocessed/isotropic_train/0090_0000.h5...
2025-05-06 22:29:09,922 [MainThread] INFO Dataset - Slice builder config: {'name': 'SliceBuilder', 'patch_shape': [128, 128, 128], 'stride_shape': [128, 128, 128]}
2025-05-06 22:29:09,925 [MainThread] INFO HDF5Dataset - Number of patches: 36
2025-05-06 22:29:09,925 [MainThread] INFO HDF5Dataset - Using LazyHDF5Dataset
2025-05-06 22:29:09,925 [MainThread] INFO HDF5Dataset - Loading train set from: /radraid/blchau/data/UCLA/preprocessed/isotropic_train/0300_0000.h5...
2025-05-06 22:29:09,942 [MainThread] INFO Dataset - Slice builder config: {'name': 'SliceBuilder', 'patch_shape': [128, 128, 128], 'stride_shape': [128, 128, 128]}
2025-05-06 22:29:09,944 [MainThread] INFO HDF5Dataset - Number of patches: 27
2025-05-06 22:29:09,944 [MainThread] INFO HDF5Dataset - Using LazyHDF5Dataset
2025-05-06 22:29:09,944 [MainThread] INFO HDF5Dataset - Loading train set from: /radraid/blchau/data/UCLA/preprocessed/isotropic_train/0414_0000.h5...
2025-05-06 22:29:09,963 [MainThread] INFO Dataset - Slice builder config: {'name': 'SliceBuilder', 'patch_shape': [128, 128, 128], 'stride_shape': [128, 128, 128]}
2025-05-06 22:29:09,965 [MainThread] INFO HDF5Dataset - Number of patches: 32
2025-05-06 22:29:09,965 [MainThread] INFO HDF5Dataset - Using LazyHDF5Dataset
2025-05-06 22:29:09,965 [MainThread] INFO HDF5Dataset - Loading train set from: /radraid/blchau/data/UCLA/preprocessed/isotropic_train/0472_0000.h5...
2025-05-06 22:29:09,983 [MainThread] INFO Dataset - Slice builder config: {'name': 'SliceBuilder', 'patch_shape': [128, 128, 128], 'stride_shape': [128, 128, 128]}
2025-05-06 22:29:09,985 [MainThread] INFO HDF5Dataset - Number of patches: 27
2025-05-06 22:29:09,985 [MainThread] INFO HDF5Dataset - Using LazyHDF5Dataset
2025-05-06 22:29:09,985 [MainThread] INFO HDF5Dataset - Loading train set from: /radraid/blchau/data/UCLA/preprocessed/isotropic_train/0000_0000.h5...
2025-05-06 22:29:10,003 [MainThread] INFO Dataset - Slice builder config: {'name': 'SliceBuilder', 'patch_shape': [128, 128, 128], 'stride_shape': [128, 128, 128]}
2025-05-06 22:29:10,006 [MainThread] INFO HDF5Dataset - Number of patches: 64
2025-05-06 22:29:10,006 [MainThread] INFO HDF5Dataset - Using LazyHDF5Dataset
2025-05-06 22:29:10,006 [MainThread] INFO HDF5Dataset - Loading train set from: /radraid/blchau/data/UCLA/preprocessed/isotropic_train/0278_0000.h5...
2025-05-06 22:29:10,026 [MainThread] INFO Dataset - Slice builder config: {'name': 'SliceBuilder', 'patch_shape': [128, 128, 128], 'stride_shape': [128, 128, 128]}
2025-05-06 22:29:10,027 [MainThread] INFO HDF5Dataset - Number of patches: 18
2025-05-06 22:29:10,028 [MainThread] INFO HDF5Dataset - Using LazyHDF5Dataset
2025-05-06 22:29:10,028 [MainThread] INFO HDF5Dataset - Loading train set from: /radraid/blchau/data/UCLA/preprocessed/isotropic_train/0355_0000.h5...
2025-05-06 22:29:10,046 [MainThread] INFO Dataset - Slice builder config: {'name': 'SliceBuilder', 'patch_shape': [128, 128, 128], 'stride_shape': [128, 128, 128]}
2025-05-06 22:29:10,049 [MainThread] INFO HDF5Dataset - Number of patches: 48
2025-05-06 22:29:10,049 [MainThread] INFO HDF5Dataset - Using LazyHDF5Dataset
2025-05-06 22:29:10,049 [MainThread] INFO HDF5Dataset - Loading train set from: /radraid/blchau/data/UCLA/preprocessed/isotropic_train/0255_0000.h5...
2025-05-06 22:29:10,070 [MainThread] INFO Dataset - Slice builder config: {'name': 'SliceBuilder', 'patch_shape': [128, 128, 128], 'stride_shape': [128, 128, 128]}
2025-05-06 22:29:10,072 [MainThread] INFO HDF5Dataset - Number of patches: 18
2025-05-06 22:29:10,072 [MainThread] INFO HDF5Dataset - Using LazyHDF5Dataset
2025-05-06 22:29:10,072 [MainThread] INFO HDF5Dataset - Loading train set from: /radraid/blchau/data/UCLA/preprocessed/isotropic_train/0344_0000.h5...
2025-05-06 22:29:10,096 [MainThread] INFO Dataset - Slice builder config: {'name': 'SliceBuilder', 'patch_shape': [128, 128, 128], 'stride_shape': [128, 128, 128]}
2025-05-06 22:29:10,098 [MainThread] INFO HDF5Dataset - Number of patches: 27
2025-05-06 22:29:10,098 [MainThread] INFO HDF5Dataset - Using LazyHDF5Dataset
2025-05-06 22:29:10,098 [MainThread] INFO HDF5Dataset - Loading train set from: /radraid/blchau/data/UCLA/preprocessed/isotropic_train/0187_0000.h5...
2025-05-06 22:29:10,125 [MainThread] INFO Dataset - Slice builder config: {'name': 'SliceBuilder', 'patch_shape': [128, 128, 128], 'stride_shape': [128, 128, 128]}
2025-05-06 22:29:10,127 [MainThread] INFO HDF5Dataset - Number of patches: 48
2025-05-06 22:29:10,128 [MainThread] INFO HDF5Dataset - Using LazyHDF5Dataset
2025-05-06 22:29:10,128 [MainThread] INFO HDF5Dataset - Loading train set from: /radraid/blchau/data/UCLA/preprocessed/isotropic_train/0216_0000.h5...
2025-05-06 22:29:10,148 [MainThread] INFO Dataset - Slice builder config: {'name': 'SliceBuilder', 'patch_shape': [128, 128, 128], 'stride_shape': [128, 128, 128]}
2025-05-06 22:29:10,151 [MainThread] INFO HDF5Dataset - Number of patches: 48
2025-05-06 22:29:10,151 [MainThread] INFO HDF5Dataset - Using LazyHDF5Dataset
2025-05-06 22:29:10,151 [MainThread] INFO HDF5Dataset - Loading train set from: /radraid/blchau/data/UCLA/preprocessed/isotropic_train/0251_0000.h5...
2025-05-06 22:29:10,170 [MainThread] INFO Dataset - Slice builder config: {'name': 'SliceBuilder', 'patch_shape': [128, 128, 128], 'stride_shape': [128, 128, 128]}
2025-05-06 22:29:10,172 [MainThread] INFO HDF5Dataset - Number of patches: 32
2025-05-06 22:29:10,172 [MainThread] INFO HDF5Dataset - Using LazyHDF5Dataset
2025-05-06 22:29:10,172 [MainThread] INFO HDF5Dataset - Loading train set from: /radraid/blchau/data/UCLA/preprocessed/isotropic_train/0210_0000.h5...
2025-05-06 22:29:10,191 [MainThread] INFO Dataset - Slice builder config: {'name': 'SliceBuilder', 'patch_shape': [128, 128, 128], 'stride_shape': [128, 128, 128]}
2025-05-06 22:29:10,194 [MainThread] INFO HDF5Dataset - Number of patches: 48
2025-05-06 22:29:10,194 [MainThread] INFO HDF5Dataset - Using LazyHDF5Dataset
2025-05-06 22:29:10,194 [MainThread] INFO HDF5Dataset - Loading train set from: /radraid/blchau/data/UCLA/preprocessed/isotropic_train/0126_0000.h5...
2025-05-06 22:29:10,213 [MainThread] INFO Dataset - Slice builder config: {'name': 'SliceBuilder', 'patch_shape': [128, 128, 128], 'stride_shape': [128, 128, 128]}
2025-05-06 22:29:10,214 [MainThread] INFO HDF5Dataset - Number of patches: 18
2025-05-06 22:29:10,214 [MainThread] INFO HDF5Dataset - Using LazyHDF5Dataset
2025-05-06 22:29:10,214 [MainThread] INFO HDF5Dataset - Loading train set from: /radraid/blchau/data/UCLA/preprocessed/isotropic_train/0293_0000.h5...
2025-05-06 22:29:10,235 [MainThread] INFO Dataset - Slice builder config: {'name': 'SliceBuilder', 'patch_shape': [128, 128, 128], 'stride_shape': [128, 128, 128]}
2025-05-06 22:29:10,237 [MainThread] INFO HDF5Dataset - Number of patches: 27
2025-05-06 22:29:10,237 [MainThread] INFO HDF5Dataset - Using LazyHDF5Dataset
2025-05-06 22:29:10,237 [MainThread] INFO HDF5Dataset - Loading train set from: /radraid/blchau/data/UCLA/preprocessed/isotropic_train/0398_0000.h5...
2025-05-06 22:29:10,261 [MainThread] INFO Dataset - Slice builder config: {'name': 'SliceBuilder', 'patch_shape': [128, 128, 128], 'stride_shape': [128, 128, 128]}
2025-05-06 22:29:10,263 [MainThread] INFO HDF5Dataset - Number of patches: 32
2025-05-06 22:29:10,264 [MainThread] INFO HDF5Dataset - Using LazyHDF5Dataset
2025-05-06 22:29:10,264 [MainThread] INFO HDF5Dataset - Loading train set from: /radraid/blchau/data/UCLA/preprocessed/isotropic_train/0405_0000.h5...
2025-05-06 22:29:10,287 [MainThread] INFO Dataset - Slice builder config: {'name': 'SliceBuilder', 'patch_shape': [128, 128, 128], 'stride_shape': [128, 128, 128]}
2025-05-06 22:29:10,290 [MainThread] INFO HDF5Dataset - Number of patches: 48
2025-05-06 22:29:10,290 [MainThread] INFO HDF5Dataset - Using LazyHDF5Dataset
2025-05-06 22:29:10,290 [MainThread] INFO HDF5Dataset - Loading train set from: /radraid/blchau/data/UCLA/preprocessed/isotropic_train/0463_0000.h5...
2025-05-06 22:29:10,315 [MainThread] INFO Dataset - Slice builder config: {'name': 'SliceBuilder', 'patch_shape': [128, 128, 128], 'stride_shape': [128, 128, 128]}
2025-05-06 22:29:10,318 [MainThread] INFO HDF5Dataset - Number of patches: 48
2025-05-06 22:29:10,318 [MainThread] INFO HDF5Dataset - Using LazyHDF5Dataset
2025-05-06 22:29:10,318 [MainThread] INFO HDF5Dataset - Loading train set from: /radraid/blchau/data/UCLA/preprocessed/isotropic_train/0138_0000.h5...
2025-05-06 22:29:10,339 [MainThread] INFO Dataset - Slice builder config: {'name': 'SliceBuilder', 'patch_shape': [128, 128, 128], 'stride_shape': [128, 128, 128]}
2025-05-06 22:29:10,341 [MainThread] INFO HDF5Dataset - Number of patches: 27
2025-05-06 22:29:10,341 [MainThread] INFO HDF5Dataset - Using LazyHDF5Dataset
2025-05-06 22:29:10,341 [MainThread] INFO HDF5Dataset - Loading train set from: /radraid/blchau/data/UCLA/preprocessed/isotropic_train/0172_0000.h5...
2025-05-06 22:29:10,362 [MainThread] INFO Dataset - Slice builder config: {'name': 'SliceBuilder', 'patch_shape': [128, 128, 128], 'stride_shape': [128, 128, 128]}
2025-05-06 22:29:10,364 [MainThread] INFO HDF5Dataset - Number of patches: 48
2025-05-06 22:29:10,364 [MainThread] INFO HDF5Dataset - Using LazyHDF5Dataset
2025-05-06 22:29:10,365 [MainThread] INFO HDF5Dataset - Loading train set from: /radraid/blchau/data/UCLA/preprocessed/isotropic_train/0107_0000.h5...
2025-05-06 22:29:10,383 [MainThread] INFO Dataset - Slice builder config: {'name': 'SliceBuilder', 'patch_shape': [128, 128, 128], 'stride_shape': [128, 128, 128]}
2025-05-06 22:29:10,387 [MainThread] INFO HDF5Dataset - Number of patches: 64
2025-05-06 22:29:10,387 [MainThread] INFO HDF5Dataset - Using LazyHDF5Dataset
2025-05-06 22:29:10,387 [MainThread] INFO HDF5Dataset - Loading train set from: /radraid/blchau/data/UCLA/preprocessed/isotropic_train/0182_0000.h5...
2025-05-06 22:29:10,407 [MainThread] INFO Dataset - Slice builder config: {'name': 'SliceBuilder', 'patch_shape': [128, 128, 128], 'stride_shape': [128, 128, 128]}
2025-05-06 22:29:10,409 [MainThread] INFO HDF5Dataset - Number of patches: 36
2025-05-06 22:29:10,409 [MainThread] INFO HDF5Dataset - Using LazyHDF5Dataset
2025-05-06 22:29:10,409 [MainThread] INFO HDF5Dataset - Loading train set from: /radraid/blchau/data/UCLA/preprocessed/isotropic_train/0174_0000.h5...
2025-05-06 22:29:10,429 [MainThread] INFO Dataset - Slice builder config: {'name': 'SliceBuilder', 'patch_shape': [128, 128, 128], 'stride_shape': [128, 128, 128]}
2025-05-06 22:29:10,430 [MainThread] INFO HDF5Dataset - Number of patches: 18
2025-05-06 22:29:10,431 [MainThread] INFO HDF5Dataset - Using LazyHDF5Dataset
2025-05-06 22:29:10,431 [MainThread] INFO HDF5Dataset - Loading train set from: /radraid/blchau/data/UCLA/preprocessed/isotropic_train/0036_0000.h5...
2025-05-06 22:29:10,453 [MainThread] INFO Dataset - Slice builder config: {'name': 'SliceBuilder', 'patch_shape': [128, 128, 128], 'stride_shape': [128, 128, 128]}
2025-05-06 22:29:10,456 [MainThread] INFO HDF5Dataset - Number of patches: 48
2025-05-06 22:29:10,456 [MainThread] INFO HDF5Dataset - Using LazyHDF5Dataset
2025-05-06 22:29:10,456 [MainThread] INFO HDF5Dataset - Loading train set from: /radraid/blchau/data/UCLA/preprocessed/isotropic_train/0403_0000.h5...
2025-05-06 22:29:10,477 [MainThread] INFO Dataset - Slice builder config: {'name': 'SliceBuilder', 'patch_shape': [128, 128, 128], 'stride_shape': [128, 128, 128]}
2025-05-06 22:29:10,479 [MainThread] INFO HDF5Dataset - Number of patches: 32
2025-05-06 22:29:10,479 [MainThread] INFO HDF5Dataset - Using LazyHDF5Dataset
2025-05-06 22:29:10,479 [MainThread] INFO HDF5Dataset - Loading train set from: /radraid/blchau/data/UCLA/preprocessed/isotropic_train/0048_0000.h5...
2025-05-06 22:29:10,500 [MainThread] INFO Dataset - Slice builder config: {'name': 'SliceBuilder', 'patch_shape': [128, 128, 128], 'stride_shape': [128, 128, 128]}
2025-05-06 22:29:10,501 [MainThread] INFO HDF5Dataset - Number of patches: 18
2025-05-06 22:29:10,501 [MainThread] INFO HDF5Dataset - Using LazyHDF5Dataset
2025-05-06 22:29:10,501 [MainThread] INFO HDF5Dataset - Loading train set from: /radraid/blchau/data/UCLA/preprocessed/isotropic_train/0262_0000.h5...
2025-05-06 22:29:10,522 [MainThread] INFO Dataset - Slice builder config: {'name': 'SliceBuilder', 'patch_shape': [128, 128, 128], 'stride_shape': [128, 128, 128]}
2025-05-06 22:29:10,523 [MainThread] INFO HDF5Dataset - Number of patches: 27
2025-05-06 22:29:10,524 [MainThread] INFO HDF5Dataset - Using LazyHDF5Dataset
2025-05-06 22:29:10,524 [MainThread] INFO HDF5Dataset - Loading train set from: /radraid/blchau/data/UCLA/preprocessed/isotropic_train/0465_0000.h5...
2025-05-06 22:29:10,548 [MainThread] INFO Dataset - Slice builder config: {'name': 'SliceBuilder', 'patch_shape': [128, 128, 128], 'stride_shape': [128, 128, 128]}
2025-05-06 22:29:10,550 [MainThread] INFO HDF5Dataset - Number of patches: 18
2025-05-06 22:29:10,550 [MainThread] INFO HDF5Dataset - Using LazyHDF5Dataset
2025-05-06 22:29:10,550 [MainThread] INFO HDF5Dataset - Loading train set from: /radraid/blchau/data/UCLA/preprocessed/isotropic_train/0425_0000.h5...
2025-05-06 22:29:10,575 [MainThread] INFO Dataset - Slice builder config: {'name': 'SliceBuilder', 'patch_shape': [128, 128, 128], 'stride_shape': [128, 128, 128]}
2025-05-06 22:29:10,577 [MainThread] INFO HDF5Dataset - Number of patches: 27
2025-05-06 22:29:10,577 [MainThread] INFO HDF5Dataset - Using LazyHDF5Dataset
2025-05-06 22:29:10,577 [MainThread] INFO HDF5Dataset - Loading train set from: /radraid/blchau/data/UCLA/preprocessed/isotropic_train/0477_0000.h5...
2025-05-06 22:29:10,601 [MainThread] INFO Dataset - Slice builder config: {'name': 'SliceBuilder', 'patch_shape': [128, 128, 128], 'stride_shape': [128, 128, 128]}
2025-05-06 22:29:10,606 [MainThread] INFO HDF5Dataset - Number of patches: 64
2025-05-06 22:29:10,606 [MainThread] INFO HDF5Dataset - Using LazyHDF5Dataset
2025-05-06 22:29:10,606 [MainThread] INFO HDF5Dataset - Loading train set from: /radraid/blchau/data/UCLA/preprocessed/isotropic_train/0303_0000.h5...
2025-05-06 22:29:10,625 [MainThread] INFO Dataset - Slice builder config: {'name': 'SliceBuilder', 'patch_shape': [128, 128, 128], 'stride_shape': [128, 128, 128]}
2025-05-06 22:29:10,628 [MainThread] INFO HDF5Dataset - Number of patches: 48
2025-05-06 22:29:10,628 [MainThread] INFO HDF5Dataset - Using LazyHDF5Dataset
2025-05-06 22:29:10,628 [MainThread] INFO HDF5Dataset - Loading train set from: /radraid/blchau/data/UCLA/preprocessed/isotropic_train/0069_0000.h5...
2025-05-06 22:29:10,650 [MainThread] INFO Dataset - Slice builder config: {'name': 'SliceBuilder', 'patch_shape': [128, 128, 128], 'stride_shape': [128, 128, 128]}
2025-05-06 22:29:10,651 [MainThread] INFO HDF5Dataset - Number of patches: 18
2025-05-06 22:29:10,651 [MainThread] INFO HDF5Dataset - Using LazyHDF5Dataset
2025-05-06 22:29:10,652 [MainThread] INFO HDF5Dataset - Loading train set from: /radraid/blchau/data/UCLA/preprocessed/isotropic_train/0130_0000.h5...
2025-05-06 22:29:10,674 [MainThread] INFO Dataset - Slice builder config: {'name': 'SliceBuilder', 'patch_shape': [128, 128, 128], 'stride_shape': [128, 128, 128]}
2025-05-06 22:29:10,676 [MainThread] INFO HDF5Dataset - Number of patches: 27
2025-05-06 22:29:10,676 [MainThread] INFO HDF5Dataset - Using LazyHDF5Dataset
2025-05-06 22:29:10,676 [MainThread] INFO HDF5Dataset - Loading train set from: /radraid/blchau/data/UCLA/preprocessed/isotropic_train/0424_0000.h5...
2025-05-06 22:29:10,698 [MainThread] INFO Dataset - Slice builder config: {'name': 'SliceBuilder', 'patch_shape': [128, 128, 128], 'stride_shape': [128, 128, 128]}
2025-05-06 22:29:10,700 [MainThread] INFO HDF5Dataset - Number of patches: 32
2025-05-06 22:29:10,701 [MainThread] INFO HDF5Dataset - Using LazyHDF5Dataset
2025-05-06 22:29:10,701 [MainThread] INFO HDF5Dataset - Loading train set from: /radraid/blchau/data/UCLA/preprocessed/isotropic_train/0236_0000.h5...
2025-05-06 22:29:10,723 [MainThread] INFO Dataset - Slice builder config: {'name': 'SliceBuilder', 'patch_shape': [128, 128, 128], 'stride_shape': [128, 128, 128]}
2025-05-06 22:29:10,726 [MainThread] INFO HDF5Dataset - Number of patches: 48
2025-05-06 22:29:10,726 [MainThread] INFO HDF5Dataset - Using LazyHDF5Dataset
2025-05-06 22:29:10,726 [MainThread] INFO HDF5Dataset - Loading train set from: /radraid/blchau/data/UCLA/preprocessed/isotropic_train/0365_0000.h5...
2025-05-06 22:29:10,746 [MainThread] INFO Dataset - Slice builder config: {'name': 'SliceBuilder', 'patch_shape': [128, 128, 128], 'stride_shape': [128, 128, 128]}
2025-05-06 22:29:10,748 [MainThread] INFO HDF5Dataset - Number of patches: 27
2025-05-06 22:29:10,748 [MainThread] INFO HDF5Dataset - Using LazyHDF5Dataset
2025-05-06 22:29:10,748 [MainThread] INFO HDF5Dataset - Loading train set from: /radraid/blchau/data/UCLA/preprocessed/isotropic_train/0302_0000.h5...
2025-05-06 22:29:10,769 [MainThread] INFO Dataset - Slice builder config: {'name': 'SliceBuilder', 'patch_shape': [128, 128, 128], 'stride_shape': [128, 128, 128]}
2025-05-06 22:29:10,771 [MainThread] INFO HDF5Dataset - Number of patches: 27
2025-05-06 22:29:10,771 [MainThread] INFO HDF5Dataset - Using LazyHDF5Dataset
2025-05-06 22:29:10,771 [MainThread] INFO HDF5Dataset - Loading train set from: /radraid/blchau/data/UCLA/preprocessed/isotropic_train/0150_0000.h5...
2025-05-06 22:29:10,791 [MainThread] INFO Dataset - Slice builder config: {'name': 'SliceBuilder', 'patch_shape': [128, 128, 128], 'stride_shape': [128, 128, 128]}
2025-05-06 22:29:10,793 [MainThread] INFO HDF5Dataset - Number of patches: 27
2025-05-06 22:29:10,793 [MainThread] INFO HDF5Dataset - Using LazyHDF5Dataset
2025-05-06 22:29:10,793 [MainThread] INFO HDF5Dataset - Loading train set from: /radraid/blchau/data/UCLA/preprocessed/isotropic_train/0037_0000.h5...
2025-05-06 22:29:10,814 [MainThread] INFO Dataset - Slice builder config: {'name': 'SliceBuilder', 'patch_shape': [128, 128, 128], 'stride_shape': [128, 128, 128]}
2025-05-06 22:29:10,815 [MainThread] INFO HDF5Dataset - Number of patches: 18
2025-05-06 22:29:10,815 [MainThread] INFO HDF5Dataset - Using LazyHDF5Dataset
2025-05-06 22:29:10,815 [MainThread] INFO HDF5Dataset - Loading train set from: /radraid/blchau/data/UCLA/preprocessed/isotropic_train/0325_0000.h5...
2025-05-06 22:29:10,837 [MainThread] INFO Dataset - Slice builder config: {'name': 'SliceBuilder', 'patch_shape': [128, 128, 128], 'stride_shape': [128, 128, 128]}
2025-05-06 22:29:10,840 [MainThread] INFO HDF5Dataset - Number of patches: 48
2025-05-06 22:29:10,840 [MainThread] INFO HDF5Dataset - Using LazyHDF5Dataset
2025-05-06 22:29:10,840 [MainThread] INFO HDF5Dataset - Loading train set from: /radraid/blchau/data/UCLA/preprocessed/isotropic_train/0201_0000.h5...
2025-05-06 22:29:10,860 [MainThread] INFO Dataset - Slice builder config: {'name': 'SliceBuilder', 'patch_shape': [128, 128, 128], 'stride_shape': [128, 128, 128]}
2025-05-06 22:29:10,863 [MainThread] INFO HDF5Dataset - Number of patches: 64
2025-05-06 22:29:10,863 [MainThread] INFO HDF5Dataset - Using LazyHDF5Dataset
2025-05-06 22:29:10,864 [MainThread] INFO HDF5Dataset - Loading train set from: /radraid/blchau/data/UCLA/preprocessed/isotropic_train/0422_0000.h5...
2025-05-06 22:29:10,884 [MainThread] INFO Dataset - Slice builder config: {'name': 'SliceBuilder', 'patch_shape': [128, 128, 128], 'stride_shape': [128, 128, 128]}
2025-05-06 22:29:10,885 [MainThread] INFO HDF5Dataset - Number of patches: 18
2025-05-06 22:29:10,885 [MainThread] INFO HDF5Dataset - Using LazyHDF5Dataset
2025-05-06 22:29:10,885 [MainThread] INFO HDF5Dataset - Loading train set from: /radraid/blchau/data/UCLA/preprocessed/isotropic_train/0039_0000.h5...
2025-05-06 22:29:10,910 [MainThread] INFO Dataset - Slice builder config: {'name': 'SliceBuilder', 'patch_shape': [128, 128, 128], 'stride_shape': [128, 128, 128]}
2025-05-06 22:29:10,911 [MainThread] INFO HDF5Dataset - Number of patches: 27
2025-05-06 22:29:10,912 [MainThread] INFO HDF5Dataset - Using LazyHDF5Dataset
2025-05-06 22:29:10,912 [MainThread] INFO HDF5Dataset - Loading train set from: /radraid/blchau/data/UCLA/preprocessed/isotropic_train/0128_0000.h5...
2025-05-06 22:29:10,930 [MainThread] INFO Dataset - Slice builder config: {'name': 'SliceBuilder', 'patch_shape': [128, 128, 128], 'stride_shape': [128, 128, 128]}
2025-05-06 22:29:10,931 [MainThread] INFO HDF5Dataset - Number of patches: 18
2025-05-06 22:29:10,931 [MainThread] INFO HDF5Dataset - Using LazyHDF5Dataset
2025-05-06 22:29:10,932 [MainThread] INFO HDF5Dataset - Loading train set from: /radraid/blchau/data/UCLA/preprocessed/isotropic_train/0070_0000.h5...
2025-05-06 22:29:10,947 [MainThread] INFO Dataset - Slice builder config: {'name': 'SliceBuilder', 'patch_shape': [128, 128, 128], 'stride_shape': [128, 128, 128]}
2025-05-06 22:29:10,949 [MainThread] INFO HDF5Dataset - Number of patches: 18
2025-05-06 22:29:10,949 [MainThread] INFO HDF5Dataset - Using LazyHDF5Dataset
2025-05-06 22:29:10,949 [MainThread] INFO HDF5Dataset - Loading train set from: /radraid/blchau/data/UCLA/preprocessed/isotropic_train/0319_0000.h5...
2025-05-06 22:29:10,967 [MainThread] INFO Dataset - Slice builder config: {'name': 'SliceBuilder', 'patch_shape': [128, 128, 128], 'stride_shape': [128, 128, 128]}
2025-05-06 22:29:10,969 [MainThread] INFO HDF5Dataset - Number of patches: 48
2025-05-06 22:29:10,969 [MainThread] INFO HDF5Dataset - Using LazyHDF5Dataset
2025-05-06 22:29:10,969 [MainThread] INFO HDF5Dataset - Loading train set from: /radraid/blchau/data/UCLA/preprocessed/isotropic_train/0002_0000.h5...
2025-05-06 22:29:10,986 [MainThread] INFO Dataset - Slice builder config: {'name': 'SliceBuilder', 'patch_shape': [128, 128, 128], 'stride_shape': [128, 128, 128]}
2025-05-06 22:29:10,988 [MainThread] INFO HDF5Dataset - Number of patches: 27
2025-05-06 22:29:10,988 [MainThread] INFO HDF5Dataset - Using LazyHDF5Dataset
2025-05-06 22:29:10,988 [MainThread] INFO HDF5Dataset - Loading train set from: /radraid/blchau/data/UCLA/preprocessed/isotropic_train/0483_0000.h5...
2025-05-06 22:29:11,004 [MainThread] INFO Dataset - Slice builder config: {'name': 'SliceBuilder', 'patch_shape': [128, 128, 128], 'stride_shape': [128, 128, 128]}
2025-05-06 22:29:11,006 [MainThread] INFO HDF5Dataset - Number of patches: 32
2025-05-06 22:29:11,006 [MainThread] INFO HDF5Dataset - Using LazyHDF5Dataset
2025-05-06 22:29:11,006 [MainThread] INFO HDF5Dataset - Loading train set from: /radraid/blchau/data/UCLA/preprocessed/isotropic_train/0364_0000.h5...
2025-05-06 22:29:11,026 [MainThread] INFO Dataset - Slice builder config: {'name': 'SliceBuilder', 'patch_shape': [128, 128, 128], 'stride_shape': [128, 128, 128]}
2025-05-06 22:29:11,028 [MainThread] INFO HDF5Dataset - Number of patches: 27
2025-05-06 22:29:11,028 [MainThread] INFO HDF5Dataset - Using LazyHDF5Dataset
2025-05-06 22:29:11,028 [MainThread] INFO HDF5Dataset - Loading train set from: /radraid/blchau/data/UCLA/preprocessed/isotropic_train/0204_0000.h5...
2025-05-06 22:29:11,048 [MainThread] INFO Dataset - Slice builder config: {'name': 'SliceBuilder', 'patch_shape': [128, 128, 128], 'stride_shape': [128, 128, 128]}
2025-05-06 22:29:11,050 [MainThread] INFO HDF5Dataset - Number of patches: 27
2025-05-06 22:29:11,050 [MainThread] INFO HDF5Dataset - Using LazyHDF5Dataset
2025-05-06 22:29:11,051 [MainThread] INFO HDF5Dataset - Loading train set from: /radraid/blchau/data/UCLA/preprocessed/isotropic_train/0081_0000.h5...
2025-05-06 22:29:11,074 [MainThread] INFO Dataset - Slice builder config: {'name': 'SliceBuilder', 'patch_shape': [128, 128, 128], 'stride_shape': [128, 128, 128]}
2025-05-06 22:29:11,076 [MainThread] INFO HDF5Dataset - Number of patches: 32
2025-05-06 22:29:11,077 [MainThread] INFO HDF5Dataset - Using LazyHDF5Dataset
2025-05-06 22:29:11,077 [MainThread] INFO HDF5Dataset - Loading train set from: /radraid/blchau/data/UCLA/preprocessed/isotropic_train/0387_0000.h5...
2025-05-06 22:29:11,093 [MainThread] INFO Dataset - Slice builder config: {'name': 'SliceBuilder', 'patch_shape': [128, 128, 128], 'stride_shape': [128, 128, 128]}
2025-05-06 22:29:11,095 [MainThread] INFO HDF5Dataset - Number of patches: 18
2025-05-06 22:29:11,095 [MainThread] INFO HDF5Dataset - Using LazyHDF5Dataset
2025-05-06 22:29:11,095 [MainThread] INFO HDF5Dataset - Loading train set from: /radraid/blchau/data/UCLA/preprocessed/isotropic_train/0242_0000.h5...
2025-05-06 22:29:11,113 [MainThread] INFO Dataset - Slice builder config: {'name': 'SliceBuilder', 'patch_shape': [128, 128, 128], 'stride_shape': [128, 128, 128]}
2025-05-06 22:29:11,115 [MainThread] INFO HDF5Dataset - Number of patches: 32
2025-05-06 22:29:11,115 [MainThread] INFO HDF5Dataset - Using LazyHDF5Dataset
2025-05-06 22:29:11,115 [MainThread] INFO HDF5Dataset - Loading train set from: /radraid/blchau/data/UCLA/preprocessed/isotropic_train/0199_0000.h5...
2025-05-06 22:29:11,134 [MainThread] INFO Dataset - Slice builder config: {'name': 'SliceBuilder', 'patch_shape': [128, 128, 128], 'stride_shape': [128, 128, 128]}
2025-05-06 22:29:11,137 [MainThread] INFO HDF5Dataset - Number of patches: 48
2025-05-06 22:29:11,137 [MainThread] INFO HDF5Dataset - Using LazyHDF5Dataset
2025-05-06 22:29:11,137 [MainThread] INFO HDF5Dataset - Loading train set from: /radraid/blchau/data/UCLA/preprocessed/isotropic_train/0291_0000.h5...
2025-05-06 22:29:11,155 [MainThread] INFO Dataset - Slice builder config: {'name': 'SliceBuilder', 'patch_shape': [128, 128, 128], 'stride_shape': [128, 128, 128]}
2025-05-06 22:29:11,158 [MainThread] INFO HDF5Dataset - Number of patches: 36
2025-05-06 22:29:11,158 [MainThread] INFO HDF5Dataset - Using LazyHDF5Dataset
2025-05-06 22:29:11,158 [MainThread] INFO HDF5Dataset - Loading train set from: /radraid/blchau/data/UCLA/preprocessed/isotropic_train/0383_0000.h5...
2025-05-06 22:29:11,186 [MainThread] INFO Dataset - Slice builder config: {'name': 'SliceBuilder', 'patch_shape': [128, 128, 128], 'stride_shape': [128, 128, 128]}
2025-05-06 22:29:11,188 [MainThread] INFO HDF5Dataset - Number of patches: 32
2025-05-06 22:29:11,188 [MainThread] INFO HDF5Dataset - Using LazyHDF5Dataset
2025-05-06 22:29:11,188 [MainThread] INFO HDF5Dataset - Loading train set from: /radraid/blchau/data/UCLA/preprocessed/isotropic_train/0476_0000.h5...
2025-05-06 22:29:11,223 [MainThread] INFO Dataset - Slice builder config: {'name': 'SliceBuilder', 'patch_shape': [128, 128, 128], 'stride_shape': [128, 128, 128]}
2025-05-06 22:29:11,224 [MainThread] INFO HDF5Dataset - Number of patches: 27
2025-05-06 22:29:11,225 [MainThread] INFO HDF5Dataset - Using LazyHDF5Dataset
2025-05-06 22:29:11,225 [MainThread] INFO HDF5Dataset - Loading train set from: /radraid/blchau/data/UCLA/preprocessed/isotropic_train/0412_0000.h5...
2025-05-06 22:29:11,243 [MainThread] INFO Dataset - Slice builder config: {'name': 'SliceBuilder', 'patch_shape': [128, 128, 128], 'stride_shape': [128, 128, 128]}
2025-05-06 22:29:11,245 [MainThread] INFO HDF5Dataset - Number of patches: 27
2025-05-06 22:29:11,245 [MainThread] INFO HDF5Dataset - Using LazyHDF5Dataset
2025-05-06 22:29:11,245 [MainThread] INFO HDF5Dataset - Loading train set from: /radraid/blchau/data/UCLA/preprocessed/isotropic_train/0480_0000.h5...
2025-05-06 22:29:11,271 [MainThread] INFO Dataset - Slice builder config: {'name': 'SliceBuilder', 'patch_shape': [128, 128, 128], 'stride_shape': [128, 128, 128]}
2025-05-06 22:29:11,272 [MainThread] INFO HDF5Dataset - Number of patches: 18
2025-05-06 22:29:11,272 [MainThread] INFO HDF5Dataset - Using LazyHDF5Dataset
2025-05-06 22:29:11,272 [MainThread] INFO HDF5Dataset - Loading train set from: /radraid/blchau/data/UCLA/preprocessed/isotropic_train/0431_0000.h5...
2025-05-06 22:29:11,292 [MainThread] INFO Dataset - Slice builder config: {'name': 'SliceBuilder', 'patch_shape': [128, 128, 128], 'stride_shape': [128, 128, 128]}
2025-05-06 22:29:11,294 [MainThread] INFO HDF5Dataset - Number of patches: 18
2025-05-06 22:29:11,294 [MainThread] INFO HDF5Dataset - Using LazyHDF5Dataset
2025-05-06 22:29:11,294 [MainThread] INFO HDF5Dataset - Loading train set from: /radraid/blchau/data/UCLA/preprocessed/isotropic_train/0490_0000.h5...
2025-05-06 22:29:11,320 [MainThread] INFO Dataset - Slice builder config: {'name': 'SliceBuilder', 'patch_shape': [128, 128, 128], 'stride_shape': [128, 128, 128]}
2025-05-06 22:29:11,322 [MainThread] INFO HDF5Dataset - Number of patches: 27
2025-05-06 22:29:11,322 [MainThread] INFO HDF5Dataset - Using LazyHDF5Dataset
2025-05-06 22:29:11,322 [MainThread] INFO HDF5Dataset - Loading train set from: /radraid/blchau/data/UCLA/preprocessed/isotropic_train/0473_0000.h5...
2025-05-06 22:29:11,344 [MainThread] INFO Dataset - Slice builder config: {'name': 'SliceBuilder', 'patch_shape': [128, 128, 128], 'stride_shape': [128, 128, 128]}
2025-05-06 22:29:11,347 [MainThread] INFO HDF5Dataset - Number of patches: 75
2025-05-06 22:29:11,348 [MainThread] INFO HDF5Dataset - Using LazyHDF5Dataset
2025-05-06 22:29:11,348 [MainThread] INFO HDF5Dataset - Loading train set from: /radraid/blchau/data/UCLA/preprocessed/isotropic_train/0491_0000.h5...
2025-05-06 22:29:11,372 [MainThread] INFO Dataset - Slice builder config: {'name': 'SliceBuilder', 'patch_shape': [128, 128, 128], 'stride_shape': [128, 128, 128]}
2025-05-06 22:29:11,374 [MainThread] INFO HDF5Dataset - Number of patches: 18
2025-05-06 22:29:11,374 [MainThread] INFO HDF5Dataset - Using LazyHDF5Dataset
2025-05-06 22:29:11,374 [MainThread] INFO HDF5Dataset - Loading train set from: /radraid/blchau/data/UCLA/preprocessed/isotropic_train/0100_0000.h5...
2025-05-06 22:29:11,391 [MainThread] INFO Dataset - Slice builder config: {'name': 'SliceBuilder', 'patch_shape': [128, 128, 128], 'stride_shape': [128, 128, 128]}
2025-05-06 22:29:11,392 [MainThread] INFO HDF5Dataset - Number of patches: 18
2025-05-06 22:29:11,392 [MainThread] INFO HDF5Dataset - Using LazyHDF5Dataset
2025-05-06 22:29:11,402 [MainThread] INFO HDF5Dataset - Loading val set from: /radraid/blchau/data/UCLA/preprocessed/isotropic_val/0402_0000.h5...
2025-05-06 22:29:11,414 [MainThread] INFO Dataset - Slice builder config: {'name': 'SliceBuilder', 'patch_shape': [128, 128, 128], 'stride_shape': [128, 128, 128]}
2025-05-06 22:29:11,416 [MainThread] INFO HDF5Dataset - Number of patches: 32
2025-05-06 22:29:11,416 [MainThread] INFO HDF5Dataset - Using LazyHDF5Dataset
2025-05-06 22:29:11,416 [MainThread] INFO HDF5Dataset - Loading val set from: /radraid/blchau/data/UCLA/preprocessed/isotropic_val/0125_0000.h5...
2025-05-06 22:29:11,434 [MainThread] INFO Dataset - Slice builder config: {'name': 'SliceBuilder', 'patch_shape': [128, 128, 128], 'stride_shape': [128, 128, 128]}
2025-05-06 22:29:11,435 [MainThread] INFO HDF5Dataset - Number of patches: 18
2025-05-06 22:29:11,435 [MainThread] INFO HDF5Dataset - Using LazyHDF5Dataset
2025-05-06 22:29:11,436 [MainThread] INFO HDF5Dataset - Loading val set from: /radraid/blchau/data/UCLA/preprocessed/isotropic_val/0073_0000.h5...
2025-05-06 22:29:11,449 [MainThread] INFO Dataset - Slice builder config: {'name': 'SliceBuilder', 'patch_shape': [128, 128, 128], 'stride_shape': [128, 128, 128]}
2025-05-06 22:29:11,452 [MainThread] INFO HDF5Dataset - Number of patches: 48
2025-05-06 22:29:11,452 [MainThread] INFO HDF5Dataset - Using LazyHDF5Dataset
2025-05-06 22:29:11,452 [MainThread] INFO HDF5Dataset - Loading val set from: /radraid/blchau/data/UCLA/preprocessed/isotropic_val/0009_0000.h5...
2025-05-06 22:29:11,465 [MainThread] INFO Dataset - Slice builder config: {'name': 'SliceBuilder', 'patch_shape': [128, 128, 128], 'stride_shape': [128, 128, 128]}
2025-05-06 22:29:11,467 [MainThread] INFO HDF5Dataset - Number of patches: 27
2025-05-06 22:29:11,467 [MainThread] INFO HDF5Dataset - Using LazyHDF5Dataset
2025-05-06 22:29:11,467 [MainThread] INFO HDF5Dataset - Loading val set from: /radraid/blchau/data/UCLA/preprocessed/isotropic_val/0384_0000.h5...
2025-05-06 22:29:11,480 [MainThread] INFO Dataset - Slice builder config: {'name': 'SliceBuilder', 'patch_shape': [128, 128, 128], 'stride_shape': [128, 128, 128]}
2025-05-06 22:29:11,483 [MainThread] INFO HDF5Dataset - Number of patches: 48
2025-05-06 22:29:11,483 [MainThread] INFO HDF5Dataset - Using LazyHDF5Dataset
2025-05-06 22:29:11,483 [MainThread] INFO HDF5Dataset - Loading val set from: /radraid/blchau/data/UCLA/preprocessed/isotropic_val/0317_0000.h5...
2025-05-06 22:29:11,497 [MainThread] INFO Dataset - Slice builder config: {'name': 'SliceBuilder', 'patch_shape': [128, 128, 128], 'stride_shape': [128, 128, 128]}
2025-05-06 22:29:11,499 [MainThread] INFO HDF5Dataset - Number of patches: 27
2025-05-06 22:29:11,499 [MainThread] INFO HDF5Dataset - Using LazyHDF5Dataset
2025-05-06 22:29:11,499 [MainThread] INFO HDF5Dataset - Loading val set from: /radraid/blchau/data/UCLA/preprocessed/isotropic_val/0334_0000.h5...
2025-05-06 22:29:11,512 [MainThread] INFO Dataset - Slice builder config: {'name': 'SliceBuilder', 'patch_shape': [128, 128, 128], 'stride_shape': [128, 128, 128]}
2025-05-06 22:29:11,514 [MainThread] INFO HDF5Dataset - Number of patches: 18
2025-05-06 22:29:11,514 [MainThread] INFO HDF5Dataset - Using LazyHDF5Dataset
2025-05-06 22:29:11,514 [MainThread] INFO HDF5Dataset - Loading val set from: /radraid/blchau/data/UCLA/preprocessed/isotropic_val/0006_0000.h5...
2025-05-06 22:29:11,527 [MainThread] INFO Dataset - Slice builder config: {'name': 'SliceBuilder', 'patch_shape': [128, 128, 128], 'stride_shape': [128, 128, 128]}
2025-05-06 22:29:11,532 [MainThread] INFO HDF5Dataset - Number of patches: 96
2025-05-06 22:29:11,532 [MainThread] INFO HDF5Dataset - Using LazyHDF5Dataset
2025-05-06 22:29:11,532 [MainThread] INFO HDF5Dataset - Loading val set from: /radraid/blchau/data/UCLA/preprocessed/isotropic_val/0171_0000.h5...
2025-05-06 22:29:11,546 [MainThread] INFO Dataset - Slice builder config: {'name': 'SliceBuilder', 'patch_shape': [128, 128, 128], 'stride_shape': [128, 128, 128]}
2025-05-06 22:29:11,548 [MainThread] INFO HDF5Dataset - Number of patches: 27
2025-05-06 22:29:11,548 [MainThread] INFO HDF5Dataset - Using LazyHDF5Dataset
2025-05-06 22:29:11,548 [MainThread] INFO HDF5Dataset - Loading val set from: /radraid/blchau/data/UCLA/preprocessed/isotropic_val/0350_0000.h5...
2025-05-06 22:29:11,563 [MainThread] INFO Dataset - Slice builder config: {'name': 'SliceBuilder', 'patch_shape': [128, 128, 128], 'stride_shape': [128, 128, 128]}
2025-05-06 22:29:11,567 [MainThread] INFO HDF5Dataset - Number of patches: 80
2025-05-06 22:29:11,567 [MainThread] INFO HDF5Dataset - Using LazyHDF5Dataset
2025-05-06 22:29:11,568 [MainThread] INFO HDF5Dataset - Loading val set from: /radraid/blchau/data/UCLA/preprocessed/isotropic_val/0338_0000.h5...
2025-05-06 22:29:11,589 [MainThread] INFO Dataset - Slice builder config: {'name': 'SliceBuilder', 'patch_shape': [128, 128, 128], 'stride_shape': [128, 128, 128]}
2025-05-06 22:29:11,592 [MainThread] INFO HDF5Dataset - Number of patches: 48
2025-05-06 22:29:11,592 [MainThread] INFO HDF5Dataset - Using LazyHDF5Dataset
2025-05-06 22:29:11,592 [MainThread] INFO HDF5Dataset - Loading val set from: /radraid/blchau/data/UCLA/preprocessed/isotropic_val/0139_0000.h5...
2025-05-06 22:29:11,616 [MainThread] INFO Dataset - Slice builder config: {'name': 'SliceBuilder', 'patch_shape': [128, 128, 128], 'stride_shape': [128, 128, 128]}
2025-05-06 22:29:11,619 [MainThread] INFO HDF5Dataset - Number of patches: 64
2025-05-06 22:29:11,620 [MainThread] INFO HDF5Dataset - Using LazyHDF5Dataset
2025-05-06 22:29:11,620 [MainThread] INFO HDF5Dataset - Loading val set from: /radraid/blchau/data/UCLA/preprocessed/isotropic_val/0094_0000.h5...
2025-05-06 22:29:11,648 [MainThread] INFO Dataset - Slice builder config: {'name': 'SliceBuilder', 'patch_shape': [128, 128, 128], 'stride_shape': [128, 128, 128]}
2025-05-06 22:29:11,649 [MainThread] INFO HDF5Dataset - Number of patches: 27
2025-05-06 22:29:11,650 [MainThread] INFO HDF5Dataset - Using LazyHDF5Dataset
2025-05-06 22:29:11,650 [MainThread] INFO HDF5Dataset - Loading val set from: /radraid/blchau/data/UCLA/preprocessed/isotropic_val/0047_0000.h5...
2025-05-06 22:29:11,664 [MainThread] INFO Dataset - Slice builder config: {'name': 'SliceBuilder', 'patch_shape': [128, 128, 128], 'stride_shape': [128, 128, 128]}
2025-05-06 22:29:11,665 [MainThread] INFO HDF5Dataset - Number of patches: 18
2025-05-06 22:29:11,665 [MainThread] INFO HDF5Dataset - Using LazyHDF5Dataset
2025-05-06 22:29:11,666 [MainThread] INFO HDF5Dataset - Loading val set from: /radraid/blchau/data/UCLA/preprocessed/isotropic_val/0470_0000.h5...
2025-05-06 22:29:11,681 [MainThread] INFO Dataset - Slice builder config: {'name': 'SliceBuilder', 'patch_shape': [128, 128, 128], 'stride_shape': [128, 128, 128]}
2025-05-06 22:29:11,684 [MainThread] INFO HDF5Dataset - Number of patches: 27
2025-05-06 22:29:11,684 [MainThread] INFO HDF5Dataset - Using LazyHDF5Dataset
2025-05-06 22:29:11,684 [MainThread] INFO HDF5Dataset - Loading val set from: /radraid/blchau/data/UCLA/preprocessed/isotropic_val/0001_0000.h5...
2025-05-06 22:29:11,697 [MainThread] INFO Dataset - Slice builder config: {'name': 'SliceBuilder', 'patch_shape': [128, 128, 128], 'stride_shape': [128, 128, 128]}
2025-05-06 22:29:11,699 [MainThread] INFO HDF5Dataset - Number of patches: 48
2025-05-06 22:29:11,699 [MainThread] INFO HDF5Dataset - Using LazyHDF5Dataset
2025-05-06 22:29:11,699 [MainThread] INFO HDF5Dataset - Loading val set from: /radraid/blchau/data/UCLA/preprocessed/isotropic_val/0275_0000.h5...
2025-05-06 22:29:11,712 [MainThread] INFO Dataset - Slice builder config: {'name': 'SliceBuilder', 'patch_shape': [128, 128, 128], 'stride_shape': [128, 128, 128]}
2025-05-06 22:29:11,714 [MainThread] INFO HDF5Dataset - Number of patches: 27
2025-05-06 22:29:11,714 [MainThread] INFO HDF5Dataset - Using LazyHDF5Dataset
2025-05-06 22:29:11,714 [MainThread] INFO HDF5Dataset - Loading val set from: /radraid/blchau/data/UCLA/preprocessed/isotropic_val/0269_0000.h5...
2025-05-06 22:29:11,735 [MainThread] INFO Dataset - Slice builder config: {'name': 'SliceBuilder', 'patch_shape': [128, 128, 128], 'stride_shape': [128, 128, 128]}
2025-05-06 22:29:11,737 [MainThread] INFO HDF5Dataset - Number of patches: 18
2025-05-06 22:29:11,737 [MainThread] INFO HDF5Dataset - Using LazyHDF5Dataset
2025-05-06 22:29:11,737 [MainThread] INFO HDF5Dataset - Loading val set from: /radraid/blchau/data/UCLA/preprocessed/isotropic_val/0012_0000.h5...
2025-05-06 22:29:11,752 [MainThread] INFO Dataset - Slice builder config: {'name': 'SliceBuilder', 'patch_shape': [128, 128, 128], 'stride_shape': [128, 128, 128]}
2025-05-06 22:29:11,754 [MainThread] INFO HDF5Dataset - Number of patches: 36
2025-05-06 22:29:11,754 [MainThread] INFO HDF5Dataset - Using LazyHDF5Dataset
2025-05-06 22:29:11,754 [MainThread] INFO HDF5Dataset - Loading val set from: /radraid/blchau/data/UCLA/preprocessed/isotropic_val/0323_0000.h5...
2025-05-06 22:29:11,768 [MainThread] INFO Dataset - Slice builder config: {'name': 'SliceBuilder', 'patch_shape': [128, 128, 128], 'stride_shape': [128, 128, 128]}
2025-05-06 22:29:11,772 [MainThread] INFO HDF5Dataset - Number of patches: 64
2025-05-06 22:29:11,772 [MainThread] INFO HDF5Dataset - Using LazyHDF5Dataset
2025-05-06 22:29:11,772 [MainThread] INFO HDF5Dataset - Loading val set from: /radraid/blchau/data/UCLA/preprocessed/isotropic_val/0359_0000.h5...
2025-05-06 22:29:11,797 [MainThread] INFO Dataset - Slice builder config: {'name': 'SliceBuilder', 'patch_shape': [128, 128, 128], 'stride_shape': [128, 128, 128]}
2025-05-06 22:29:11,801 [MainThread] INFO HDF5Dataset - Number of patches: 64
2025-05-06 22:29:11,801 [MainThread] INFO HDF5Dataset - Using LazyHDF5Dataset
2025-05-06 22:29:11,801 [MainThread] INFO HDF5Dataset - Loading val set from: /radraid/blchau/data/UCLA/preprocessed/isotropic_val/0007_0000.h5...
2025-05-06 22:29:11,821 [MainThread] INFO Dataset - Slice builder config: {'name': 'SliceBuilder', 'patch_shape': [128, 128, 128], 'stride_shape': [128, 128, 128]}
2025-05-06 22:29:11,823 [MainThread] INFO HDF5Dataset - Number of patches: 27
2025-05-06 22:29:11,823 [MainThread] INFO HDF5Dataset - Using LazyHDF5Dataset
2025-05-06 22:29:11,823 [MainThread] INFO HDF5Dataset - Loading val set from: /radraid/blchau/data/UCLA/preprocessed/isotropic_val/0018_0000.h5...
2025-05-06 22:29:11,839 [MainThread] INFO Dataset - Slice builder config: {'name': 'SliceBuilder', 'patch_shape': [128, 128, 128], 'stride_shape': [128, 128, 128]}
2025-05-06 22:29:11,841 [MainThread] INFO HDF5Dataset - Number of patches: 18
2025-05-06 22:29:11,841 [MainThread] INFO HDF5Dataset - Using LazyHDF5Dataset
2025-05-06 22:29:11,841 [MainThread] INFO HDF5Dataset - Loading val set from: /radraid/blchau/data/UCLA/preprocessed/isotropic_val/0409_0000.h5...
2025-05-06 22:29:11,854 [MainThread] INFO Dataset - Slice builder config: {'name': 'SliceBuilder', 'patch_shape': [128, 128, 128], 'stride_shape': [128, 128, 128]}
2025-05-06 22:29:11,857 [MainThread] INFO HDF5Dataset - Number of patches: 48
2025-05-06 22:29:11,857 [MainThread] INFO HDF5Dataset - Using LazyHDF5Dataset
2025-05-06 22:29:11,857 [MainThread] INFO HDF5Dataset - Loading val set from: /radraid/blchau/data/UCLA/preprocessed/isotropic_val/0426_0000.h5...
2025-05-06 22:29:11,870 [MainThread] INFO Dataset - Slice builder config: {'name': 'SliceBuilder', 'patch_shape': [128, 128, 128], 'stride_shape': [128, 128, 128]}
2025-05-06 22:29:11,872 [MainThread] INFO HDF5Dataset - Number of patches: 27
2025-05-06 22:29:11,872 [MainThread] INFO HDF5Dataset - Using LazyHDF5Dataset
2025-05-06 22:29:11,872 [MainThread] INFO HDF5Dataset - Loading val set from: /radraid/blchau/data/UCLA/preprocessed/isotropic_val/0366_0000.h5...
2025-05-06 22:29:11,891 [MainThread] INFO Dataset - Slice builder config: {'name': 'SliceBuilder', 'patch_shape': [128, 128, 128], 'stride_shape': [128, 128, 128]}
2025-05-06 22:29:11,892 [MainThread] INFO HDF5Dataset - Number of patches: 18
2025-05-06 22:29:11,892 [MainThread] INFO HDF5Dataset - Using LazyHDF5Dataset
2025-05-06 22:29:11,892 [MainThread] INFO HDF5Dataset - Loading val set from: /radraid/blchau/data/UCLA/preprocessed/isotropic_val/0312_0000.h5...
2025-05-06 22:29:11,907 [MainThread] INFO Dataset - Slice builder config: {'name': 'SliceBuilder', 'patch_shape': [128, 128, 128], 'stride_shape': [128, 128, 128]}
2025-05-06 22:29:11,910 [MainThread] INFO HDF5Dataset - Number of patches: 48
2025-05-06 22:29:11,910 [MainThread] INFO HDF5Dataset - Using LazyHDF5Dataset
2025-05-06 22:29:11,910 [MainThread] INFO HDF5Dataset - Loading val set from: /radraid/blchau/data/UCLA/preprocessed/isotropic_val/0200_0000.h5...
2025-05-06 22:29:11,924 [MainThread] INFO Dataset - Slice builder config: {'name': 'SliceBuilder', 'patch_shape': [128, 128, 128], 'stride_shape': [128, 128, 128]}
2025-05-06 22:29:11,926 [MainThread] INFO HDF5Dataset - Number of patches: 32
2025-05-06 22:29:11,926 [MainThread] INFO HDF5Dataset - Using LazyHDF5Dataset
2025-05-06 22:29:11,926 [MainThread] INFO HDF5Dataset - Loading val set from: /radraid/blchau/data/UCLA/preprocessed/isotropic_val/0074_0000.h5...
2025-05-06 22:29:11,945 [MainThread] INFO Dataset - Slice builder config: {'name': 'SliceBuilder', 'patch_shape': [128, 128, 128], 'stride_shape': [128, 128, 128]}
2025-05-06 22:29:11,949 [MainThread] INFO HDF5Dataset - Number of patches: 64
2025-05-06 22:29:11,949 [MainThread] INFO HDF5Dataset - Using LazyHDF5Dataset
2025-05-06 22:29:11,949 [MainThread] INFO HDF5Dataset - Loading val set from: /radraid/blchau/data/UCLA/preprocessed/isotropic_val/0034_0000.h5...
2025-05-06 22:29:11,970 [MainThread] INFO Dataset - Slice builder config: {'name': 'SliceBuilder', 'patch_shape': [128, 128, 128], 'stride_shape': [128, 128, 128]}
2025-05-06 22:29:11,972 [MainThread] INFO HDF5Dataset - Number of patches: 32
2025-05-06 22:29:11,973 [MainThread] INFO HDF5Dataset - Using LazyHDF5Dataset
2025-05-06 22:29:11,973 [MainThread] INFO HDF5Dataset - Loading val set from: /radraid/blchau/data/UCLA/preprocessed/isotropic_val/0407_0000.h5...
2025-05-06 22:29:11,986 [MainThread] INFO Dataset - Slice builder config: {'name': 'SliceBuilder', 'patch_shape': [128, 128, 128], 'stride_shape': [128, 128, 128]}
2025-05-06 22:29:11,988 [MainThread] INFO HDF5Dataset - Number of patches: 27
2025-05-06 22:29:11,988 [MainThread] INFO HDF5Dataset - Using LazyHDF5Dataset
2025-05-06 22:29:11,988 [MainThread] INFO HDF5Dataset - Loading val set from: /radraid/blchau/data/UCLA/preprocessed/isotropic_val/0362_0000.h5...
2025-05-06 22:29:12,002 [MainThread] INFO Dataset - Slice builder config: {'name': 'SliceBuilder', 'patch_shape': [128, 128, 128], 'stride_shape': [128, 128, 128]}
2025-05-06 22:29:12,005 [MainThread] INFO HDF5Dataset - Number of patches: 48
2025-05-06 22:29:12,005 [MainThread] INFO HDF5Dataset - Using LazyHDF5Dataset
2025-05-06 22:29:12,005 [MainThread] INFO HDF5Dataset - Loading val set from: /radraid/blchau/data/UCLA/preprocessed/isotropic_val/0014_0000.h5...
2025-05-06 22:29:12,019 [MainThread] INFO Dataset - Slice builder config: {'name': 'SliceBuilder', 'patch_shape': [128, 128, 128], 'stride_shape': [128, 128, 128]}
2025-05-06 22:29:12,021 [MainThread] INFO HDF5Dataset - Number of patches: 27
2025-05-06 22:29:12,021 [MainThread] INFO HDF5Dataset - Using LazyHDF5Dataset
2025-05-06 22:29:12,021 [MainThread] INFO HDF5Dataset - Loading val set from: /radraid/blchau/data/UCLA/preprocessed/isotropic_val/0406_0000.h5...
2025-05-06 22:29:12,032 [MainThread] INFO Dataset - Slice builder config: {'name': 'SliceBuilder', 'patch_shape': [128, 128, 128], 'stride_shape': [128, 128, 128]}
2025-05-06 22:29:12,033 [MainThread] INFO HDF5Dataset - Number of patches: 18
2025-05-06 22:29:12,033 [MainThread] INFO HDF5Dataset - Using LazyHDF5Dataset
2025-05-06 22:29:12,033 [MainThread] INFO HDF5Dataset - Loading val set from: /radraid/blchau/data/UCLA/preprocessed/isotropic_val/0132_0000.h5...
2025-05-06 22:29:12,052 [MainThread] INFO Dataset - Slice builder config: {'name': 'SliceBuilder', 'patch_shape': [128, 128, 128], 'stride_shape': [128, 128, 128]}
2025-05-06 22:29:12,053 [MainThread] INFO HDF5Dataset - Number of patches: 18
2025-05-06 22:29:12,054 [MainThread] INFO HDF5Dataset - Using LazyHDF5Dataset
2025-05-06 22:29:12,054 [MainThread] INFO HDF5Dataset - Loading val set from: /radraid/blchau/data/UCLA/preprocessed/isotropic_val/0327_0000.h5...
2025-05-06 22:29:12,067 [MainThread] INFO Dataset - Slice builder config: {'name': 'SliceBuilder', 'patch_shape': [128, 128, 128], 'stride_shape': [128, 128, 128]}
2025-05-06 22:29:12,070 [MainThread] INFO HDF5Dataset - Number of patches: 32
2025-05-06 22:29:12,070 [MainThread] INFO HDF5Dataset - Using LazyHDF5Dataset
2025-05-06 22:29:12,070 [MainThread] INFO HDF5Dataset - Loading val set from: /radraid/blchau/data/UCLA/preprocessed/isotropic_val/0296_0000.h5...
2025-05-06 22:29:12,081 [MainThread] INFO Dataset - Slice builder config: {'name': 'SliceBuilder', 'patch_shape': [128, 128, 128], 'stride_shape': [128, 128, 128]}
2025-05-06 22:29:12,084 [MainThread] INFO HDF5Dataset - Number of patches: 64
2025-05-06 22:29:12,085 [MainThread] INFO HDF5Dataset - Using LazyHDF5Dataset
2025-05-06 22:29:12,085 [MainThread] INFO HDF5Dataset - Loading val set from: /radraid/blchau/data/UCLA/preprocessed/isotropic_val/0295_0000.h5...
2025-05-06 22:29:12,104 [MainThread] INFO Dataset - Slice builder config: {'name': 'SliceBuilder', 'patch_shape': [128, 128, 128], 'stride_shape': [128, 128, 128]}
2025-05-06 22:29:12,106 [MainThread] INFO HDF5Dataset - Number of patches: 27
2025-05-06 22:29:12,106 [MainThread] INFO HDF5Dataset - Using LazyHDF5Dataset
2025-05-06 22:29:12,106 [MainThread] INFO HDF5Dataset - Loading val set from: /radraid/blchau/data/UCLA/preprocessed/isotropic_val/0217_0000.h5...
2025-05-06 22:29:12,118 [MainThread] INFO Dataset - Slice builder config: {'name': 'SliceBuilder', 'patch_shape': [128, 128, 128], 'stride_shape': [128, 128, 128]}
2025-05-06 22:29:12,123 [MainThread] INFO HDF5Dataset - Number of patches: 80
2025-05-06 22:29:12,123 [MainThread] INFO HDF5Dataset - Using LazyHDF5Dataset
2025-05-06 22:29:12,123 [MainThread] INFO HDF5Dataset - Loading val set from: /radraid/blchau/data/UCLA/preprocessed/isotropic_val/0179_0000.h5...
2025-05-06 22:29:12,136 [MainThread] INFO Dataset - Slice builder config: {'name': 'SliceBuilder', 'patch_shape': [128, 128, 128], 'stride_shape': [128, 128, 128]}
2025-05-06 22:29:12,140 [MainThread] INFO HDF5Dataset - Number of patches: 64
2025-05-06 22:29:12,140 [MainThread] INFO HDF5Dataset - Using LazyHDF5Dataset
2025-05-06 22:29:12,140 [MainThread] INFO HDF5Dataset - Loading val set from: /radraid/blchau/data/UCLA/preprocessed/isotropic_val/0131_0000.h5...
2025-05-06 22:29:12,153 [MainThread] INFO Dataset - Slice builder config: {'name': 'SliceBuilder', 'patch_shape': [128, 128, 128], 'stride_shape': [128, 128, 128]}
2025-05-06 22:29:12,157 [MainThread] INFO HDF5Dataset - Number of patches: 80
2025-05-06 22:29:12,157 [MainThread] INFO HDF5Dataset - Using LazyHDF5Dataset
2025-05-06 22:29:12,157 [MainThread] INFO HDF5Dataset - Loading val set from: /radraid/blchau/data/UCLA/preprocessed/isotropic_val/0091_0000.h5...
2025-05-06 22:29:12,170 [MainThread] INFO Dataset - Slice builder config: {'name': 'SliceBuilder', 'patch_shape': [128, 128, 128], 'stride_shape': [128, 128, 128]}
2025-05-06 22:29:12,172 [MainThread] INFO HDF5Dataset - Number of patches: 18
2025-05-06 22:29:12,172 [MainThread] INFO HDF5Dataset - Using LazyHDF5Dataset
2025-05-06 22:29:12,172 [MainThread] INFO HDF5Dataset - Loading val set from: /radraid/blchau/data/UCLA/preprocessed/isotropic_val/0354_0000.h5...
2025-05-06 22:29:12,184 [MainThread] INFO Dataset - Slice builder config: {'name': 'SliceBuilder', 'patch_shape': [128, 128, 128], 'stride_shape': [128, 128, 128]}
2025-05-06 22:29:12,186 [MainThread] INFO HDF5Dataset - Number of patches: 32
2025-05-06 22:29:12,187 [MainThread] INFO HDF5Dataset - Using LazyHDF5Dataset
2025-05-06 22:29:12,187 [MainThread] INFO HDF5Dataset - Loading val set from: /radraid/blchau/data/UCLA/preprocessed/isotropic_val/0486_0000.h5...
2025-05-06 22:29:12,199 [MainThread] INFO Dataset - Slice builder config: {'name': 'SliceBuilder', 'patch_shape': [128, 128, 128], 'stride_shape': [128, 128, 128]}
2025-05-06 22:29:12,201 [MainThread] INFO HDF5Dataset - Number of patches: 27
2025-05-06 22:29:12,201 [MainThread] INFO HDF5Dataset - Using LazyHDF5Dataset
2025-05-06 22:29:12,201 [MainThread] INFO HDF5Dataset - Loading val set from: /radraid/blchau/data/UCLA/preprocessed/isotropic_val/0492_0000.h5...
2025-05-06 22:29:12,217 [MainThread] INFO Dataset - Slice builder config: {'name': 'SliceBuilder', 'patch_shape': [128, 128, 128], 'stride_shape': [128, 128, 128]}
2025-05-06 22:29:12,219 [MainThread] INFO HDF5Dataset - Number of patches: 36
2025-05-06 22:29:12,219 [MainThread] INFO HDF5Dataset - Using LazyHDF5Dataset
2025-05-06 22:29:12,219 [MainThread] INFO HDF5Dataset - Loading val set from: /radraid/blchau/data/UCLA/preprocessed/isotropic_val/0211_0000.h5...
2025-05-06 22:29:12,230 [MainThread] INFO Dataset - Slice builder config: {'name': 'SliceBuilder', 'patch_shape': [128, 128, 128], 'stride_shape': [128, 128, 128]}
2025-05-06 22:29:12,233 [MainThread] INFO HDF5Dataset - Number of patches: 48
2025-05-06 22:29:12,233 [MainThread] INFO HDF5Dataset - Using LazyHDF5Dataset
2025-05-06 22:29:12,233 [MainThread] INFO HDF5Dataset - Loading val set from: /radraid/blchau/data/UCLA/preprocessed/isotropic_val/0321_0000.h5...
2025-05-06 22:29:12,247 [MainThread] INFO Dataset - Slice builder config: {'name': 'SliceBuilder', 'patch_shape': [128, 128, 128], 'stride_shape': [128, 128, 128]}
2025-05-06 22:29:12,248 [MainThread] INFO HDF5Dataset - Number of patches: 18
2025-05-06 22:29:12,249 [MainThread] INFO HDF5Dataset - Using LazyHDF5Dataset
2025-05-06 22:29:12,249 [MainThread] INFO HDF5Dataset - Loading val set from: /radraid/blchau/data/UCLA/preprocessed/isotropic_val/0193_0000.h5...
2025-05-06 22:29:12,261 [MainThread] INFO Dataset - Slice builder config: {'name': 'SliceBuilder', 'patch_shape': [128, 128, 128], 'stride_shape': [128, 128, 128]}
2025-05-06 22:29:12,262 [MainThread] INFO HDF5Dataset - Number of patches: 18
2025-05-06 22:29:12,263 [MainThread] INFO HDF5Dataset - Using LazyHDF5Dataset
2025-05-06 22:29:12,263 [MainThread] INFO HDF5Dataset - Loading val set from: /radraid/blchau/data/UCLA/preprocessed/isotropic_val/0396_0000.h5...
2025-05-06 22:29:12,273 [MainThread] INFO Dataset - Slice builder config: {'name': 'SliceBuilder', 'patch_shape': [128, 128, 128], 'stride_shape': [128, 128, 128]}
2025-05-06 22:29:12,275 [MainThread] INFO HDF5Dataset - Number of patches: 18
2025-05-06 22:29:12,275 [MainThread] INFO HDF5Dataset - Using LazyHDF5Dataset
2025-05-06 22:29:12,275 [MainThread] INFO HDF5Dataset - Loading val set from: /radraid/blchau/data/UCLA/preprocessed/isotropic_val/0065_0000.h5...
2025-05-06 22:29:12,293 [MainThread] INFO Dataset - Slice builder config: {'name': 'SliceBuilder', 'patch_shape': [128, 128, 128], 'stride_shape': [128, 128, 128]}
2025-05-06 22:29:12,296 [MainThread] INFO HDF5Dataset - Number of patches: 48
2025-05-06 22:29:12,296 [MainThread] INFO HDF5Dataset - Using LazyHDF5Dataset
2025-05-06 22:29:12,297 [MainThread] INFO HDF5Dataset - Loading val set from: /radraid/blchau/data/UCLA/preprocessed/isotropic_val/0298_0000.h5...
2025-05-06 22:29:12,308 [MainThread] INFO Dataset - Slice builder config: {'name': 'SliceBuilder', 'patch_shape': [128, 128, 128], 'stride_shape': [128, 128, 128]}
2025-05-06 22:29:12,310 [MainThread] INFO HDF5Dataset - Number of patches: 27
2025-05-06 22:29:12,310 [MainThread] INFO HDF5Dataset - Using LazyHDF5Dataset
2025-05-06 22:29:12,310 [MainThread] INFO HDF5Dataset - Loading val set from: /radraid/blchau/data/UCLA/preprocessed/isotropic_val/0208_0000.h5...
2025-05-06 22:29:12,322 [MainThread] INFO Dataset - Slice builder config: {'name': 'SliceBuilder', 'patch_shape': [128, 128, 128], 'stride_shape': [128, 128, 128]}
2025-05-06 22:29:12,324 [MainThread] INFO HDF5Dataset - Number of patches: 27
2025-05-06 22:29:12,324 [MainThread] INFO HDF5Dataset - Using LazyHDF5Dataset
2025-05-06 22:29:12,324 [MainThread] INFO HDF5Dataset - Loading val set from: /radraid/blchau/data/UCLA/preprocessed/isotropic_val/0382_0000.h5...
2025-05-06 22:29:12,340 [MainThread] INFO Dataset - Slice builder config: {'name': 'SliceBuilder', 'patch_shape': [128, 128, 128], 'stride_shape': [128, 128, 128]}
2025-05-06 22:29:12,342 [MainThread] INFO HDF5Dataset - Number of patches: 48
2025-05-06 22:29:12,342 [MainThread] INFO HDF5Dataset - Using LazyHDF5Dataset
2025-05-06 22:29:12,343 [MainThread] INFO HDF5Dataset - Loading val set from: /radraid/blchau/data/UCLA/preprocessed/isotropic_val/0085_0000.h5...
2025-05-06 22:29:12,354 [MainThread] INFO Dataset - Slice builder config: {'name': 'SliceBuilder', 'patch_shape': [128, 128, 128], 'stride_shape': [128, 128, 128]}
2025-05-06 22:29:12,355 [MainThread] INFO HDF5Dataset - Number of patches: 18
2025-05-06 22:29:12,356 [MainThread] INFO HDF5Dataset - Using LazyHDF5Dataset
2025-05-06 22:29:12,356 [MainThread] INFO HDF5Dataset - Loading val set from: /radraid/blchau/data/UCLA/preprocessed/isotropic_val/0257_0000.h5...
2025-05-06 22:29:12,366 [MainThread] INFO Dataset - Slice builder config: {'name': 'SliceBuilder', 'patch_shape': [128, 128, 128], 'stride_shape': [128, 128, 128]}
2025-05-06 22:29:12,368 [MainThread] INFO HDF5Dataset - Number of patches: 18
2025-05-06 22:29:12,368 [MainThread] INFO HDF5Dataset - Using LazyHDF5Dataset
2025-05-06 22:29:12,368 [MainThread] INFO HDF5Dataset - Loading val set from: /radraid/blchau/data/UCLA/preprocessed/isotropic_val/0127_0000.h5...
2025-05-06 22:29:12,385 [MainThread] INFO Dataset - Slice builder config: {'name': 'SliceBuilder', 'patch_shape': [128, 128, 128], 'stride_shape': [128, 128, 128]}
2025-05-06 22:29:12,388 [MainThread] INFO HDF5Dataset - Number of patches: 64
2025-05-06 22:29:12,389 [MainThread] INFO HDF5Dataset - Using LazyHDF5Dataset
2025-05-06 22:29:12,389 [MainThread] INFO HDF5Dataset - Loading val set from: /radraid/blchau/data/UCLA/preprocessed/isotropic_val/0244_0000.h5...
2025-05-06 22:29:12,404 [MainThread] INFO Dataset - Slice builder config: {'name': 'SliceBuilder', 'patch_shape': [128, 128, 128], 'stride_shape': [128, 128, 128]}
2025-05-06 22:29:12,406 [MainThread] INFO HDF5Dataset - Number of patches: 27
2025-05-06 22:29:12,406 [MainThread] INFO HDF5Dataset - Using LazyHDF5Dataset
2025-05-06 22:29:12,406 [MainThread] INFO HDF5Dataset - Loading val set from: /radraid/blchau/data/UCLA/preprocessed/isotropic_val/0068_0000.h5...
2025-05-06 22:29:12,418 [MainThread] INFO Dataset - Slice builder config: {'name': 'SliceBuilder', 'patch_shape': [128, 128, 128], 'stride_shape': [128, 128, 128]}
2025-05-06 22:29:12,420 [MainThread] INFO HDF5Dataset - Number of patches: 32
2025-05-06 22:29:12,420 [MainThread] INFO HDF5Dataset - Using LazyHDF5Dataset
2025-05-06 22:29:12,420 [MainThread] INFO HDF5Dataset - Loading val set from: /radraid/blchau/data/UCLA/preprocessed/isotropic_val/0273_0000.h5...
2025-05-06 22:29:12,435 [MainThread] INFO Dataset - Slice builder config: {'name': 'SliceBuilder', 'patch_shape': [128, 128, 128], 'stride_shape': [128, 128, 128]}
2025-05-06 22:29:12,437 [MainThread] INFO HDF5Dataset - Number of patches: 27
2025-05-06 22:29:12,437 [MainThread] INFO HDF5Dataset - Using LazyHDF5Dataset
2025-05-06 22:29:12,437 [MainThread] INFO HDF5Dataset - Loading val set from: /radraid/blchau/data/UCLA/preprocessed/isotropic_val/0478_0000.h5...
2025-05-06 22:29:12,449 [MainThread] INFO Dataset - Slice builder config: {'name': 'SliceBuilder', 'patch_shape': [128, 128, 128], 'stride_shape': [128, 128, 128]}
2025-05-06 22:29:12,451 [MainThread] INFO HDF5Dataset - Number of patches: 18
2025-05-06 22:29:12,451 [MainThread] INFO HDF5Dataset - Using LazyHDF5Dataset
2025-05-06 22:29:12,451 [MainThread] INFO HDF5Dataset - Loading val set from: /radraid/blchau/data/UCLA/preprocessed/isotropic_val/0419_0000.h5...
2025-05-06 22:29:12,464 [MainThread] INFO Dataset - Slice builder config: {'name': 'SliceBuilder', 'patch_shape': [128, 128, 128], 'stride_shape': [128, 128, 128]}
2025-05-06 22:29:12,465 [MainThread] INFO HDF5Dataset - Number of patches: 18
2025-05-06 22:29:12,465 [MainThread] INFO HDF5Dataset - Using LazyHDF5Dataset
2025-05-06 22:29:12,465 [MainThread] INFO HDF5Dataset - Loading val set from: /radraid/blchau/data/UCLA/preprocessed/isotropic_val/0212_0000.h5...
2025-05-06 22:29:12,487 [MainThread] INFO Dataset - Slice builder config: {'name': 'SliceBuilder', 'patch_shape': [128, 128, 128], 'stride_shape': [128, 128, 128]}
2025-05-06 22:29:12,489 [MainThread] INFO HDF5Dataset - Number of patches: 32
2025-05-06 22:29:12,489 [MainThread] INFO HDF5Dataset - Using LazyHDF5Dataset
2025-05-06 22:29:12,489 [MainThread] INFO HDF5Dataset - Loading val set from: /radraid/blchau/data/UCLA/preprocessed/isotropic_val/0181_0000.h5...
2025-05-06 22:29:12,501 [MainThread] INFO Dataset - Slice builder config: {'name': 'SliceBuilder', 'patch_shape': [128, 128, 128], 'stride_shape': [128, 128, 128]}
2025-05-06 22:29:12,503 [MainThread] INFO HDF5Dataset - Number of patches: 36
2025-05-06 22:29:12,504 [MainThread] INFO HDF5Dataset - Using LazyHDF5Dataset
2025-05-06 22:29:12,504 [MainThread] INFO HDF5Dataset - Loading val set from: /radraid/blchau/data/UCLA/preprocessed/isotropic_val/0328_0000.h5...
2025-05-06 22:29:12,516 [MainThread] INFO Dataset - Slice builder config: {'name': 'SliceBuilder', 'patch_shape': [128, 128, 128], 'stride_shape': [128, 128, 128]}
2025-05-06 22:29:12,518 [MainThread] INFO HDF5Dataset - Number of patches: 27
2025-05-06 22:29:12,518 [MainThread] INFO HDF5Dataset - Using LazyHDF5Dataset
2025-05-06 22:29:12,518 [MainThread] INFO HDF5Dataset - Loading val set from: /radraid/blchau/data/UCLA/preprocessed/isotropic_val/0285_0000.h5...
2025-05-06 22:29:12,538 [MainThread] INFO Dataset - Slice builder config: {'name': 'SliceBuilder', 'patch_shape': [128, 128, 128], 'stride_shape': [128, 128, 128]}
2025-05-06 22:29:12,541 [MainThread] INFO HDF5Dataset - Number of patches: 48
2025-05-06 22:29:12,541 [MainThread] INFO HDF5Dataset - Using LazyHDF5Dataset
2025-05-06 22:29:12,541 [MainThread] INFO HDF5Dataset - Loading val set from: /radraid/blchau/data/UCLA/preprocessed/isotropic_val/0056_0000.h5...
2025-05-06 22:29:12,554 [MainThread] INFO Dataset - Slice builder config: {'name': 'SliceBuilder', 'patch_shape': [128, 128, 128], 'stride_shape': [128, 128, 128]}
2025-05-06 22:29:12,556 [MainThread] INFO HDF5Dataset - Number of patches: 48
2025-05-06 22:29:12,556 [MainThread] INFO HDF5Dataset - Using LazyHDF5Dataset
2025-05-06 22:29:12,557 [MainThread] INFO HDF5Dataset - Loading val set from: /radraid/blchau/data/UCLA/preprocessed/isotropic_val/0360_0000.h5...
2025-05-06 22:29:12,569 [MainThread] INFO Dataset - Slice builder config: {'name': 'SliceBuilder', 'patch_shape': [128, 128, 128], 'stride_shape': [128, 128, 128]}
2025-05-06 22:29:12,570 [MainThread] INFO HDF5Dataset - Number of patches: 18
2025-05-06 22:29:12,571 [MainThread] INFO HDF5Dataset - Using LazyHDF5Dataset
2025-05-06 22:29:12,571 [MainThread] INFO HDF5Dataset - Loading val set from: /radraid/blchau/data/UCLA/preprocessed/isotropic_val/0385_0000.h5...
2025-05-06 22:29:12,582 [MainThread] INFO Dataset - Slice builder config: {'name': 'SliceBuilder', 'patch_shape': [128, 128, 128], 'stride_shape': [128, 128, 128]}
2025-05-06 22:29:12,584 [MainThread] INFO HDF5Dataset - Number of patches: 18
2025-05-06 22:29:12,584 [MainThread] INFO HDF5Dataset - Using LazyHDF5Dataset
2025-05-06 22:29:12,584 [MainThread] INFO HDF5Dataset - Loading val set from: /radraid/blchau/data/UCLA/preprocessed/isotropic_val/0348_0000.h5...
2025-05-06 22:29:12,595 [MainThread] INFO Dataset - Slice builder config: {'name': 'SliceBuilder', 'patch_shape': [128, 128, 128], 'stride_shape': [128, 128, 128]}
2025-05-06 22:29:12,599 [MainThread] INFO HDF5Dataset - Number of patches: 64
2025-05-06 22:29:12,599 [MainThread] INFO HDF5Dataset - Using LazyHDF5Dataset
2025-05-06 22:29:12,599 [MainThread] INFO HDF5Dataset - Loading val set from: /radraid/blchau/data/UCLA/preprocessed/isotropic_val/0025_0000.h5...
2025-05-06 22:29:12,612 [MainThread] INFO Dataset - Slice builder config: {'name': 'SliceBuilder', 'patch_shape': [128, 128, 128], 'stride_shape': [128, 128, 128]}
2025-05-06 22:29:12,613 [MainThread] INFO HDF5Dataset - Number of patches: 18
2025-05-06 22:29:12,614 [MainThread] INFO HDF5Dataset - Using LazyHDF5Dataset
2025-05-06 22:29:12,614 [MainThread] INFO HDF5Dataset - Loading val set from: /radraid/blchau/data/UCLA/preprocessed/isotropic_val/0112_0000.h5...
2025-05-06 22:29:12,629 [MainThread] INFO Dataset - Slice builder config: {'name': 'SliceBuilder', 'patch_shape': [128, 128, 128], 'stride_shape': [128, 128, 128]}
2025-05-06 22:29:12,632 [MainThread] INFO HDF5Dataset - Number of patches: 48
2025-05-06 22:29:12,632 [MainThread] INFO HDF5Dataset - Using LazyHDF5Dataset
2025-05-06 22:29:12,632 [MainThread] INFO HDF5Dataset - Loading val set from: /radraid/blchau/data/UCLA/preprocessed/isotropic_val/0183_0000.h5...
2025-05-06 22:29:12,643 [MainThread] INFO Dataset - Slice builder config: {'name': 'SliceBuilder', 'patch_shape': [128, 128, 128], 'stride_shape': [128, 128, 128]}
2025-05-06 22:29:12,645 [MainThread] INFO HDF5Dataset - Number of patches: 27
2025-05-06 22:29:12,645 [MainThread] INFO HDF5Dataset - Using LazyHDF5Dataset
2025-05-06 22:29:12,645 [MainThread] INFO HDF5Dataset - Loading val set from: /radraid/blchau/data/UCLA/preprocessed/isotropic_val/0395_0000.h5...
2025-05-06 22:29:12,661 [MainThread] INFO Dataset - Slice builder config: {'name': 'SliceBuilder', 'patch_shape': [128, 128, 128], 'stride_shape': [128, 128, 128]}
2025-05-06 22:29:12,662 [MainThread] INFO HDF5Dataset - Number of patches: 18
2025-05-06 22:29:12,663 [MainThread] INFO HDF5Dataset - Using LazyHDF5Dataset
2025-05-06 22:29:12,663 [MainThread] INFO HDF5Dataset - Loading val set from: /radraid/blchau/data/UCLA/preprocessed/isotropic_val/0177_0000.h5...
2025-05-06 22:29:12,674 [MainThread] INFO Dataset - Slice builder config: {'name': 'SliceBuilder', 'patch_shape': [128, 128, 128], 'stride_shape': [128, 128, 128]}
2025-05-06 22:29:12,677 [MainThread] INFO HDF5Dataset - Number of patches: 32
2025-05-06 22:29:12,677 [MainThread] INFO HDF5Dataset - Using LazyHDF5Dataset
2025-05-06 22:29:12,677 [MainThread] INFO HDF5Dataset - Loading val set from: /radraid/blchau/data/UCLA/preprocessed/isotropic_val/0189_0000.h5...
2025-05-06 22:29:12,688 [MainThread] INFO Dataset - Slice builder config: {'name': 'SliceBuilder', 'patch_shape': [128, 128, 128], 'stride_shape': [128, 128, 128]}
2025-05-06 22:29:12,690 [MainThread] INFO HDF5Dataset - Number of patches: 32
2025-05-06 22:29:12,690 [MainThread] INFO HDF5Dataset - Using LazyHDF5Dataset
2025-05-06 22:29:12,690 [MainThread] INFO HDF5Dataset - Loading val set from: /radraid/blchau/data/UCLA/preprocessed/isotropic_val/0096_0000.h5...
2025-05-06 22:29:12,705 [MainThread] INFO Dataset - Slice builder config: {'name': 'SliceBuilder', 'patch_shape': [128, 128, 128], 'stride_shape': [128, 128, 128]}
2025-05-06 22:29:12,706 [MainThread] INFO HDF5Dataset - Number of patches: 27
2025-05-06 22:29:12,707 [MainThread] INFO HDF5Dataset - Using LazyHDF5Dataset
2025-05-06 22:29:12,707 [MainThread] INFO HDF5Dataset - Loading val set from: /radraid/blchau/data/UCLA/preprocessed/isotropic_val/0168_0000.h5...
2025-05-06 22:29:12,719 [MainThread] INFO Dataset - Slice builder config: {'name': 'SliceBuilder', 'patch_shape': [128, 128, 128], 'stride_shape': [128, 128, 128]}
2025-05-06 22:29:12,720 [MainThread] INFO HDF5Dataset - Number of patches: 18
2025-05-06 22:29:12,720 [MainThread] INFO HDF5Dataset - Using LazyHDF5Dataset
2025-05-06 22:29:12,720 [MainThread] INFO HDF5Dataset - Loading val set from: /radraid/blchau/data/UCLA/preprocessed/isotropic_val/0080_0000.h5...
2025-05-06 22:29:12,736 [MainThread] INFO Dataset - Slice builder config: {'name': 'SliceBuilder', 'patch_shape': [128, 128, 128], 'stride_shape': [128, 128, 128]}
2025-05-06 22:29:12,737 [MainThread] INFO HDF5Dataset - Number of patches: 18
2025-05-06 22:29:12,737 [MainThread] INFO HDF5Dataset - Using LazyHDF5Dataset
2025-05-06 22:29:12,737 [MainThread] INFO HDF5Dataset - Loading val set from: /radraid/blchau/data/UCLA/preprocessed/isotropic_val/0240_0000.h5...
2025-05-06 22:29:12,750 [MainThread] INFO Dataset - Slice builder config: {'name': 'SliceBuilder', 'patch_shape': [128, 128, 128], 'stride_shape': [128, 128, 128]}
2025-05-06 22:29:12,752 [MainThread] INFO HDF5Dataset - Number of patches: 18
2025-05-06 22:29:12,752 [MainThread] INFO HDF5Dataset - Using LazyHDF5Dataset
2025-05-06 22:29:12,752 [MainThread] INFO Dataset - Number of workers for train/val dataloader: 2
2025-05-06 22:29:12,755 [MainThread] INFO Dataset - Batch size for train/val loader: 2
2025-05-06 22:29:13,861 [MainThread] INFO UNetTrainer - UNet3D(
  (encoders): ModuleList(
    (0): Encoder(
      (basic_module): DoubleConv(
        (SingleConv1): SingleConv(
          (conv): Conv3d(1, 16, kernel_size=(3, 3, 3), stride=(1, 1, 1), padding=(1, 1, 1), bias=False)
          (ReLU): ReLU(inplace=True)
          (groupnorm): GroupNorm(8, 16, eps=1e-05, affine=True)
        )
        (SingleConv2): SingleConv(
          (conv): Conv3d(16, 32, kernel_size=(3, 3, 3), stride=(1, 1, 1), padding=(1, 1, 1), bias=False)
          (ReLU): ReLU(inplace=True)
          (groupnorm): GroupNorm(8, 32, eps=1e-05, affine=True)
        )
      )
    )
    (1): Encoder(
      (pooling): MaxPool3d(kernel_size=2, stride=2, padding=0, dilation=1, ceil_mode=False)
      (basic_module): DoubleConv(
        (SingleConv1): SingleConv(
          (conv): Conv3d(32, 32, kernel_size=(3, 3, 3), stride=(1, 1, 1), padding=(1, 1, 1), bias=False)
          (ReLU): ReLU(inplace=True)
          (groupnorm): GroupNorm(8, 32, eps=1e-05, affine=True)
        )
        (SingleConv2): SingleConv(
          (conv): Conv3d(32, 64, kernel_size=(3, 3, 3), stride=(1, 1, 1), padding=(1, 1, 1), bias=False)
          (ReLU): ReLU(inplace=True)
          (groupnorm): GroupNorm(8, 64, eps=1e-05, affine=True)
        )
      )
    )
    (2): Encoder(
      (pooling): MaxPool3d(kernel_size=2, stride=2, padding=0, dilation=1, ceil_mode=False)
      (basic_module): DoubleConv(
        (SingleConv1): SingleConv(
          (conv): Conv3d(64, 64, kernel_size=(3, 3, 3), stride=(1, 1, 1), padding=(1, 1, 1), bias=False)
          (ReLU): ReLU(inplace=True)
          (groupnorm): GroupNorm(8, 64, eps=1e-05, affine=True)
        )
        (SingleConv2): SingleConv(
          (conv): Conv3d(64, 128, kernel_size=(3, 3, 3), stride=(1, 1, 1), padding=(1, 1, 1), bias=False)
          (ReLU): ReLU(inplace=True)
          (groupnorm): GroupNorm(8, 128, eps=1e-05, affine=True)
        )
      )
    )
    (3): Encoder(
      (pooling): MaxPool3d(kernel_size=2, stride=2, padding=0, dilation=1, ceil_mode=False)
      (basic_module): DoubleConv(
        (SingleConv1): SingleConv(
          (conv): Conv3d(128, 128, kernel_size=(3, 3, 3), stride=(1, 1, 1), padding=(1, 1, 1), bias=False)
          (ReLU): ReLU(inplace=True)
          (groupnorm): GroupNorm(8, 128, eps=1e-05, affine=True)
        )
        (SingleConv2): SingleConv(
          (conv): Conv3d(128, 256, kernel_size=(3, 3, 3), stride=(1, 1, 1), padding=(1, 1, 1), bias=False)
          (ReLU): ReLU(inplace=True)
          (groupnorm): GroupNorm(8, 256, eps=1e-05, affine=True)
        )
      )
    )
  )
  (decoders): ModuleList(
    (0): Decoder(
      (upsampling): InterpolateUpsampling()
      (basic_module): DoubleConv(
        (SingleConv1): SingleConv(
          (conv): Conv3d(384, 128, kernel_size=(3, 3, 3), stride=(1, 1, 1), padding=(1, 1, 1), bias=False)
          (ReLU): ReLU(inplace=True)
          (groupnorm): GroupNorm(8, 128, eps=1e-05, affine=True)
        )
        (SingleConv2): SingleConv(
          (conv): Conv3d(128, 128, kernel_size=(3, 3, 3), stride=(1, 1, 1), padding=(1, 1, 1), bias=False)
          (ReLU): ReLU(inplace=True)
          (groupnorm): GroupNorm(8, 128, eps=1e-05, affine=True)
        )
      )
    )
    (1): Decoder(
      (upsampling): InterpolateUpsampling()
      (basic_module): DoubleConv(
        (SingleConv1): SingleConv(
          (conv): Conv3d(192, 64, kernel_size=(3, 3, 3), stride=(1, 1, 1), padding=(1, 1, 1), bias=False)
          (ReLU): ReLU(inplace=True)
          (groupnorm): GroupNorm(8, 64, eps=1e-05, affine=True)
        )
        (SingleConv2): SingleConv(
          (conv): Conv3d(64, 64, kernel_size=(3, 3, 3), stride=(1, 1, 1), padding=(1, 1, 1), bias=False)
          (ReLU): ReLU(inplace=True)
          (groupnorm): GroupNorm(8, 64, eps=1e-05, affine=True)
        )
      )
    )
    (2): Decoder(
      (upsampling): InterpolateUpsampling()
      (basic_module): DoubleConv(
        (SingleConv1): SingleConv(
          (conv): Conv3d(96, 32, kernel_size=(3, 3, 3), stride=(1, 1, 1), padding=(1, 1, 1), bias=False)
          (ReLU): ReLU(inplace=True)
          (groupnorm): GroupNorm(8, 32, eps=1e-05, affine=True)
        )
        (SingleConv2): SingleConv(
          (conv): Conv3d(32, 32, kernel_size=(3, 3, 3), stride=(1, 1, 1), padding=(1, 1, 1), bias=False)
          (ReLU): ReLU(inplace=True)
          (groupnorm): GroupNorm(8, 32, eps=1e-05, affine=True)
        )
      )
    )
  )
  (final_conv): Conv3d(32, 2, kernel_size=(1, 1, 1), stride=(1, 1, 1))
  (final_activation): Softmax(dim=1)
)
2025-05-06 22:29:13,862 [MainThread] INFO UNetTrainer - eval_score_higher_is_better: True
2025-05-06 22:29:15,574 [MainThread] INFO UNetTrainer - Training iteration [1]. Epoch [0/49]
2025-05-06 22:30:33,769 [MainThread] INFO UNetTrainer - Training iteration [2]. Epoch [0/49]
2025-05-06 22:31:50,500 [MainThread] INFO UNetTrainer - Training iteration [3]. Epoch [0/49]
2025-05-06 22:33:07,188 [MainThread] INFO UNetTrainer - Training iteration [4]. Epoch [0/49]
2025-05-06 22:34:23,456 [MainThread] INFO UNetTrainer - Training iteration [5]. Epoch [0/49]
2025-05-06 22:35:41,195 [MainThread] INFO UNetTrainer - Training iteration [6]. Epoch [0/49]
2025-05-06 22:36:57,311 [MainThread] INFO UNetTrainer - Training iteration [7]. Epoch [0/49]
2025-05-06 22:38:13,613 [MainThread] INFO UNetTrainer - Training iteration [8]. Epoch [0/49]
2025-05-06 22:39:29,621 [MainThread] INFO UNetTrainer - Training iteration [9]. Epoch [0/49]
2025-05-06 22:40:47,115 [MainThread] INFO UNetTrainer - Training iteration [10]. Epoch [0/49]
2025-05-06 22:42:03,116 [MainThread] INFO UNetTrainer - Training iteration [11]. Epoch [0/49]
2025-05-06 22:43:19,697 [MainThread] INFO UNetTrainer - Training iteration [12]. Epoch [0/49]
2025-05-06 22:44:36,566 [MainThread] INFO UNetTrainer - Training iteration [13]. Epoch [0/49]
2025-05-06 22:45:53,896 [MainThread] INFO UNetTrainer - Training iteration [14]. Epoch [0/49]
2025-05-06 22:47:10,833 [MainThread] INFO UNetTrainer - Training iteration [15]. Epoch [0/49]
2025-05-06 22:48:27,009 [MainThread] INFO UNetTrainer - Training iteration [16]. Epoch [0/49]
2025-05-06 22:49:43,385 [MainThread] INFO UNetTrainer - Training iteration [17]. Epoch [0/49]
2025-05-06 22:51:00,702 [MainThread] INFO UNetTrainer - Training iteration [18]. Epoch [0/49]
2025-05-06 22:52:17,350 [MainThread] INFO UNetTrainer - Training iteration [19]. Epoch [0/49]
2025-05-06 22:53:33,620 [MainThread] INFO UNetTrainer - Training iteration [20]. Epoch [0/49]
2025-05-06 22:54:49,686 [MainThread] INFO UNetTrainer - Training iteration [21]. Epoch [0/49]
2025-05-06 22:56:07,029 [MainThread] INFO UNetTrainer - Training iteration [22]. Epoch [0/49]
2025-05-06 22:57:23,460 [MainThread] INFO UNetTrainer - Training iteration [23]. Epoch [0/49]
2025-05-06 22:58:39,563 [MainThread] INFO UNetTrainer - Training iteration [24]. Epoch [0/49]
2025-05-06 22:59:55,771 [MainThread] INFO UNetTrainer - Training iteration [25]. Epoch [0/49]
2025-05-06 23:01:12,699 [MainThread] INFO UNetTrainer - Training iteration [26]. Epoch [0/49]
2025-05-06 23:02:28,962 [MainThread] INFO UNetTrainer - Training iteration [27]. Epoch [0/49]
2025-05-06 23:03:45,080 [MainThread] INFO UNetTrainer - Training iteration [28]. Epoch [0/49]
2025-05-06 23:05:01,288 [MainThread] INFO UNetTrainer - Training iteration [29]. Epoch [0/49]
2025-05-06 23:06:18,339 [MainThread] INFO UNetTrainer - Training iteration [30]. Epoch [0/49]
2025-05-06 23:07:34,792 [MainThread] INFO UNetTrainer - Training iteration [31]. Epoch [0/49]
2025-05-06 23:08:50,920 [MainThread] INFO UNetTrainer - Training iteration [32]. Epoch [0/49]
2025-05-06 23:10:07,039 [MainThread] INFO UNetTrainer - Training iteration [33]. Epoch [0/49]
2025-05-06 23:11:24,208 [MainThread] INFO UNetTrainer - Training iteration [34]. Epoch [0/49]
2025-05-06 23:12:40,904 [MainThread] INFO UNetTrainer - Training iteration [35]. Epoch [0/49]
2025-05-06 23:13:56,731 [MainThread] INFO UNetTrainer - Training iteration [36]. Epoch [0/49]
2025-05-06 23:15:12,977 [MainThread] INFO UNetTrainer - Training iteration [37]. Epoch [0/49]
2025-05-06 23:16:30,221 [MainThread] INFO UNetTrainer - Training iteration [38]. Epoch [0/49]
2025-05-06 23:17:46,635 [MainThread] INFO UNetTrainer - Training iteration [39]. Epoch [0/49]
2025-05-06 23:19:03,000 [MainThread] INFO UNetTrainer - Training iteration [40]. Epoch [0/49]
2025-05-06 23:20:19,680 [MainThread] INFO UNetTrainer - Training iteration [41]. Epoch [0/49]
2025-05-06 23:21:36,328 [MainThread] INFO UNetTrainer - Training iteration [42]. Epoch [0/49]
2025-05-06 23:22:52,849 [MainThread] INFO UNetTrainer - Training iteration [43]. Epoch [0/49]
2025-05-06 23:24:09,066 [MainThread] INFO UNetTrainer - Training iteration [44]. Epoch [0/49]
2025-05-06 23:25:25,434 [MainThread] INFO UNetTrainer - Training iteration [45]. Epoch [0/49]
2025-05-06 23:26:42,420 [MainThread] INFO UNetTrainer - Training iteration [46]. Epoch [0/49]
2025-05-06 23:27:59,004 [MainThread] INFO UNetTrainer - Training iteration [47]. Epoch [0/49]
2025-05-06 23:29:15,152 [MainThread] INFO UNetTrainer - Training iteration [48]. Epoch [0/49]
2025-05-06 23:30:32,183 [MainThread] INFO UNetTrainer - Training iteration [49]. Epoch [0/49]
2025-05-06 23:31:48,447 [MainThread] INFO UNetTrainer - Training iteration [50]. Epoch [0/49]
2025-05-06 23:33:04,512 [MainThread] INFO UNetTrainer - Training iteration [51]. Epoch [0/49]
2025-05-06 23:34:20,562 [MainThread] INFO UNetTrainer - Training iteration [52]. Epoch [0/49]
2025-05-06 23:35:37,579 [MainThread] INFO UNetTrainer - Training iteration [53]. Epoch [0/49]
2025-05-06 23:36:53,853 [MainThread] INFO UNetTrainer - Training iteration [54]. Epoch [0/49]
2025-05-06 23:38:10,186 [MainThread] INFO UNetTrainer - Training iteration [55]. Epoch [0/49]
2025-05-06 23:39:26,537 [MainThread] INFO UNetTrainer - Training iteration [56]. Epoch [0/49]
2025-05-06 23:40:43,998 [MainThread] INFO UNetTrainer - Training iteration [57]. Epoch [0/49]
2025-05-06 23:42:00,462 [MainThread] INFO UNetTrainer - Training iteration [58]. Epoch [0/49]
2025-05-06 23:43:16,777 [MainThread] INFO UNetTrainer - Training iteration [59]. Epoch [0/49]
2025-05-06 23:44:33,147 [MainThread] INFO UNetTrainer - Training iteration [60]. Epoch [0/49]
2025-05-06 23:45:50,255 [MainThread] INFO UNetTrainer - Training iteration [61]. Epoch [0/49]
2025-05-06 23:47:06,756 [MainThread] INFO UNetTrainer - Training iteration [62]. Epoch [0/49]
2025-05-06 23:48:22,744 [MainThread] INFO UNetTrainer - Training iteration [63]. Epoch [0/49]
2025-05-06 23:49:38,836 [MainThread] INFO UNetTrainer - Training iteration [64]. Epoch [0/49]
2025-05-06 23:50:55,966 [MainThread] INFO UNetTrainer - Training iteration [65]. Epoch [0/49]
2025-05-06 23:52:12,010 [MainThread] INFO UNetTrainer - Training iteration [66]. Epoch [0/49]
2025-05-06 23:53:28,085 [MainThread] INFO UNetTrainer - Training iteration [67]. Epoch [0/49]
2025-05-06 23:54:45,052 [MainThread] INFO UNetTrainer - Training iteration [68]. Epoch [0/49]
2025-05-06 23:56:02,509 [MainThread] INFO UNetTrainer - Training iteration [69]. Epoch [0/49]
2025-05-06 23:57:18,648 [MainThread] INFO UNetTrainer - Training iteration [70]. Epoch [0/49]
2025-05-06 23:58:35,478 [MainThread] INFO UNetTrainer - Training iteration [71]. Epoch [0/49]
2025-05-06 23:59:51,396 [MainThread] INFO UNetTrainer - Training iteration [72]. Epoch [0/49]
2025-05-07 00:01:08,780 [MainThread] INFO UNetTrainer - Training iteration [73]. Epoch [0/49]
2025-05-07 00:02:25,031 [MainThread] INFO UNetTrainer - Training iteration [74]. Epoch [0/49]
2025-05-07 00:03:41,273 [MainThread] INFO UNetTrainer - Training iteration [75]. Epoch [0/49]
2025-05-07 00:04:57,252 [MainThread] INFO UNetTrainer - Training iteration [76]. Epoch [0/49]
2025-05-07 00:06:14,887 [MainThread] INFO UNetTrainer - Training iteration [77]. Epoch [0/49]
2025-05-07 00:07:31,043 [MainThread] INFO UNetTrainer - Training iteration [78]. Epoch [0/49]
2025-05-07 00:08:47,387 [MainThread] INFO UNetTrainer - Training iteration [79]. Epoch [0/49]
2025-05-07 00:10:03,667 [MainThread] INFO UNetTrainer - Training iteration [80]. Epoch [0/49]
2025-05-07 00:11:20,725 [MainThread] INFO UNetTrainer - Training iteration [81]. Epoch [0/49]
2025-05-07 00:12:36,491 [MainThread] INFO UNetTrainer - Training iteration [82]. Epoch [0/49]
2025-05-07 00:13:52,809 [MainThread] INFO UNetTrainer - Training iteration [83]. Epoch [0/49]
2025-05-07 00:15:08,859 [MainThread] INFO UNetTrainer - Training iteration [84]. Epoch [0/49]
2025-05-07 00:16:25,866 [MainThread] INFO UNetTrainer - Training iteration [85]. Epoch [0/49]
2025-05-07 00:17:42,092 [MainThread] INFO UNetTrainer - Training iteration [86]. Epoch [0/49]
2025-05-07 00:18:57,883 [MainThread] INFO UNetTrainer - Training iteration [87]. Epoch [0/49]
2025-05-07 00:20:13,943 [MainThread] INFO UNetTrainer - Training iteration [88]. Epoch [0/49]
2025-05-07 00:21:31,149 [MainThread] INFO UNetTrainer - Training iteration [89]. Epoch [0/49]
2025-05-07 00:22:47,450 [MainThread] INFO UNetTrainer - Training iteration [90]. Epoch [0/49]
2025-05-07 00:24:03,886 [MainThread] INFO UNetTrainer - Training iteration [91]. Epoch [0/49]
2025-05-07 00:25:20,307 [MainThread] INFO UNetTrainer - Training iteration [92]. Epoch [0/49]
2025-05-07 00:26:37,092 [MainThread] INFO UNetTrainer - Training iteration [93]. Epoch [0/49]
2025-05-07 00:27:53,630 [MainThread] INFO UNetTrainer - Training iteration [94]. Epoch [0/49]
2025-05-07 00:29:10,164 [MainThread] INFO UNetTrainer - Training iteration [95]. Epoch [0/49]
2025-05-07 00:30:26,338 [MainThread] INFO UNetTrainer - Training iteration [96]. Epoch [0/49]
2025-05-07 00:31:43,302 [MainThread] INFO UNetTrainer - Training iteration [97]. Epoch [0/49]
2025-05-07 00:32:59,806 [MainThread] INFO UNetTrainer - Training iteration [98]. Epoch [0/49]
2025-05-07 00:34:16,511 [MainThread] INFO UNetTrainer - Training iteration [99]. Epoch [0/49]
2025-05-07 00:35:33,362 [MainThread] INFO UNetTrainer - Training iteration [100]. Epoch [0/49]
2025-05-07 00:36:49,490 [MainThread] INFO UNetTrainer - Training iteration [101]. Epoch [0/49]
2025-05-07 00:38:05,735 [MainThread] INFO UNetTrainer - Training iteration [102]. Epoch [0/49]
2025-05-07 00:39:21,882 [MainThread] INFO UNetTrainer - Training iteration [103]. Epoch [0/49]
2025-05-07 00:40:39,038 [MainThread] INFO UNetTrainer - Training iteration [104]. Epoch [0/49]
2025-05-07 00:41:54,998 [MainThread] INFO UNetTrainer - Training iteration [105]. Epoch [0/49]
2025-05-07 00:43:11,773 [MainThread] INFO UNetTrainer - Training iteration [106]. Epoch [0/49]
2025-05-07 00:44:28,374 [MainThread] INFO UNetTrainer - Training iteration [107]. Epoch [0/49]
2025-05-07 00:45:44,719 [MainThread] INFO UNetTrainer - Training iteration [108]. Epoch [0/49]
2025-05-07 00:47:00,945 [MainThread] INFO UNetTrainer - Training iteration [109]. Epoch [0/49]
2025-05-07 00:48:17,418 [MainThread] INFO UNetTrainer - Training iteration [110]. Epoch [0/49]
2025-05-07 00:49:33,469 [MainThread] INFO UNetTrainer - Training iteration [111]. Epoch [0/49]
2025-05-07 00:50:50,684 [MainThread] INFO UNetTrainer - Training iteration [112]. Epoch [0/49]
2025-05-07 00:52:06,808 [MainThread] INFO UNetTrainer - Training iteration [113]. Epoch [0/49]
2025-05-07 00:53:22,959 [MainThread] INFO UNetTrainer - Training iteration [114]. Epoch [0/49]
2025-05-07 00:54:38,806 [MainThread] INFO UNetTrainer - Training iteration [115]. Epoch [0/49]
2025-05-07 00:55:56,442 [MainThread] INFO UNetTrainer - Training iteration [116]. Epoch [0/49]
2025-05-07 00:57:13,028 [MainThread] INFO UNetTrainer - Training iteration [117]. Epoch [0/49]
2025-05-07 00:58:28,959 [MainThread] INFO UNetTrainer - Training iteration [118]. Epoch [0/49]
2025-05-07 00:59:44,598 [MainThread] INFO UNetTrainer - Training iteration [119]. Epoch [0/49]
2025-05-07 01:01:01,748 [MainThread] INFO UNetTrainer - Training iteration [120]. Epoch [0/49]
2025-05-07 01:02:17,541 [MainThread] INFO UNetTrainer - Training iteration [121]. Epoch [0/49]
2025-05-07 01:03:33,590 [MainThread] INFO UNetTrainer - Training iteration [122]. Epoch [0/49]
2025-05-07 01:04:50,013 [MainThread] INFO UNetTrainer - Training iteration [123]. Epoch [0/49]
2025-05-07 01:06:07,403 [MainThread] INFO UNetTrainer - Training iteration [124]. Epoch [0/49]
2025-05-07 01:07:24,027 [MainThread] INFO UNetTrainer - Training iteration [125]. Epoch [0/49]
2025-05-07 01:08:40,387 [MainThread] INFO UNetTrainer - Training iteration [126]. Epoch [0/49]
2025-05-07 01:09:56,547 [MainThread] INFO UNetTrainer - Training iteration [127]. Epoch [0/49]
2025-05-07 01:11:13,928 [MainThread] INFO UNetTrainer - Training iteration [128]. Epoch [0/49]
2025-05-07 01:12:30,171 [MainThread] INFO UNetTrainer - Training iteration [129]. Epoch [0/49]
2025-05-07 01:13:46,026 [MainThread] INFO UNetTrainer - Training iteration [130]. Epoch [0/49]
2025-05-07 01:15:02,516 [MainThread] INFO UNetTrainer - Training iteration [131]. Epoch [0/49]
2025-05-07 01:16:19,352 [MainThread] INFO UNetTrainer - Training iteration [132]. Epoch [0/49]
2025-05-07 01:17:34,911 [MainThread] INFO UNetTrainer - Training iteration [133]. Epoch [0/49]
2025-05-07 01:18:51,165 [MainThread] INFO UNetTrainer - Training iteration [134]. Epoch [0/49]
2025-05-07 01:20:07,420 [MainThread] INFO UNetTrainer - Training iteration [135]. Epoch [0/49]
2025-05-07 01:21:24,279 [MainThread] INFO UNetTrainer - Training iteration [136]. Epoch [0/49]
2025-05-07 01:22:40,449 [MainThread] INFO UNetTrainer - Training iteration [137]. Epoch [0/49]
2025-05-07 01:23:57,132 [MainThread] INFO UNetTrainer - Training iteration [138]. Epoch [0/49]
2025-05-07 01:25:13,548 [MainThread] INFO UNetTrainer - Training iteration [139]. Epoch [0/49]
2025-05-07 01:26:30,375 [MainThread] INFO UNetTrainer - Training iteration [140]. Epoch [0/49]
2025-05-07 01:27:46,496 [MainThread] INFO UNetTrainer - Training iteration [141]. Epoch [0/49]
2025-05-07 01:29:02,476 [MainThread] INFO UNetTrainer - Training iteration [142]. Epoch [0/49]
2025-05-07 01:30:19,134 [MainThread] INFO UNetTrainer - Training iteration [143]. Epoch [0/49]
2025-05-07 01:31:36,027 [MainThread] INFO UNetTrainer - Training iteration [144]. Epoch [0/49]
2025-05-07 01:32:52,098 [MainThread] INFO UNetTrainer - Training iteration [145]. Epoch [0/49]
2025-05-07 01:34:08,015 [MainThread] INFO UNetTrainer - Training iteration [146]. Epoch [0/49]
2025-05-07 01:35:24,679 [MainThread] INFO UNetTrainer - Training iteration [147]. Epoch [0/49]
2025-05-07 01:36:41,364 [MainThread] INFO UNetTrainer - Training iteration [148]. Epoch [0/49]
2025-05-07 01:37:57,173 [MainThread] INFO UNetTrainer - Training iteration [149]. Epoch [0/49]
2025-05-07 01:39:13,077 [MainThread] INFO UNetTrainer - Training iteration [150]. Epoch [0/49]
2025-05-07 01:40:29,455 [MainThread] INFO UNetTrainer - Training iteration [151]. Epoch [0/49]
2025-05-07 01:41:45,727 [MainThread] INFO UNetTrainer - Training iteration [152]. Epoch [0/49]
2025-05-07 01:43:01,311 [MainThread] INFO UNetTrainer - Training iteration [153]. Epoch [0/49]
2025-05-07 01:44:17,400 [MainThread] INFO UNetTrainer - Training iteration [154]. Epoch [0/49]
2025-05-07 01:45:34,827 [MainThread] INFO UNetTrainer - Training iteration [155]. Epoch [0/49]
2025-05-07 01:46:51,098 [MainThread] INFO UNetTrainer - Training iteration [156]. Epoch [0/49]
2025-05-07 01:48:07,159 [MainThread] INFO UNetTrainer - Training iteration [157]. Epoch [0/49]
2025-05-07 01:49:23,445 [MainThread] INFO UNetTrainer - Training iteration [158]. Epoch [0/49]
2025-05-07 01:50:40,603 [MainThread] INFO UNetTrainer - Training iteration [159]. Epoch [0/49]
2025-05-07 01:51:56,671 [MainThread] INFO UNetTrainer - Training iteration [160]. Epoch [0/49]
2025-05-07 01:53:12,513 [MainThread] INFO UNetTrainer - Training iteration [161]. Epoch [0/49]
2025-05-07 01:54:28,720 [MainThread] INFO UNetTrainer - Training iteration [162]. Epoch [0/49]
2025-05-07 01:55:45,665 [MainThread] INFO UNetTrainer - Training iteration [163]. Epoch [0/49]
2025-05-07 01:57:02,130 [MainThread] INFO UNetTrainer - Training iteration [164]. Epoch [0/49]
2025-05-07 01:58:18,242 [MainThread] INFO UNetTrainer - Training iteration [165]. Epoch [0/49]
2025-05-07 01:59:34,802 [MainThread] INFO UNetTrainer - Training iteration [166]. Epoch [0/49]
2025-05-07 02:00:52,062 [MainThread] INFO UNetTrainer - Training iteration [167]. Epoch [0/49]
2025-05-07 02:02:08,405 [MainThread] INFO UNetTrainer - Training iteration [168]. Epoch [0/49]
2025-05-07 02:03:24,618 [MainThread] INFO UNetTrainer - Training iteration [169]. Epoch [0/49]
2025-05-07 02:04:41,034 [MainThread] INFO UNetTrainer - Training iteration [170]. Epoch [0/49]
2025-05-07 02:05:58,053 [MainThread] INFO UNetTrainer - Training iteration [171]. Epoch [0/49]
2025-05-07 02:07:14,300 [MainThread] INFO UNetTrainer - Training iteration [172]. Epoch [0/49]
2025-05-07 02:08:30,343 [MainThread] INFO UNetTrainer - Training iteration [173]. Epoch [0/49]
2025-05-07 02:09:47,060 [MainThread] INFO UNetTrainer - Training iteration [174]. Epoch [0/49]
2025-05-07 02:11:04,086 [MainThread] INFO UNetTrainer - Training iteration [175]. Epoch [0/49]
2025-05-07 02:12:20,141 [MainThread] INFO UNetTrainer - Training iteration [176]. Epoch [0/49]
2025-05-07 02:13:36,200 [MainThread] INFO UNetTrainer - Training iteration [177]. Epoch [0/49]
2025-05-07 02:14:52,346 [MainThread] INFO UNetTrainer - Training iteration [178]. Epoch [0/49]
2025-05-07 02:16:09,382 [MainThread] INFO UNetTrainer - Training iteration [179]. Epoch [0/49]
2025-05-07 02:17:25,621 [MainThread] INFO UNetTrainer - Training iteration [180]. Epoch [0/49]
2025-05-07 02:18:41,575 [MainThread] INFO UNetTrainer - Training iteration [181]. Epoch [0/49]
2025-05-07 02:19:57,258 [MainThread] INFO UNetTrainer - Training iteration [182]. Epoch [0/49]
2025-05-07 02:21:14,296 [MainThread] INFO UNetTrainer - Training iteration [183]. Epoch [0/49]
2025-05-07 02:22:30,334 [MainThread] INFO UNetTrainer - Training iteration [184]. Epoch [0/49]
2025-05-07 02:23:46,809 [MainThread] INFO UNetTrainer - Training iteration [185]. Epoch [0/49]
2025-05-07 02:25:02,891 [MainThread] INFO UNetTrainer - Training iteration [186]. Epoch [0/49]
2025-05-07 02:26:19,819 [MainThread] INFO UNetTrainer - Training iteration [187]. Epoch [0/49]
2025-05-07 02:27:35,305 [MainThread] INFO UNetTrainer - Training iteration [188]. Epoch [0/49]
2025-05-07 02:28:50,903 [MainThread] INFO UNetTrainer - Training iteration [189]. Epoch [0/49]
2025-05-07 02:30:06,456 [MainThread] INFO UNetTrainer - Training iteration [190]. Epoch [0/49]
2025-05-07 02:31:23,299 [MainThread] INFO UNetTrainer - Training iteration [191]. Epoch [0/49]
2025-05-07 02:32:39,746 [MainThread] INFO UNetTrainer - Training iteration [192]. Epoch [0/49]
2025-05-07 02:33:55,422 [MainThread] INFO UNetTrainer - Training iteration [193]. Epoch [0/49]
2025-05-07 02:35:11,397 [MainThread] INFO UNetTrainer - Training iteration [194]. Epoch [0/49]
2025-05-07 02:36:27,746 [MainThread] INFO UNetTrainer - Training iteration [195]. Epoch [0/49]
2025-05-07 02:37:43,789 [MainThread] INFO UNetTrainer - Training iteration [196]. Epoch [0/49]
2025-05-07 02:39:00,346 [MainThread] INFO UNetTrainer - Training iteration [197]. Epoch [0/49]
2025-05-07 02:40:16,327 [MainThread] INFO UNetTrainer - Training iteration [198]. Epoch [0/49]
2025-05-07 02:41:33,395 [MainThread] INFO UNetTrainer - Training iteration [199]. Epoch [0/49]
2025-05-07 02:42:49,549 [MainThread] INFO UNetTrainer - Training iteration [200]. Epoch [0/49]
2025-05-07 02:44:05,679 [MainThread] INFO UNetTrainer - Training iteration [201]. Epoch [0/49]
2025-05-07 02:45:22,194 [MainThread] INFO UNetTrainer - Training iteration [202]. Epoch [0/49]
2025-05-07 02:46:38,801 [MainThread] INFO UNetTrainer - Training iteration [203]. Epoch [0/49]
2025-05-07 02:47:54,608 [MainThread] INFO UNetTrainer - Training iteration [204]. Epoch [0/49]
2025-05-07 02:49:10,439 [MainThread] INFO UNetTrainer - Training iteration [205]. Epoch [0/49]
2025-05-07 02:50:27,366 [MainThread] INFO UNetTrainer - Training iteration [206]. Epoch [0/49]
2025-05-07 02:51:43,717 [MainThread] INFO UNetTrainer - Training iteration [207]. Epoch [0/49]
2025-05-07 02:52:59,504 [MainThread] INFO UNetTrainer - Training iteration [208]. Epoch [0/49]
2025-05-07 02:54:15,620 [MainThread] INFO UNetTrainer - Training iteration [209]. Epoch [0/49]
2025-05-07 02:55:32,009 [MainThread] INFO UNetTrainer - Training iteration [210]. Epoch [0/49]
2025-05-07 02:56:47,643 [MainThread] INFO UNetTrainer - Training iteration [211]. Epoch [0/49]
2025-05-07 02:58:03,414 [MainThread] INFO UNetTrainer - Training iteration [212]. Epoch [0/49]
2025-05-07 02:59:19,451 [MainThread] INFO UNetTrainer - Training iteration [213]. Epoch [0/49]
2025-05-07 03:00:36,431 [MainThread] INFO UNetTrainer - Training iteration [214]. Epoch [0/49]
2025-05-07 03:01:52,665 [MainThread] INFO UNetTrainer - Training iteration [215]. Epoch [0/49]
2025-05-07 03:03:09,260 [MainThread] INFO UNetTrainer - Training iteration [216]. Epoch [0/49]
2025-05-07 03:04:25,448 [MainThread] INFO UNetTrainer - Training iteration [217]. Epoch [0/49]
2025-05-07 03:05:42,630 [MainThread] INFO UNetTrainer - Training iteration [218]. Epoch [0/49]
2025-05-07 03:06:59,168 [MainThread] INFO UNetTrainer - Training iteration [219]. Epoch [0/49]
2025-05-07 03:08:15,490 [MainThread] INFO UNetTrainer - Training iteration [220]. Epoch [0/49]
2025-05-07 03:09:31,763 [MainThread] INFO UNetTrainer - Training iteration [221]. Epoch [0/49]
2025-05-07 03:10:49,062 [MainThread] INFO UNetTrainer - Training iteration [222]. Epoch [0/49]
2025-05-07 03:12:05,373 [MainThread] INFO UNetTrainer - Training iteration [223]. Epoch [0/49]
2025-05-07 03:13:22,032 [MainThread] INFO UNetTrainer - Training iteration [224]. Epoch [0/49]
2025-05-07 03:14:38,260 [MainThread] INFO UNetTrainer - Training iteration [225]. Epoch [0/49]
2025-05-07 03:15:55,766 [MainThread] INFO UNetTrainer - Training iteration [226]. Epoch [0/49]
2025-05-07 03:17:11,923 [MainThread] INFO UNetTrainer - Training iteration [227]. Epoch [0/49]
2025-05-07 03:18:28,540 [MainThread] INFO UNetTrainer - Training iteration [228]. Epoch [0/49]
2025-05-07 03:19:44,481 [MainThread] INFO UNetTrainer - Training iteration [229]. Epoch [0/49]
2025-05-07 03:21:01,779 [MainThread] INFO UNetTrainer - Training iteration [230]. Epoch [0/49]
2025-05-07 03:22:17,948 [MainThread] INFO UNetTrainer - Training iteration [231]. Epoch [0/49]
2025-05-07 03:23:34,339 [MainThread] INFO UNetTrainer - Training iteration [232]. Epoch [0/49]
2025-05-07 03:24:50,679 [MainThread] INFO UNetTrainer - Training iteration [233]. Epoch [0/49]
2025-05-07 03:26:07,694 [MainThread] INFO UNetTrainer - Training iteration [234]. Epoch [0/49]
2025-05-07 03:27:24,032 [MainThread] INFO UNetTrainer - Training iteration [235]. Epoch [0/49]
2025-05-07 03:28:39,949 [MainThread] INFO UNetTrainer - Training iteration [236]. Epoch [0/49]
2025-05-07 03:29:55,905 [MainThread] INFO UNetTrainer - Training iteration [237]. Epoch [0/49]
2025-05-07 03:31:13,387 [MainThread] INFO UNetTrainer - Training iteration [238]. Epoch [0/49]
2025-05-07 03:32:29,737 [MainThread] INFO UNetTrainer - Training iteration [239]. Epoch [0/49]
2025-05-07 03:33:45,840 [MainThread] INFO UNetTrainer - Training iteration [240]. Epoch [0/49]
2025-05-07 03:35:02,013 [MainThread] INFO UNetTrainer - Training iteration [241]. Epoch [0/49]
2025-05-07 03:36:19,600 [MainThread] INFO UNetTrainer - Training iteration [242]. Epoch [0/49]
2025-05-07 03:37:35,707 [MainThread] INFO UNetTrainer - Training iteration [243]. Epoch [0/49]
2025-05-07 03:38:52,258 [MainThread] INFO UNetTrainer - Training iteration [244]. Epoch [0/49]
2025-05-07 03:40:08,712 [MainThread] INFO UNetTrainer - Training iteration [245]. Epoch [0/49]
2025-05-07 03:41:26,203 [MainThread] INFO UNetTrainer - Training iteration [246]. Epoch [0/49]
2025-05-07 03:42:42,557 [MainThread] INFO UNetTrainer - Training iteration [247]. Epoch [0/49]
2025-05-07 03:43:58,895 [MainThread] INFO UNetTrainer - Training iteration [248]. Epoch [0/49]
2025-05-07 03:45:15,426 [MainThread] INFO UNetTrainer - Training iteration [249]. Epoch [0/49]
2025-05-07 03:46:32,514 [MainThread] INFO UNetTrainer - Training iteration [250]. Epoch [0/49]
2025-05-07 03:47:49,167 [MainThread] INFO UNetTrainer - Training iteration [251]. Epoch [0/49]
2025-05-07 03:49:05,462 [MainThread] INFO UNetTrainer - Training iteration [252]. Epoch [0/49]
2025-05-07 03:50:22,480 [MainThread] INFO UNetTrainer - Training iteration [253]. Epoch [0/49]
2025-05-07 03:51:39,508 [MainThread] INFO UNetTrainer - Training iteration [254]. Epoch [0/49]
2025-05-07 03:52:55,844 [MainThread] INFO UNetTrainer - Training iteration [255]. Epoch [0/49]
2025-05-07 03:54:11,989 [MainThread] INFO UNetTrainer - Training iteration [256]. Epoch [0/49]
2025-05-07 03:55:28,357 [MainThread] INFO UNetTrainer - Training iteration [257]. Epoch [0/49]
2025-05-07 03:56:45,336 [MainThread] INFO UNetTrainer - Training iteration [258]. Epoch [0/49]
2025-05-07 03:58:02,286 [MainThread] INFO UNetTrainer - Training iteration [259]. Epoch [0/49]
2025-05-07 03:59:18,681 [MainThread] INFO UNetTrainer - Training iteration [260]. Epoch [0/49]
2025-05-07 04:00:36,504 [MainThread] INFO UNetTrainer - Training iteration [261]. Epoch [0/49]
2025-05-07 04:01:53,154 [MainThread] INFO UNetTrainer - Training iteration [262]. Epoch [0/49]
2025-05-07 04:03:09,110 [MainThread] INFO UNetTrainer - Training iteration [263]. Epoch [0/49]
2025-05-07 04:04:25,869 [MainThread] INFO UNetTrainer - Training iteration [264]. Epoch [0/49]
2025-05-07 04:05:42,942 [MainThread] INFO UNetTrainer - Training iteration [265]. Epoch [0/49]
2025-05-07 04:06:59,440 [MainThread] INFO UNetTrainer - Training iteration [266]. Epoch [0/49]
2025-05-07 04:08:15,783 [MainThread] INFO UNetTrainer - Training iteration [267]. Epoch [0/49]
2025-05-07 04:09:32,415 [MainThread] INFO UNetTrainer - Training iteration [268]. Epoch [0/49]
2025-05-07 04:10:49,972 [MainThread] INFO UNetTrainer - Training iteration [269]. Epoch [0/49]
2025-05-07 04:12:06,402 [MainThread] INFO UNetTrainer - Training iteration [270]. Epoch [0/49]
2025-05-07 04:13:22,603 [MainThread] INFO UNetTrainer - Training iteration [271]. Epoch [0/49]
2025-05-07 04:14:39,545 [MainThread] INFO UNetTrainer - Training iteration [272]. Epoch [0/49]
2025-05-07 04:15:56,609 [MainThread] INFO UNetTrainer - Training iteration [273]. Epoch [0/49]
2025-05-07 04:17:13,201 [MainThread] INFO UNetTrainer - Training iteration [274]. Epoch [0/49]
2025-05-07 04:18:29,543 [MainThread] INFO UNetTrainer - Training iteration [275]. Epoch [0/49]
2025-05-07 04:19:46,049 [MainThread] INFO UNetTrainer - Training iteration [276]. Epoch [0/49]
2025-05-07 04:21:03,686 [MainThread] INFO UNetTrainer - Training iteration [277]. Epoch [0/49]
2025-05-07 04:22:20,062 [MainThread] INFO UNetTrainer - Training iteration [278]. Epoch [0/49]
2025-05-07 04:23:36,160 [MainThread] INFO UNetTrainer - Training iteration [279]. Epoch [0/49]
2025-05-07 04:24:52,737 [MainThread] INFO UNetTrainer - Training iteration [280]. Epoch [0/49]
2025-05-07 04:26:09,839 [MainThread] INFO UNetTrainer - Training iteration [281]. Epoch [0/49]
2025-05-07 04:27:26,261 [MainThread] INFO UNetTrainer - Training iteration [282]. Epoch [0/49]
2025-05-07 04:28:42,427 [MainThread] INFO UNetTrainer - Training iteration [283]. Epoch [0/49]
2025-05-07 04:29:59,273 [MainThread] INFO UNetTrainer - Training iteration [284]. Epoch [0/49]
2025-05-07 04:31:16,534 [MainThread] INFO UNetTrainer - Training iteration [285]. Epoch [0/49]
2025-05-07 04:32:33,259 [MainThread] INFO UNetTrainer - Training iteration [286]. Epoch [0/49]
2025-05-07 04:33:49,491 [MainThread] INFO UNetTrainer - Training iteration [287]. Epoch [0/49]
2025-05-07 04:35:05,965 [MainThread] INFO UNetTrainer - Training iteration [288]. Epoch [0/49]
2025-05-07 04:36:22,728 [MainThread] INFO UNetTrainer - Training iteration [289]. Epoch [0/49]
2025-05-07 04:37:38,901 [MainThread] INFO UNetTrainer - Training iteration [290]. Epoch [0/49]
2025-05-07 04:38:55,444 [MainThread] INFO UNetTrainer - Training iteration [291]. Epoch [0/49]
2025-05-07 04:40:12,020 [MainThread] INFO UNetTrainer - Training iteration [292]. Epoch [0/49]
2025-05-07 04:41:29,082 [MainThread] INFO UNetTrainer - Training iteration [293]. Epoch [0/49]
2025-05-07 04:42:46,238 [MainThread] INFO UNetTrainer - Training iteration [294]. Epoch [0/49]
2025-05-07 04:44:02,191 [MainThread] INFO UNetTrainer - Training iteration [295]. Epoch [0/49]
2025-05-07 04:45:18,670 [MainThread] INFO UNetTrainer - Training iteration [296]. Epoch [0/49]
2025-05-07 04:46:35,901 [MainThread] INFO UNetTrainer - Training iteration [297]. Epoch [0/49]
2025-05-07 04:47:52,230 [MainThread] INFO UNetTrainer - Training iteration [298]. Epoch [0/49]
2025-05-07 04:49:08,283 [MainThread] INFO UNetTrainer - Training iteration [299]. Epoch [0/49]
2025-05-07 04:50:25,262 [MainThread] INFO UNetTrainer - Training iteration [300]. Epoch [0/49]
2025-05-07 04:51:42,139 [MainThread] INFO UNetTrainer - Training iteration [301]. Epoch [0/49]
2025-05-07 04:52:58,651 [MainThread] INFO UNetTrainer - Training iteration [302]. Epoch [0/49]
2025-05-07 04:54:15,346 [MainThread] INFO UNetTrainer - Training iteration [303]. Epoch [0/49]
2025-05-07 04:55:32,280 [MainThread] INFO UNetTrainer - Training iteration [304]. Epoch [0/49]
2025-05-07 04:56:48,782 [MainThread] INFO UNetTrainer - Training iteration [305]. Epoch [0/49]
2025-05-07 04:58:05,190 [MainThread] INFO UNetTrainer - Training iteration [306]. Epoch [0/49]
2025-05-07 04:59:21,578 [MainThread] INFO UNetTrainer - Training iteration [307]. Epoch [0/49]
2025-05-07 05:00:38,663 [MainThread] INFO UNetTrainer - Training iteration [308]. Epoch [0/49]
2025-05-07 05:01:55,079 [MainThread] INFO UNetTrainer - Training iteration [309]. Epoch [0/49]
2025-05-07 05:03:11,833 [MainThread] INFO UNetTrainer - Training iteration [310]. Epoch [0/49]
2025-05-07 05:04:28,212 [MainThread] INFO UNetTrainer - Training iteration [311]. Epoch [0/49]
2025-05-07 05:05:45,632 [MainThread] INFO UNetTrainer - Training iteration [312]. Epoch [0/49]
2025-05-07 05:07:01,794 [MainThread] INFO UNetTrainer - Training iteration [313]. Epoch [0/49]
2025-05-07 05:08:18,162 [MainThread] INFO UNetTrainer - Training iteration [314]. Epoch [0/49]
2025-05-07 05:09:34,555 [MainThread] INFO UNetTrainer - Training iteration [315]. Epoch [0/49]
2025-05-07 05:10:51,946 [MainThread] INFO UNetTrainer - Training iteration [316]. Epoch [0/49]
2025-05-07 05:12:08,156 [MainThread] INFO UNetTrainer - Training iteration [317]. Epoch [0/49]
2025-05-07 05:13:24,331 [MainThread] INFO UNetTrainer - Training iteration [318]. Epoch [0/49]
2025-05-07 05:14:40,401 [MainThread] INFO UNetTrainer - Training iteration [319]. Epoch [0/49]
2025-05-07 05:15:58,154 [MainThread] INFO UNetTrainer - Training iteration [320]. Epoch [0/49]
2025-05-07 05:17:14,514 [MainThread] INFO UNetTrainer - Training iteration [321]. Epoch [0/49]
2025-05-07 05:18:31,607 [MainThread] INFO UNetTrainer - Training iteration [322]. Epoch [0/49]
2025-05-07 05:19:47,853 [MainThread] INFO UNetTrainer - Training iteration [323]. Epoch [0/49]
2025-05-07 05:21:06,021 [MainThread] INFO UNetTrainer - Training iteration [324]. Epoch [0/49]
2025-05-07 05:22:22,270 [MainThread] INFO UNetTrainer - Training iteration [325]. Epoch [0/49]
2025-05-07 05:23:38,359 [MainThread] INFO UNetTrainer - Training iteration [326]. Epoch [0/49]
2025-05-07 05:24:54,045 [MainThread] INFO UNetTrainer - Training iteration [327]. Epoch [0/49]
2025-05-07 05:26:11,237 [MainThread] INFO UNetTrainer - Training iteration [328]. Epoch [0/49]
2025-05-07 05:27:27,578 [MainThread] INFO UNetTrainer - Training iteration [329]. Epoch [0/49]
2025-05-07 05:28:43,860 [MainThread] INFO UNetTrainer - Training iteration [330]. Epoch [0/49]
2025-05-07 05:30:00,576 [MainThread] INFO UNetTrainer - Training iteration [331]. Epoch [0/49]
2025-05-07 05:31:17,987 [MainThread] INFO UNetTrainer - Training iteration [332]. Epoch [0/49]
2025-05-07 05:32:34,192 [MainThread] INFO UNetTrainer - Training iteration [333]. Epoch [0/49]
2025-05-07 05:33:50,792 [MainThread] INFO UNetTrainer - Training iteration [334]. Epoch [0/49]
2025-05-07 05:35:07,409 [MainThread] INFO UNetTrainer - Training iteration [335]. Epoch [0/49]
2025-05-07 05:36:24,440 [MainThread] INFO UNetTrainer - Training iteration [336]. Epoch [0/49]
2025-05-07 05:37:40,525 [MainThread] INFO UNetTrainer - Training iteration [337]. Epoch [0/49]
2025-05-07 05:38:56,414 [MainThread] INFO UNetTrainer - Training iteration [338]. Epoch [0/49]
2025-05-07 05:40:13,052 [MainThread] INFO UNetTrainer - Training iteration [339]. Epoch [0/49]
2025-05-07 05:41:30,598 [MainThread] INFO UNetTrainer - Training iteration [340]. Epoch [0/49]
2025-05-07 05:42:47,422 [MainThread] INFO UNetTrainer - Training iteration [341]. Epoch [0/49]
2025-05-07 05:44:04,135 [MainThread] INFO UNetTrainer - Training iteration [342]. Epoch [0/49]
2025-05-07 05:45:20,561 [MainThread] INFO UNetTrainer - Training iteration [343]. Epoch [0/49]
2025-05-07 05:46:37,562 [MainThread] INFO UNetTrainer - Training iteration [344]. Epoch [0/49]
2025-05-07 05:47:54,074 [MainThread] INFO UNetTrainer - Training iteration [345]. Epoch [0/49]
2025-05-07 05:49:10,648 [MainThread] INFO UNetTrainer - Training iteration [346]. Epoch [0/49]
2025-05-07 05:50:27,595 [MainThread] INFO UNetTrainer - Training iteration [347]. Epoch [0/49]
2025-05-07 05:51:44,558 [MainThread] INFO UNetTrainer - Training iteration [348]. Epoch [0/49]
2025-05-07 05:53:01,409 [MainThread] INFO UNetTrainer - Training iteration [349]. Epoch [0/49]
2025-05-07 05:54:17,940 [MainThread] INFO UNetTrainer - Training iteration [350]. Epoch [0/49]
2025-05-07 05:55:35,333 [MainThread] INFO UNetTrainer - Training iteration [351]. Epoch [0/49]
2025-05-07 05:56:51,695 [MainThread] INFO UNetTrainer - Training iteration [352]. Epoch [0/49]
2025-05-07 05:58:08,110 [MainThread] INFO UNetTrainer - Training iteration [353]. Epoch [0/49]
2025-05-07 05:59:24,683 [MainThread] INFO UNetTrainer - Training iteration [354]. Epoch [0/49]
2025-05-07 06:00:42,076 [MainThread] INFO UNetTrainer - Training iteration [355]. Epoch [0/49]
2025-05-07 06:01:58,345 [MainThread] INFO UNetTrainer - Training iteration [356]. Epoch [0/49]
2025-05-07 06:03:14,654 [MainThread] INFO UNetTrainer - Training iteration [357]. Epoch [0/49]
2025-05-07 06:04:30,910 [MainThread] INFO UNetTrainer - Training iteration [358]. Epoch [0/49]
2025-05-07 06:05:48,094 [MainThread] INFO UNetTrainer - Training iteration [359]. Epoch [0/49]
2025-05-07 06:07:04,412 [MainThread] INFO UNetTrainer - Training iteration [360]. Epoch [0/49]
2025-05-07 06:08:20,631 [MainThread] INFO UNetTrainer - Training iteration [361]. Epoch [0/49]
2025-05-07 06:09:37,080 [MainThread] INFO UNetTrainer - Training iteration [362]. Epoch [0/49]
2025-05-07 06:10:54,492 [MainThread] INFO UNetTrainer - Training iteration [363]. Epoch [0/49]
2025-05-07 06:12:10,741 [MainThread] INFO UNetTrainer - Training iteration [364]. Epoch [0/49]
2025-05-07 06:13:27,046 [MainThread] INFO UNetTrainer - Training iteration [365]. Epoch [0/49]
2025-05-07 06:14:43,319 [MainThread] INFO UNetTrainer - Training iteration [366]. Epoch [0/49]
2025-05-07 06:16:00,278 [MainThread] INFO UNetTrainer - Training iteration [367]. Epoch [0/49]
2025-05-07 06:17:16,580 [MainThread] INFO UNetTrainer - Training iteration [368]. Epoch [0/49]
2025-05-07 06:18:33,686 [MainThread] INFO UNetTrainer - Training iteration [369]. Epoch [0/49]
2025-05-07 06:19:49,999 [MainThread] INFO UNetTrainer - Training iteration [370]. Epoch [0/49]
2025-05-07 06:21:07,365 [MainThread] INFO UNetTrainer - Training iteration [371]. Epoch [0/49]
2025-05-07 06:22:23,856 [MainThread] INFO UNetTrainer - Training iteration [372]. Epoch [0/49]
2025-05-07 06:23:39,959 [MainThread] INFO UNetTrainer - Training iteration [373]. Epoch [0/49]
2025-05-07 06:24:56,205 [MainThread] INFO UNetTrainer - Training iteration [374]. Epoch [0/49]
2025-05-07 06:26:13,612 [MainThread] INFO UNetTrainer - Training iteration [375]. Epoch [0/49]
2025-05-07 06:27:29,937 [MainThread] INFO UNetTrainer - Training iteration [376]. Epoch [0/49]
2025-05-07 06:28:46,164 [MainThread] INFO UNetTrainer - Training iteration [377]. Epoch [0/49]
2025-05-07 06:30:02,246 [MainThread] INFO UNetTrainer - Training iteration [378]. Epoch [0/49]
2025-05-07 06:31:19,019 [MainThread] INFO UNetTrainer - Training iteration [379]. Epoch [0/49]
2025-05-07 06:32:35,178 [MainThread] INFO UNetTrainer - Training iteration [380]. Epoch [0/49]
2025-05-07 06:33:51,727 [MainThread] INFO UNetTrainer - Training iteration [381]. Epoch [0/49]
2025-05-07 06:35:08,281 [MainThread] INFO UNetTrainer - Training iteration [382]. Epoch [0/49]
2025-05-07 06:36:25,232 [MainThread] INFO UNetTrainer - Training iteration [383]. Epoch [0/49]
2025-05-07 06:37:41,735 [MainThread] INFO UNetTrainer - Training iteration [384]. Epoch [0/49]
2025-05-07 06:38:58,196 [MainThread] INFO UNetTrainer - Training iteration [385]. Epoch [0/49]
2025-05-07 06:40:14,813 [MainThread] INFO UNetTrainer - Training iteration [386]. Epoch [0/49]
2025-05-07 06:41:32,138 [MainThread] INFO UNetTrainer - Training iteration [387]. Epoch [0/49]
2025-05-07 06:42:48,294 [MainThread] INFO UNetTrainer - Training iteration [388]. Epoch [0/49]
2025-05-07 06:44:04,981 [MainThread] INFO UNetTrainer - Training iteration [389]. Epoch [0/49]
2025-05-07 06:45:22,215 [MainThread] INFO UNetTrainer - Training iteration [390]. Epoch [0/49]
2025-05-07 06:46:38,911 [MainThread] INFO UNetTrainer - Training iteration [391]. Epoch [0/49]
2025-05-07 06:47:55,415 [MainThread] INFO UNetTrainer - Training iteration [392]. Epoch [0/49]
2025-05-07 06:49:12,004 [MainThread] INFO UNetTrainer - Training iteration [393]. Epoch [0/49]
2025-05-07 06:50:28,661 [MainThread] INFO UNetTrainer - Training iteration [394]. Epoch [0/49]
2025-05-07 06:51:45,322 [MainThread] INFO UNetTrainer - Training iteration [395]. Epoch [0/49]
2025-05-07 06:53:01,640 [MainThread] INFO UNetTrainer - Training iteration [396]. Epoch [0/49]
2025-05-07 06:54:18,773 [MainThread] INFO UNetTrainer - Training iteration [397]. Epoch [0/49]
2025-05-07 06:55:35,820 [MainThread] INFO UNetTrainer - Training iteration [398]. Epoch [0/49]
2025-05-07 06:56:52,397 [MainThread] INFO UNetTrainer - Training iteration [399]. Epoch [0/49]
2025-05-07 06:58:08,634 [MainThread] INFO UNetTrainer - Training iteration [400]. Epoch [0/49]
2025-05-07 06:59:24,846 [MainThread] INFO UNetTrainer - Training iteration [401]. Epoch [0/49]
2025-05-07 07:00:41,572 [MainThread] INFO UNetTrainer - Training iteration [402]. Epoch [0/49]
2025-05-07 07:01:58,683 [MainThread] INFO UNetTrainer - Training iteration [403]. Epoch [0/49]
2025-05-07 07:03:14,861 [MainThread] INFO UNetTrainer - Training iteration [404]. Epoch [0/49]
2025-05-07 07:04:31,435 [MainThread] INFO UNetTrainer - Training iteration [405]. Epoch [0/49]
2025-05-07 07:05:48,068 [MainThread] INFO UNetTrainer - Training iteration [406]. Epoch [0/49]
2025-05-07 07:07:04,878 [MainThread] INFO UNetTrainer - Training iteration [407]. Epoch [0/49]
2025-05-07 07:08:20,846 [MainThread] INFO UNetTrainer - Training iteration [408]. Epoch [0/49]
2025-05-07 07:09:37,351 [MainThread] INFO UNetTrainer - Training iteration [409]. Epoch [0/49]
2025-05-07 07:10:53,868 [MainThread] INFO UNetTrainer - Training iteration [410]. Epoch [0/49]
2025-05-07 07:12:10,198 [MainThread] INFO UNetTrainer - Training iteration [411]. Epoch [0/49]
2025-05-07 07:13:27,216 [MainThread] INFO UNetTrainer - Training iteration [412]. Epoch [0/49]
2025-05-07 07:14:43,711 [MainThread] INFO UNetTrainer - Training iteration [413]. Epoch [0/49]
2025-05-07 07:16:00,770 [MainThread] INFO UNetTrainer - Training iteration [414]. Epoch [0/49]
2025-05-07 07:17:17,166 [MainThread] INFO UNetTrainer - Training iteration [415]. Epoch [0/49]
2025-05-07 07:18:34,694 [MainThread] INFO UNetTrainer - Training iteration [416]. Epoch [0/49]
2025-05-07 07:19:51,651 [MainThread] INFO UNetTrainer - Training iteration [417]. Epoch [0/49]
2025-05-07 07:21:08,269 [MainThread] INFO UNetTrainer - Training iteration [418]. Epoch [0/49]
2025-05-07 07:22:24,612 [MainThread] INFO UNetTrainer - Training iteration [419]. Epoch [0/49]
2025-05-07 07:23:41,006 [MainThread] INFO UNetTrainer - Training iteration [420]. Epoch [0/49]
2025-05-07 07:24:57,300 [MainThread] INFO UNetTrainer - Training iteration [421]. Epoch [0/49]
2025-05-07 07:26:13,818 [MainThread] INFO UNetTrainer - Training iteration [422]. Epoch [0/49]
2025-05-07 07:27:30,461 [MainThread] INFO UNetTrainer - Training iteration [423]. Epoch [0/49]
2025-05-07 07:28:46,648 [MainThread] INFO UNetTrainer - Training iteration [424]. Epoch [0/49]
2025-05-07 07:30:03,296 [MainThread] INFO UNetTrainer - Training iteration [425]. Epoch [0/49]
2025-05-07 07:31:20,107 [MainThread] INFO UNetTrainer - Training iteration [426]. Epoch [0/49]
2025-05-07 07:32:37,160 [MainThread] INFO UNetTrainer - Training iteration [427]. Epoch [0/49]
2025-05-07 07:33:53,528 [MainThread] INFO UNetTrainer - Training iteration [428]. Epoch [0/49]
2025-05-07 07:35:09,729 [MainThread] INFO UNetTrainer - Training iteration [429]. Epoch [0/49]
2025-05-07 07:36:26,079 [MainThread] INFO UNetTrainer - Training iteration [430]. Epoch [0/49]
2025-05-07 07:37:42,187 [MainThread] INFO UNetTrainer - Training iteration [431]. Epoch [0/49]
2025-05-07 07:38:58,235 [MainThread] INFO UNetTrainer - Training iteration [432]. Epoch [0/49]
2025-05-07 07:40:15,084 [MainThread] INFO UNetTrainer - Training iteration [433]. Epoch [0/49]
2025-05-07 07:41:31,562 [MainThread] INFO UNetTrainer - Training iteration [434]. Epoch [0/49]
2025-05-07 07:42:48,461 [MainThread] INFO UNetTrainer - Training iteration [435]. Epoch [0/49]
2025-05-07 07:44:04,818 [MainThread] INFO UNetTrainer - Training iteration [436]. Epoch [0/49]
2025-05-07 07:45:22,054 [MainThread] INFO UNetTrainer - Training iteration [437]. Epoch [0/49]
2025-05-07 07:46:38,450 [MainThread] INFO UNetTrainer - Training iteration [438]. Epoch [0/49]
2025-05-07 07:47:55,294 [MainThread] INFO UNetTrainer - Training iteration [439]. Epoch [0/49]
2025-05-07 07:49:11,574 [MainThread] INFO UNetTrainer - Training iteration [440]. Epoch [0/49]
2025-05-07 07:50:27,488 [MainThread] INFO UNetTrainer - Training iteration [441]. Epoch [0/49]
2025-05-07 07:51:43,300 [MainThread] INFO UNetTrainer - Training iteration [442]. Epoch [0/49]
2025-05-07 07:52:59,263 [MainThread] INFO UNetTrainer - Training iteration [443]. Epoch [0/49]
2025-05-07 07:54:15,245 [MainThread] INFO UNetTrainer - Training iteration [444]. Epoch [0/49]
2025-05-07 07:55:31,701 [MainThread] INFO UNetTrainer - Training iteration [445]. Epoch [0/49]
2025-05-07 07:56:47,905 [MainThread] INFO UNetTrainer - Training iteration [446]. Epoch [0/49]
2025-05-07 07:58:04,159 [MainThread] INFO UNetTrainer - Training iteration [447]. Epoch [0/49]
2025-05-07 07:59:20,025 [MainThread] INFO UNetTrainer - Training iteration [448]. Epoch [0/49]
2025-05-07 08:00:36,204 [MainThread] INFO UNetTrainer - Training iteration [449]. Epoch [0/49]
2025-05-07 08:01:52,926 [MainThread] INFO UNetTrainer - Training iteration [450]. Epoch [0/49]
2025-05-07 08:03:09,120 [MainThread] INFO UNetTrainer - Training iteration [451]. Epoch [0/49]
2025-05-07 08:04:25,494 [MainThread] INFO UNetTrainer - Training iteration [452]. Epoch [0/49]
2025-05-07 08:05:42,005 [MainThread] INFO UNetTrainer - Training iteration [453]. Epoch [0/49]
2025-05-07 08:06:58,274 [MainThread] INFO UNetTrainer - Training iteration [454]. Epoch [0/49]
2025-05-07 08:08:14,484 [MainThread] INFO UNetTrainer - Training iteration [455]. Epoch [0/49]
2025-05-07 08:09:30,862 [MainThread] INFO UNetTrainer - Training iteration [456]. Epoch [0/49]
2025-05-07 08:10:47,529 [MainThread] INFO UNetTrainer - Training iteration [457]. Epoch [0/49]
2025-05-07 08:12:04,102 [MainThread] INFO UNetTrainer - Training iteration [458]. Epoch [0/49]
2025-05-07 08:13:20,705 [MainThread] INFO UNetTrainer - Training iteration [459]. Epoch [0/49]
2025-05-07 08:14:36,987 [MainThread] INFO UNetTrainer - Training iteration [460]. Epoch [0/49]
2025-05-07 08:15:53,688 [MainThread] INFO UNetTrainer - Training iteration [461]. Epoch [0/49]
2025-05-07 08:17:10,569 [MainThread] INFO UNetTrainer - Training iteration [462]. Epoch [0/49]
2025-05-07 08:18:26,704 [MainThread] INFO UNetTrainer - Training iteration [463]. Epoch [0/49]
2025-05-07 08:19:42,415 [MainThread] INFO UNetTrainer - Training iteration [464]. Epoch [0/49]
2025-05-07 08:20:59,165 [MainThread] INFO UNetTrainer - Training iteration [465]. Epoch [0/49]
2025-05-07 08:22:15,537 [MainThread] INFO UNetTrainer - Training iteration [466]. Epoch [0/49]
2025-05-07 08:23:31,597 [MainThread] INFO UNetTrainer - Training iteration [467]. Epoch [0/49]
2025-05-07 08:24:47,770 [MainThread] INFO UNetTrainer - Training iteration [468]. Epoch [0/49]
2025-05-07 08:26:04,241 [MainThread] INFO UNetTrainer - Training iteration [469]. Epoch [0/49]
2025-05-07 08:27:20,294 [MainThread] INFO UNetTrainer - Training iteration [470]. Epoch [0/49]
2025-05-07 08:28:36,002 [MainThread] INFO UNetTrainer - Training iteration [471]. Epoch [0/49]
2025-05-07 08:29:51,891 [MainThread] INFO UNetTrainer - Training iteration [472]. Epoch [0/49]
2025-05-07 08:31:08,061 [MainThread] INFO UNetTrainer - Training iteration [473]. Epoch [0/49]
2025-05-07 08:32:24,505 [MainThread] INFO UNetTrainer - Training iteration [474]. Epoch [0/49]
2025-05-07 08:33:40,479 [MainThread] INFO UNetTrainer - Training iteration [475]. Epoch [0/49]
2025-05-07 08:34:56,803 [MainThread] INFO UNetTrainer - Training iteration [476]. Epoch [0/49]
2025-05-07 08:36:13,289 [MainThread] INFO UNetTrainer - Training iteration [477]. Epoch [0/49]
2025-05-07 08:37:29,593 [MainThread] INFO UNetTrainer - Training iteration [478]. Epoch [0/49]
2025-05-07 08:38:45,518 [MainThread] INFO UNetTrainer - Training iteration [479]. Epoch [0/49]
2025-05-07 08:40:01,557 [MainThread] INFO UNetTrainer - Training iteration [480]. Epoch [0/49]
2025-05-07 08:41:17,780 [MainThread] INFO UNetTrainer - Training iteration [481]. Epoch [0/49]
2025-05-07 08:42:34,425 [MainThread] INFO UNetTrainer - Training iteration [482]. Epoch [0/49]
2025-05-07 08:43:50,576 [MainThread] INFO UNetTrainer - Training iteration [483]. Epoch [0/49]
2025-05-07 08:45:06,469 [MainThread] INFO UNetTrainer - Training iteration [484]. Epoch [0/49]
2025-05-07 08:46:23,015 [MainThread] INFO UNetTrainer - Training iteration [485]. Epoch [0/49]
2025-05-07 08:47:39,101 [MainThread] INFO UNetTrainer - Training iteration [486]. Epoch [0/49]
2025-05-07 08:48:55,011 [MainThread] INFO UNetTrainer - Training iteration [487]. Epoch [0/49]
2025-05-07 08:50:11,291 [MainThread] INFO UNetTrainer - Training iteration [488]. Epoch [0/49]
2025-05-07 08:51:28,167 [MainThread] INFO UNetTrainer - Training iteration [489]. Epoch [0/49]
2025-05-07 08:52:44,752 [MainThread] INFO UNetTrainer - Training iteration [490]. Epoch [0/49]
2025-05-07 08:54:01,270 [MainThread] INFO UNetTrainer - Training iteration [491]. Epoch [0/49]
2025-05-07 08:55:18,062 [MainThread] INFO UNetTrainer - Training iteration [492]. Epoch [0/49]
2025-05-07 08:56:34,735 [MainThread] INFO UNetTrainer - Training iteration [493]. Epoch [0/49]
2025-05-07 08:57:51,018 [MainThread] INFO UNetTrainer - Training iteration [494]. Epoch [0/49]
2025-05-07 08:59:06,855 [MainThread] INFO UNetTrainer - Training iteration [495]. Epoch [0/49]
2025-05-07 09:00:23,311 [MainThread] INFO UNetTrainer - Training iteration [496]. Epoch [0/49]
2025-05-07 09:01:43,170 [MainThread] INFO UNetTrainer - Training iteration [497]. Epoch [0/49]
2025-05-07 09:03:05,615 [MainThread] INFO UNetTrainer - Training iteration [498]. Epoch [0/49]
2025-05-07 09:04:22,149 [MainThread] INFO UNetTrainer - Training iteration [499]. Epoch [0/49]
2025-05-07 09:05:39,081 [MainThread] INFO UNetTrainer - Training iteration [500]. Epoch [0/49]
2025-05-07 09:06:55,573 [MainThread] INFO UNetTrainer - Training iteration [501]. Epoch [0/49]
2025-05-07 09:08:11,524 [MainThread] INFO UNetTrainer - Training iteration [502]. Epoch [0/49]
2025-05-07 09:09:28,232 [MainThread] INFO UNetTrainer - Training iteration [503]. Epoch [0/49]
2025-05-07 09:10:45,202 [MainThread] INFO UNetTrainer - Training iteration [504]. Epoch [0/49]
2025-05-07 09:12:01,430 [MainThread] INFO UNetTrainer - Training iteration [505]. Epoch [0/49]
2025-05-07 09:13:17,831 [MainThread] INFO UNetTrainer - Training iteration [506]. Epoch [0/49]
2025-05-07 09:14:34,089 [MainThread] INFO UNetTrainer - Training iteration [507]. Epoch [0/49]
2025-05-07 09:15:51,038 [MainThread] INFO UNetTrainer - Training iteration [508]. Epoch [0/49]
2025-05-07 09:17:07,155 [MainThread] INFO UNetTrainer - Training iteration [509]. Epoch [0/49]
2025-05-07 09:18:23,339 [MainThread] INFO UNetTrainer - Training iteration [510]. Epoch [0/49]
2025-05-07 09:19:39,533 [MainThread] INFO UNetTrainer - Training iteration [511]. Epoch [0/49]
2025-05-07 09:20:56,541 [MainThread] INFO UNetTrainer - Training iteration [512]. Epoch [0/49]
2025-05-07 09:22:12,789 [MainThread] INFO UNetTrainer - Training iteration [513]. Epoch [0/49]
2025-05-07 09:23:29,026 [MainThread] INFO UNetTrainer - Training iteration [514]. Epoch [0/49]
2025-05-07 09:24:45,216 [MainThread] INFO UNetTrainer - Training iteration [515]. Epoch [0/49]
2025-05-07 09:26:01,792 [MainThread] INFO UNetTrainer - Training iteration [516]. Epoch [0/49]
2025-05-07 09:27:18,074 [MainThread] INFO UNetTrainer - Training iteration [517]. Epoch [0/49]
2025-05-07 09:28:34,468 [MainThread] INFO UNetTrainer - Training iteration [518]. Epoch [0/49]
2025-05-07 09:29:50,683 [MainThread] INFO UNetTrainer - Training iteration [519]. Epoch [0/49]
2025-05-07 09:31:07,278 [MainThread] INFO UNetTrainer - Training iteration [520]. Epoch [0/49]
2025-05-07 09:32:23,771 [MainThread] INFO UNetTrainer - Training iteration [521]. Epoch [0/49]
2025-05-07 09:33:40,035 [MainThread] INFO UNetTrainer - Training iteration [522]. Epoch [0/49]
2025-05-07 09:34:56,178 [MainThread] INFO UNetTrainer - Training iteration [523]. Epoch [0/49]
2025-05-07 09:36:13,231 [MainThread] INFO UNetTrainer - Training iteration [524]. Epoch [0/49]
2025-05-07 09:37:29,337 [MainThread] INFO UNetTrainer - Training iteration [525]. Epoch [0/49]
2025-05-07 09:38:45,594 [MainThread] INFO UNetTrainer - Training iteration [526]. Epoch [0/49]
2025-05-07 09:40:02,118 [MainThread] INFO UNetTrainer - Training iteration [527]. Epoch [0/49]
2025-05-07 09:41:18,742 [MainThread] INFO UNetTrainer - Training iteration [528]. Epoch [0/49]
2025-05-07 09:42:35,040 [MainThread] INFO UNetTrainer - Training iteration [529]. Epoch [0/49]
2025-05-07 09:43:51,086 [MainThread] INFO UNetTrainer - Training iteration [530]. Epoch [0/49]
2025-05-07 09:45:07,402 [MainThread] INFO UNetTrainer - Training iteration [531]. Epoch [0/49]
2025-05-07 09:46:23,720 [MainThread] INFO UNetTrainer - Training iteration [532]. Epoch [0/49]
2025-05-07 09:47:40,213 [MainThread] INFO UNetTrainer - Training iteration [533]. Epoch [0/49]
2025-05-07 09:48:56,805 [MainThread] INFO UNetTrainer - Training iteration [534]. Epoch [0/49]
2025-05-07 09:50:12,860 [MainThread] INFO UNetTrainer - Training iteration [535]. Epoch [0/49]
2025-05-07 09:51:29,565 [MainThread] INFO UNetTrainer - Training iteration [536]. Epoch [0/49]
2025-05-07 09:52:46,315 [MainThread] INFO UNetTrainer - Training iteration [537]. Epoch [0/49]
2025-05-07 09:54:02,362 [MainThread] INFO UNetTrainer - Training iteration [538]. Epoch [0/49]
2025-05-07 09:55:19,034 [MainThread] INFO UNetTrainer - Training iteration [539]. Epoch [0/49]
2025-05-07 09:56:35,395 [MainThread] INFO UNetTrainer - Training iteration [540]. Epoch [0/49]
2025-05-07 09:57:52,063 [MainThread] INFO UNetTrainer - Training iteration [541]. Epoch [0/49]
2025-05-07 09:59:08,694 [MainThread] INFO UNetTrainer - Training iteration [542]. Epoch [0/49]
2025-05-07 10:00:25,193 [MainThread] INFO UNetTrainer - Training iteration [543]. Epoch [0/49]
2025-05-07 10:01:41,404 [MainThread] INFO UNetTrainer - Training iteration [544]. Epoch [0/49]
2025-05-07 10:02:57,380 [MainThread] INFO UNetTrainer - Training iteration [545]. Epoch [0/49]
2025-05-07 10:04:13,431 [MainThread] INFO UNetTrainer - Training iteration [546]. Epoch [0/49]
2025-05-07 10:05:30,255 [MainThread] INFO UNetTrainer - Training iteration [547]. Epoch [0/49]
2025-05-07 10:06:47,056 [MainThread] INFO UNetTrainer - Training iteration [548]. Epoch [0/49]
2025-05-07 10:08:03,472 [MainThread] INFO UNetTrainer - Training iteration [549]. Epoch [0/49]
2025-05-07 10:09:20,040 [MainThread] INFO UNetTrainer - Training iteration [550]. Epoch [0/49]
2025-05-07 10:10:36,659 [MainThread] INFO UNetTrainer - Training iteration [551]. Epoch [0/49]
2025-05-07 10:11:53,174 [MainThread] INFO UNetTrainer - Training iteration [552]. Epoch [0/49]
2025-05-07 10:13:09,537 [MainThread] INFO UNetTrainer - Training iteration [553]. Epoch [0/49]
2025-05-07 10:14:26,378 [MainThread] INFO UNetTrainer - Training iteration [554]. Epoch [0/49]
2025-05-07 10:15:43,086 [MainThread] INFO UNetTrainer - Training iteration [555]. Epoch [0/49]
2025-05-07 10:16:59,852 [MainThread] INFO UNetTrainer - Training iteration [556]. Epoch [0/49]
2025-05-07 10:18:16,481 [MainThread] INFO UNetTrainer - Training iteration [557]. Epoch [0/49]
2025-05-07 10:19:32,528 [MainThread] INFO UNetTrainer - Training iteration [558]. Epoch [0/49]
2025-05-07 10:20:49,265 [MainThread] INFO UNetTrainer - Training iteration [559]. Epoch [0/49]
2025-05-07 10:22:05,517 [MainThread] INFO UNetTrainer - Training iteration [560]. Epoch [0/49]
2025-05-07 10:23:21,964 [MainThread] INFO UNetTrainer - Training iteration [561]. Epoch [0/49]
2025-05-07 10:24:38,244 [MainThread] INFO UNetTrainer - Training iteration [562]. Epoch [0/49]
2025-05-07 10:25:55,734 [MainThread] INFO UNetTrainer - Training iteration [563]. Epoch [0/49]
2025-05-07 10:27:11,810 [MainThread] INFO UNetTrainer - Training iteration [564]. Epoch [0/49]
2025-05-07 10:28:28,299 [MainThread] INFO UNetTrainer - Training iteration [565]. Epoch [0/49]
2025-05-07 10:29:44,916 [MainThread] INFO UNetTrainer - Training iteration [566]. Epoch [0/49]
2025-05-07 10:31:01,992 [MainThread] INFO UNetTrainer - Training iteration [567]. Epoch [0/49]
2025-05-07 10:32:18,528 [MainThread] INFO UNetTrainer - Training iteration [568]. Epoch [0/49]
2025-05-07 10:33:34,696 [MainThread] INFO UNetTrainer - Training iteration [569]. Epoch [0/49]
2025-05-07 10:34:51,158 [MainThread] INFO UNetTrainer - Training iteration [570]. Epoch [0/49]
2025-05-07 10:36:08,185 [MainThread] INFO UNetTrainer - Training iteration [571]. Epoch [0/49]
2025-05-07 10:37:25,019 [MainThread] INFO UNetTrainer - Training iteration [572]. Epoch [0/49]
2025-05-07 10:38:41,211 [MainThread] INFO UNetTrainer - Training iteration [573]. Epoch [0/49]
2025-05-07 10:39:57,193 [MainThread] INFO UNetTrainer - Training iteration [574]. Epoch [0/49]
2025-05-07 10:41:14,868 [MainThread] INFO UNetTrainer - Training iteration [575]. Epoch [0/49]
2025-05-07 10:42:30,990 [MainThread] INFO UNetTrainer - Training iteration [576]. Epoch [0/49]
2025-05-07 10:43:46,967 [MainThread] INFO UNetTrainer - Training iteration [577]. Epoch [0/49]
2025-05-07 10:45:02,833 [MainThread] INFO UNetTrainer - Training iteration [578]. Epoch [0/49]
2025-05-07 10:46:19,528 [MainThread] INFO UNetTrainer - Training iteration [579]. Epoch [0/49]
2025-05-07 10:47:36,229 [MainThread] INFO UNetTrainer - Training iteration [580]. Epoch [0/49]
2025-05-07 10:48:52,243 [MainThread] INFO UNetTrainer - Training iteration [581]. Epoch [0/49]
2025-05-07 10:50:08,325 [MainThread] INFO UNetTrainer - Training iteration [582]. Epoch [0/49]
2025-05-07 10:51:25,317 [MainThread] INFO UNetTrainer - Training iteration [583]. Epoch [0/49]
2025-05-07 10:52:41,384 [MainThread] INFO UNetTrainer - Training iteration [584]. Epoch [0/49]
2025-05-07 10:53:57,260 [MainThread] INFO UNetTrainer - Training iteration [585]. Epoch [0/49]
2025-05-07 10:55:13,310 [MainThread] INFO UNetTrainer - Training iteration [586]. Epoch [0/49]
2025-05-07 10:56:30,738 [MainThread] INFO UNetTrainer - Training iteration [587]. Epoch [0/49]
2025-05-07 10:57:46,642 [MainThread] INFO UNetTrainer - Training iteration [588]. Epoch [0/49]
2025-05-07 10:59:02,702 [MainThread] INFO UNetTrainer - Training iteration [589]. Epoch [0/49]
2025-05-07 11:00:18,667 [MainThread] INFO UNetTrainer - Training iteration [590]. Epoch [0/49]
2025-05-07 11:01:35,519 [MainThread] INFO UNetTrainer - Training iteration [591]. Epoch [0/49]
2025-05-07 11:02:51,889 [MainThread] INFO UNetTrainer - Training iteration [592]. Epoch [0/49]
2025-05-07 11:04:07,937 [MainThread] INFO UNetTrainer - Training iteration [593]. Epoch [0/49]
2025-05-07 11:05:24,017 [MainThread] INFO UNetTrainer - Training iteration [594]. Epoch [0/49]
2025-05-07 11:06:40,502 [MainThread] INFO UNetTrainer - Training iteration [595]. Epoch [0/49]
2025-05-07 11:07:56,878 [MainThread] INFO UNetTrainer - Training iteration [596]. Epoch [0/49]
2025-05-07 11:09:12,825 [MainThread] INFO UNetTrainer - Training iteration [597]. Epoch [0/49]
2025-05-07 11:10:30,247 [MainThread] INFO UNetTrainer - Training iteration [598]. Epoch [0/49]
2025-05-07 11:11:46,425 [MainThread] INFO UNetTrainer - Training iteration [599]. Epoch [0/49]
2025-05-07 11:13:02,193 [MainThread] INFO UNetTrainer - Training iteration [600]. Epoch [0/49]
2025-05-07 11:14:18,018 [MainThread] INFO UNetTrainer - Training iteration [601]. Epoch [0/49]
2025-05-07 11:15:35,317 [MainThread] INFO UNetTrainer - Training iteration [602]. Epoch [0/49]
2025-05-07 11:16:51,475 [MainThread] INFO UNetTrainer - Training iteration [603]. Epoch [0/49]
2025-05-07 11:18:07,662 [MainThread] INFO UNetTrainer - Training iteration [604]. Epoch [0/49]
2025-05-07 11:19:23,607 [MainThread] INFO UNetTrainer - Training iteration [605]. Epoch [0/49]
2025-05-07 11:20:40,619 [MainThread] INFO UNetTrainer - Training iteration [606]. Epoch [0/49]
2025-05-07 11:21:56,737 [MainThread] INFO UNetTrainer - Training iteration [607]. Epoch [0/49]
2025-05-07 11:23:12,806 [MainThread] INFO UNetTrainer - Training iteration [608]. Epoch [0/49]
2025-05-07 11:24:28,393 [MainThread] INFO UNetTrainer - Training iteration [609]. Epoch [0/49]
2025-05-07 11:25:44,960 [MainThread] INFO UNetTrainer - Training iteration [610]. Epoch [0/49]
2025-05-07 11:27:00,907 [MainThread] INFO UNetTrainer - Training iteration [611]. Epoch [0/49]
2025-05-07 11:28:16,472 [MainThread] INFO UNetTrainer - Training iteration [612]. Epoch [0/49]
2025-05-07 11:29:32,245 [MainThread] INFO UNetTrainer - Training iteration [613]. Epoch [0/49]
2025-05-07 11:30:49,546 [MainThread] INFO UNetTrainer - Training iteration [614]. Epoch [0/49]
2025-05-07 11:32:06,171 [MainThread] INFO UNetTrainer - Training iteration [615]. Epoch [0/49]
2025-05-07 11:33:22,229 [MainThread] INFO UNetTrainer - Training iteration [616]. Epoch [0/49]
2025-05-07 11:34:38,301 [MainThread] INFO UNetTrainer - Training iteration [617]. Epoch [0/49]
2025-05-07 11:35:55,175 [MainThread] INFO UNetTrainer - Training iteration [618]. Epoch [0/49]
2025-05-07 11:37:11,011 [MainThread] INFO UNetTrainer - Training iteration [619]. Epoch [0/49]
2025-05-07 11:38:26,801 [MainThread] INFO UNetTrainer - Training iteration [620]. Epoch [0/49]
2025-05-07 11:39:42,697 [MainThread] INFO UNetTrainer - Training iteration [621]. Epoch [0/49]
2025-05-07 11:40:59,212 [MainThread] INFO UNetTrainer - Training iteration [622]. Epoch [0/49]
2025-05-07 11:42:15,616 [MainThread] INFO UNetTrainer - Training iteration [623]. Epoch [0/49]
2025-05-07 11:43:31,650 [MainThread] INFO UNetTrainer - Training iteration [624]. Epoch [0/49]
2025-05-07 11:44:47,668 [MainThread] INFO UNetTrainer - Training iteration [625]. Epoch [0/49]
2025-05-07 11:46:04,357 [MainThread] INFO UNetTrainer - Training iteration [626]. Epoch [0/49]
2025-05-07 11:47:20,287 [MainThread] INFO UNetTrainer - Training iteration [627]. Epoch [0/49]
2025-05-07 11:48:36,122 [MainThread] INFO UNetTrainer - Training iteration [628]. Epoch [0/49]
2025-05-07 11:49:52,263 [MainThread] INFO UNetTrainer - Training iteration [629]. Epoch [0/49]
2025-05-07 11:51:09,028 [MainThread] INFO UNetTrainer - Training iteration [630]. Epoch [0/49]
2025-05-07 11:52:25,075 [MainThread] INFO UNetTrainer - Training iteration [631]. Epoch [0/49]
2025-05-07 11:53:40,811 [MainThread] INFO UNetTrainer - Training iteration [632]. Epoch [0/49]
2025-05-07 11:54:57,000 [MainThread] INFO UNetTrainer - Training iteration [633]. Epoch [0/49]
2025-05-07 11:56:14,103 [MainThread] INFO UNetTrainer - Training iteration [634]. Epoch [0/49]
2025-05-07 11:57:30,191 [MainThread] INFO UNetTrainer - Training iteration [635]. Epoch [0/49]
2025-05-07 11:58:46,347 [MainThread] INFO UNetTrainer - Training iteration [636]. Epoch [0/49]
2025-05-07 12:00:02,283 [MainThread] INFO UNetTrainer - Training iteration [637]. Epoch [0/49]
2025-05-07 12:01:19,376 [MainThread] INFO UNetTrainer - Training iteration [638]. Epoch [0/49]
2025-05-07 12:02:36,012 [MainThread] INFO UNetTrainer - Training iteration [639]. Epoch [0/49]
2025-05-07 12:03:52,264 [MainThread] INFO UNetTrainer - Training iteration [640]. Epoch [0/49]
2025-05-07 12:05:08,224 [MainThread] INFO UNetTrainer - Training iteration [641]. Epoch [0/49]
2025-05-07 12:06:25,203 [MainThread] INFO UNetTrainer - Training iteration [642]. Epoch [0/49]
2025-05-07 12:07:41,628 [MainThread] INFO UNetTrainer - Training iteration [643]. Epoch [0/49]
2025-05-07 12:08:57,716 [MainThread] INFO UNetTrainer - Training iteration [644]. Epoch [0/49]
2025-05-07 12:10:14,270 [MainThread] INFO UNetTrainer - Training iteration [645]. Epoch [0/49]
2025-05-07 12:11:31,272 [MainThread] INFO UNetTrainer - Training iteration [646]. Epoch [0/49]
2025-05-07 12:12:47,472 [MainThread] INFO UNetTrainer - Training iteration [647]. Epoch [0/49]
2025-05-07 12:14:03,685 [MainThread] INFO UNetTrainer - Training iteration [648]. Epoch [0/49]
2025-05-07 12:15:20,330 [MainThread] INFO UNetTrainer - Training iteration [649]. Epoch [0/49]
2025-05-07 12:16:37,103 [MainThread] INFO UNetTrainer - Training iteration [650]. Epoch [0/49]
2025-05-07 12:17:53,685 [MainThread] INFO UNetTrainer - Training iteration [651]. Epoch [0/49]
2025-05-07 12:19:09,687 [MainThread] INFO UNetTrainer - Training iteration [652]. Epoch [0/49]
2025-05-07 12:20:26,768 [MainThread] INFO UNetTrainer - Training iteration [653]. Epoch [0/49]
2025-05-07 12:21:42,848 [MainThread] INFO UNetTrainer - Training iteration [654]. Epoch [0/49]
2025-05-07 12:22:58,750 [MainThread] INFO UNetTrainer - Training iteration [655]. Epoch [0/49]
2025-05-07 12:24:14,414 [MainThread] INFO UNetTrainer - Training iteration [656]. Epoch [0/49]
2025-05-07 12:25:30,568 [MainThread] INFO UNetTrainer - Training iteration [657]. Epoch [0/49]
2025-05-07 12:26:46,408 [MainThread] INFO UNetTrainer - Training iteration [658]. Epoch [0/49]
2025-05-07 12:28:01,705 [MainThread] INFO UNetTrainer - Training iteration [659]. Epoch [0/49]
2025-05-07 12:29:17,510 [MainThread] INFO UNetTrainer - Training iteration [660]. Epoch [0/49]
2025-05-07 12:30:33,985 [MainThread] INFO UNetTrainer - Training iteration [661]. Epoch [0/49]
2025-05-07 12:31:50,425 [MainThread] INFO UNetTrainer - Training iteration [662]. Epoch [0/49]
2025-05-07 12:33:06,576 [MainThread] INFO UNetTrainer - Training iteration [663]. Epoch [0/49]
2025-05-07 12:34:23,429 [MainThread] INFO UNetTrainer - Training iteration [664]. Epoch [0/49]
2025-05-07 12:35:40,365 [MainThread] INFO UNetTrainer - Training iteration [665]. Epoch [0/49]
2025-05-07 12:36:56,432 [MainThread] INFO UNetTrainer - Training iteration [666]. Epoch [0/49]
2025-05-07 12:38:12,852 [MainThread] INFO UNetTrainer - Training iteration [667]. Epoch [0/49]
2025-05-07 12:39:29,061 [MainThread] INFO UNetTrainer - Training iteration [668]. Epoch [0/49]
2025-05-07 12:40:46,043 [MainThread] INFO UNetTrainer - Training iteration [669]. Epoch [0/49]
2025-05-07 12:42:01,970 [MainThread] INFO UNetTrainer - Training iteration [670]. Epoch [0/49]
2025-05-07 12:43:18,072 [MainThread] INFO UNetTrainer - Training iteration [671]. Epoch [0/49]
2025-05-07 12:44:34,449 [MainThread] INFO UNetTrainer - Training iteration [672]. Epoch [0/49]
2025-05-07 12:45:51,311 [MainThread] INFO UNetTrainer - Training iteration [673]. Epoch [0/49]
2025-05-07 12:47:06,960 [MainThread] INFO UNetTrainer - Training iteration [674]. Epoch [0/49]
2025-05-07 12:48:22,619 [MainThread] INFO UNetTrainer - Training iteration [675]. Epoch [0/49]
2025-05-07 12:49:38,468 [MainThread] INFO UNetTrainer - Training iteration [676]. Epoch [0/49]
2025-05-07 12:50:56,389 [MainThread] INFO UNetTrainer - Training iteration [677]. Epoch [0/49]
2025-05-07 12:52:12,116 [MainThread] INFO UNetTrainer - Training iteration [678]. Epoch [0/49]
2025-05-07 12:53:27,917 [MainThread] INFO UNetTrainer - Training iteration [679]. Epoch [0/49]
2025-05-07 12:54:43,485 [MainThread] INFO UNetTrainer - Training iteration [680]. Epoch [0/49]
2025-05-07 12:56:00,596 [MainThread] INFO UNetTrainer - Training iteration [681]. Epoch [0/49]
2025-05-07 12:57:16,670 [MainThread] INFO UNetTrainer - Training iteration [682]. Epoch [0/49]
2025-05-07 12:58:32,550 [MainThread] INFO UNetTrainer - Training iteration [683]. Epoch [0/49]
2025-05-07 12:59:48,904 [MainThread] INFO UNetTrainer - Training iteration [684]. Epoch [0/49]
2025-05-07 13:01:05,777 [MainThread] INFO UNetTrainer - Training iteration [685]. Epoch [0/49]
2025-05-07 13:02:21,861 [MainThread] INFO UNetTrainer - Training iteration [686]. Epoch [0/49]
2025-05-07 13:03:37,877 [MainThread] INFO UNetTrainer - Training iteration [687]. Epoch [0/49]
2025-05-07 13:04:53,526 [MainThread] INFO UNetTrainer - Training iteration [688]. Epoch [0/49]
2025-05-07 13:06:10,443 [MainThread] INFO UNetTrainer - Training iteration [689]. Epoch [0/49]
2025-05-07 13:07:26,798 [MainThread] INFO UNetTrainer - Training iteration [690]. Epoch [0/49]
2025-05-07 13:08:42,795 [MainThread] INFO UNetTrainer - Training iteration [691]. Epoch [0/49]
2025-05-07 13:09:58,846 [MainThread] INFO UNetTrainer - Training iteration [692]. Epoch [0/49]
2025-05-07 13:11:15,694 [MainThread] INFO UNetTrainer - Training iteration [693]. Epoch [0/49]
2025-05-07 13:12:31,953 [MainThread] INFO UNetTrainer - Training iteration [694]. Epoch [0/49]
2025-05-07 13:13:47,871 [MainThread] INFO UNetTrainer - Training iteration [695]. Epoch [0/49]
2025-05-07 13:15:03,969 [MainThread] INFO UNetTrainer - Training iteration [696]. Epoch [0/49]
2025-05-07 13:16:20,738 [MainThread] INFO UNetTrainer - Training iteration [697]. Epoch [0/49]
2025-05-07 13:17:36,812 [MainThread] INFO UNetTrainer - Training iteration [698]. Epoch [0/49]
2025-05-07 13:18:52,802 [MainThread] INFO UNetTrainer - Training iteration [699]. Epoch [0/49]
2025-05-07 13:20:08,712 [MainThread] INFO UNetTrainer - Training iteration [700]. Epoch [0/49]
2025-05-07 13:21:25,667 [MainThread] INFO UNetTrainer - Training iteration [701]. Epoch [0/49]
2025-05-07 13:22:41,585 [MainThread] INFO UNetTrainer - Training iteration [702]. Epoch [0/49]
2025-05-07 13:23:58,681 [MainThread] INFO UNetTrainer - Training iteration [703]. Epoch [0/49]
2025-05-07 13:25:14,644 [MainThread] INFO UNetTrainer - Training iteration [704]. Epoch [0/49]
2025-05-07 13:26:31,642 [MainThread] INFO UNetTrainer - Training iteration [705]. Epoch [0/49]
2025-05-07 13:27:47,874 [MainThread] INFO UNetTrainer - Training iteration [706]. Epoch [0/49]
2025-05-07 13:29:03,971 [MainThread] INFO UNetTrainer - Training iteration [707]. Epoch [0/49]
2025-05-07 13:30:20,215 [MainThread] INFO UNetTrainer - Training iteration [708]. Epoch [0/49]
2025-05-07 13:31:36,993 [MainThread] INFO UNetTrainer - Training iteration [709]. Epoch [0/49]
2025-05-07 13:32:53,488 [MainThread] INFO UNetTrainer - Training iteration [710]. Epoch [0/49]
2025-05-07 13:34:09,523 [MainThread] INFO UNetTrainer - Training iteration [711]. Epoch [0/49]
2025-05-07 13:35:25,537 [MainThread] INFO UNetTrainer - Training iteration [712]. Epoch [0/49]
2025-05-07 13:36:41,663 [MainThread] INFO UNetTrainer - Training iteration [713]. Epoch [0/49]
2025-05-07 13:37:57,352 [MainThread] INFO UNetTrainer - Training iteration [714]. Epoch [0/49]
2025-05-07 13:39:13,211 [MainThread] INFO UNetTrainer - Training iteration [715]. Epoch [0/49]
2025-05-07 13:40:30,237 [MainThread] INFO UNetTrainer - Training iteration [716]. Epoch [0/49]
2025-05-07 13:41:46,710 [MainThread] INFO UNetTrainer - Training iteration [717]. Epoch [0/49]
2025-05-07 13:43:02,844 [MainThread] INFO UNetTrainer - Training iteration [718]. Epoch [0/49]
2025-05-07 13:44:18,809 [MainThread] INFO UNetTrainer - Training iteration [719]. Epoch [0/49]
2025-05-07 13:45:36,250 [MainThread] INFO UNetTrainer - Training iteration [720]. Epoch [0/49]
2025-05-07 13:46:52,662 [MainThread] INFO UNetTrainer - Training iteration [721]. Epoch [0/49]
2025-05-07 13:48:09,571 [MainThread] INFO UNetTrainer - Training iteration [722]. Epoch [0/49]
2025-05-07 13:49:25,561 [MainThread] INFO UNetTrainer - Training iteration [723]. Epoch [0/49]
2025-05-07 13:50:42,754 [MainThread] INFO UNetTrainer - Training iteration [724]. Epoch [0/49]
2025-05-07 13:51:59,143 [MainThread] INFO UNetTrainer - Training iteration [725]. Epoch [0/49]
2025-05-07 13:53:15,448 [MainThread] INFO UNetTrainer - Training iteration [726]. Epoch [0/49]
2025-05-07 13:54:31,443 [MainThread] INFO UNetTrainer - Training iteration [727]. Epoch [0/49]
2025-05-07 13:55:48,506 [MainThread] INFO UNetTrainer - Training iteration [728]. Epoch [0/49]
2025-05-07 13:57:04,474 [MainThread] INFO UNetTrainer - Training iteration [729]. Epoch [0/49]
2025-05-07 13:58:20,814 [MainThread] INFO UNetTrainer - Training iteration [730]. Epoch [0/49]
2025-05-07 13:59:37,359 [MainThread] INFO UNetTrainer - Training iteration [731]. Epoch [0/49]
2025-05-07 14:00:54,546 [MainThread] INFO UNetTrainer - Training iteration [732]. Epoch [0/49]
2025-05-07 14:02:10,797 [MainThread] INFO UNetTrainer - Training iteration [733]. Epoch [0/49]
2025-05-07 14:03:26,935 [MainThread] INFO UNetTrainer - Training iteration [734]. Epoch [0/49]
2025-05-07 14:04:43,219 [MainThread] INFO UNetTrainer - Training iteration [735]. Epoch [0/49]
2025-05-07 14:06:00,506 [MainThread] INFO UNetTrainer - Training iteration [736]. Epoch [0/49]
2025-05-07 14:07:16,431 [MainThread] INFO UNetTrainer - Training iteration [737]. Epoch [0/49]
2025-05-07 14:08:32,179 [MainThread] INFO UNetTrainer - Training iteration [738]. Epoch [0/49]
2025-05-07 14:09:47,892 [MainThread] INFO UNetTrainer - Training iteration [739]. Epoch [0/49]
2025-05-07 14:11:04,619 [MainThread] INFO UNetTrainer - Training iteration [740]. Epoch [0/49]
2025-05-07 14:12:20,436 [MainThread] INFO UNetTrainer - Training iteration [741]. Epoch [0/49]
2025-05-07 14:13:36,007 [MainThread] INFO UNetTrainer - Training iteration [742]. Epoch [0/49]
2025-05-07 14:14:51,891 [MainThread] INFO UNetTrainer - Training iteration [743]. Epoch [0/49]
2025-05-07 14:16:08,910 [MainThread] INFO UNetTrainer - Training iteration [744]. Epoch [0/49]
2025-05-07 14:17:25,138 [MainThread] INFO UNetTrainer - Training iteration [745]. Epoch [0/49]
2025-05-07 14:18:40,921 [MainThread] INFO UNetTrainer - Training iteration [746]. Epoch [0/49]
2025-05-07 14:19:57,262 [MainThread] INFO UNetTrainer - Training iteration [747]. Epoch [0/49]
2025-05-07 14:21:14,253 [MainThread] INFO UNetTrainer - Training iteration [748]. Epoch [0/49]
2025-05-07 14:22:29,963 [MainThread] INFO UNetTrainer - Training iteration [749]. Epoch [0/49]
2025-05-07 14:23:45,796 [MainThread] INFO UNetTrainer - Training iteration [750]. Epoch [0/49]
2025-05-07 14:25:01,689 [MainThread] INFO UNetTrainer - Training iteration [751]. Epoch [0/49]
2025-05-07 14:26:18,645 [MainThread] INFO UNetTrainer - Training iteration [752]. Epoch [0/49]
2025-05-07 14:27:34,947 [MainThread] INFO UNetTrainer - Training iteration [753]. Epoch [0/49]
2025-05-07 14:28:50,637 [MainThread] INFO UNetTrainer - Training iteration [754]. Epoch [0/49]
2025-05-07 14:30:06,551 [MainThread] INFO UNetTrainer - Training iteration [755]. Epoch [0/49]
2025-05-07 14:31:23,344 [MainThread] INFO UNetTrainer - Training iteration [756]. Epoch [0/49]
2025-05-07 14:32:39,252 [MainThread] INFO UNetTrainer - Training iteration [757]. Epoch [0/49]
2025-05-07 14:33:55,446 [MainThread] INFO UNetTrainer - Training iteration [758]. Epoch [0/49]
2025-05-07 14:35:11,362 [MainThread] INFO UNetTrainer - Training iteration [759]. Epoch [0/49]
2025-05-07 14:36:27,895 [MainThread] INFO UNetTrainer - Training iteration [760]. Epoch [0/49]
2025-05-07 14:37:43,557 [MainThread] INFO UNetTrainer - Training iteration [761]. Epoch [0/49]
2025-05-07 14:38:59,273 [MainThread] INFO UNetTrainer - Training iteration [762]. Epoch [0/49]
2025-05-07 14:40:15,287 [MainThread] INFO UNetTrainer - Training iteration [763]. Epoch [0/49]
2025-05-07 14:41:31,981 [MainThread] INFO UNetTrainer - Training iteration [764]. Epoch [0/49]
2025-05-07 14:42:47,904 [MainThread] INFO UNetTrainer - Training iteration [765]. Epoch [0/49]
2025-05-07 14:44:03,689 [MainThread] INFO UNetTrainer - Training iteration [766]. Epoch [0/49]
2025-05-07 14:45:19,657 [MainThread] INFO UNetTrainer - Training iteration [767]. Epoch [0/49]
2025-05-07 14:46:35,979 [MainThread] INFO UNetTrainer - Training iteration [768]. Epoch [0/49]
2025-05-07 14:47:51,968 [MainThread] INFO UNetTrainer - Training iteration [769]. Epoch [0/49]
2025-05-07 14:49:08,217 [MainThread] INFO UNetTrainer - Training iteration [770]. Epoch [0/49]
2025-05-07 14:50:24,786 [MainThread] INFO UNetTrainer - Training iteration [771]. Epoch [0/49]
2025-05-07 14:51:41,147 [MainThread] INFO UNetTrainer - Training iteration [772]. Epoch [0/49]
2025-05-07 14:52:57,352 [MainThread] INFO UNetTrainer - Training iteration [773]. Epoch [0/49]
2025-05-07 14:54:12,916 [MainThread] INFO UNetTrainer - Training iteration [774]. Epoch [0/49]
2025-05-07 14:55:29,173 [MainThread] INFO UNetTrainer - Training iteration [775]. Epoch [0/49]
2025-05-07 14:56:45,520 [MainThread] INFO UNetTrainer - Training iteration [776]. Epoch [0/49]
2025-05-07 14:58:01,534 [MainThread] INFO UNetTrainer - Training iteration [777]. Epoch [0/49]
2025-05-07 14:59:17,756 [MainThread] INFO UNetTrainer - Training iteration [778]. Epoch [0/49]
2025-05-07 15:00:34,276 [MainThread] INFO UNetTrainer - Training iteration [779]. Epoch [0/49]
2025-05-07 15:01:50,312 [MainThread] INFO UNetTrainer - Training iteration [780]. Epoch [0/49]
2025-05-07 15:03:06,204 [MainThread] INFO UNetTrainer - Training iteration [781]. Epoch [0/49]
2025-05-07 15:04:22,139 [MainThread] INFO UNetTrainer - Training iteration [782]. Epoch [0/49]
2025-05-07 15:05:38,927 [MainThread] INFO UNetTrainer - Training iteration [783]. Epoch [0/49]
2025-05-07 15:06:55,034 [MainThread] INFO UNetTrainer - Training iteration [784]. Epoch [0/49]
2025-05-07 15:08:11,328 [MainThread] INFO UNetTrainer - Training iteration [785]. Epoch [0/49]
2025-05-07 15:09:27,162 [MainThread] INFO UNetTrainer - Training iteration [786]. Epoch [0/49]
2025-05-07 15:10:43,982 [MainThread] INFO UNetTrainer - Training iteration [787]. Epoch [0/49]
2025-05-07 15:11:59,534 [MainThread] INFO UNetTrainer - Training iteration [788]. Epoch [0/49]
2025-05-07 15:13:14,993 [MainThread] INFO UNetTrainer - Training iteration [789]. Epoch [0/49]
2025-05-07 15:14:30,582 [MainThread] INFO UNetTrainer - Training iteration [790]. Epoch [0/49]
2025-05-07 15:15:47,715 [MainThread] INFO UNetTrainer - Training iteration [791]. Epoch [0/49]
2025-05-07 15:17:03,664 [MainThread] INFO UNetTrainer - Training iteration [792]. Epoch [0/49]
2025-05-07 15:18:19,572 [MainThread] INFO UNetTrainer - Training iteration [793]. Epoch [0/49]
2025-05-07 15:19:35,520 [MainThread] INFO UNetTrainer - Training iteration [794]. Epoch [0/49]
2025-05-07 15:20:52,730 [MainThread] INFO UNetTrainer - Training iteration [795]. Epoch [0/49]
2025-05-07 15:22:08,645 [MainThread] INFO UNetTrainer - Training iteration [796]. Epoch [0/49]
2025-05-07 15:23:24,046 [MainThread] INFO UNetTrainer - Training iteration [797]. Epoch [0/49]
2025-05-07 15:24:39,550 [MainThread] INFO UNetTrainer - Training iteration [798]. Epoch [0/49]
2025-05-07 15:25:56,177 [MainThread] INFO UNetTrainer - Training iteration [799]. Epoch [0/49]
2025-05-07 15:27:11,518 [MainThread] INFO UNetTrainer - Training iteration [800]. Epoch [0/49]
2025-05-07 15:28:27,035 [MainThread] INFO UNetTrainer - Training iteration [801]. Epoch [0/49]
2025-05-07 15:29:42,973 [MainThread] INFO UNetTrainer - Training iteration [802]. Epoch [0/49]
2025-05-07 15:30:59,600 [MainThread] INFO UNetTrainer - Training iteration [803]. Epoch [0/49]
2025-05-07 15:32:15,832 [MainThread] INFO UNetTrainer - Training iteration [804]. Epoch [0/49]
2025-05-07 15:33:31,669 [MainThread] INFO UNetTrainer - Training iteration [805]. Epoch [0/49]
2025-05-07 15:34:47,707 [MainThread] INFO UNetTrainer - Training iteration [806]. Epoch [0/49]
2025-05-07 15:36:04,616 [MainThread] INFO UNetTrainer - Training iteration [807]. Epoch [0/49]
2025-05-07 15:37:20,639 [MainThread] INFO UNetTrainer - Training iteration [808]. Epoch [0/49]
2025-05-07 15:38:36,269 [MainThread] INFO UNetTrainer - Training iteration [809]. Epoch [0/49]
2025-05-07 15:39:52,205 [MainThread] INFO UNetTrainer - Training iteration [810]. Epoch [0/49]
2025-05-07 15:41:09,382 [MainThread] INFO UNetTrainer - Training iteration [811]. Epoch [0/49]
2025-05-07 15:42:25,368 [MainThread] INFO UNetTrainer - Training iteration [812]. Epoch [0/49]
2025-05-07 15:43:41,023 [MainThread] INFO UNetTrainer - Training iteration [813]. Epoch [0/49]
2025-05-07 15:44:56,864 [MainThread] INFO UNetTrainer - Training iteration [814]. Epoch [0/49]
2025-05-07 15:46:13,606 [MainThread] INFO UNetTrainer - Training iteration [815]. Epoch [0/49]
2025-05-07 15:47:30,010 [MainThread] INFO UNetTrainer - Training iteration [816]. Epoch [0/49]
2025-05-07 15:48:45,838 [MainThread] INFO UNetTrainer - Training iteration [817]. Epoch [0/49]
2025-05-07 15:50:01,647 [MainThread] INFO UNetTrainer - Training iteration [818]. Epoch [0/49]
2025-05-07 15:51:18,537 [MainThread] INFO UNetTrainer - Training iteration [819]. Epoch [0/49]
2025-05-07 15:52:34,563 [MainThread] INFO UNetTrainer - Training iteration [820]. Epoch [0/49]
2025-05-07 15:53:50,790 [MainThread] INFO UNetTrainer - Training iteration [821]. Epoch [0/49]
2025-05-07 15:55:06,662 [MainThread] INFO UNetTrainer - Training iteration [822]. Epoch [0/49]
2025-05-07 15:56:23,722 [MainThread] INFO UNetTrainer - Training iteration [823]. Epoch [0/49]
2025-05-07 15:57:39,963 [MainThread] INFO UNetTrainer - Training iteration [824]. Epoch [0/49]
2025-05-07 15:58:55,518 [MainThread] INFO UNetTrainer - Training iteration [825]. Epoch [0/49]
2025-05-07 16:00:11,399 [MainThread] INFO UNetTrainer - Training iteration [826]. Epoch [0/49]
2025-05-07 16:01:28,116 [MainThread] INFO UNetTrainer - Training iteration [827]. Epoch [0/49]
2025-05-07 16:02:44,072 [MainThread] INFO UNetTrainer - Training iteration [828]. Epoch [0/49]
2025-05-07 16:03:59,867 [MainThread] INFO UNetTrainer - Training iteration [829]. Epoch [0/49]
2025-05-07 16:05:16,098 [MainThread] INFO UNetTrainer - Training iteration [830]. Epoch [0/49]
2025-05-07 16:06:32,861 [MainThread] INFO UNetTrainer - Training iteration [831]. Epoch [0/49]
2025-05-07 16:07:48,826 [MainThread] INFO UNetTrainer - Training iteration [832]. Epoch [0/49]
2025-05-07 16:09:04,547 [MainThread] INFO UNetTrainer - Training iteration [833]. Epoch [0/49]
2025-05-07 16:10:20,830 [MainThread] INFO UNetTrainer - Training iteration [834]. Epoch [0/49]
2025-05-07 16:11:37,697 [MainThread] INFO UNetTrainer - Training iteration [835]. Epoch [0/49]
2025-05-07 16:12:53,513 [MainThread] INFO UNetTrainer - Training iteration [836]. Epoch [0/49]
2025-05-07 16:14:10,238 [MainThread] INFO UNetTrainer - Training iteration [837]. Epoch [0/49]
2025-05-07 16:15:26,703 [MainThread] INFO UNetTrainer - Training iteration [838]. Epoch [0/49]
2025-05-07 16:16:43,566 [MainThread] INFO UNetTrainer - Training iteration [839]. Epoch [0/49]
2025-05-07 16:17:59,811 [MainThread] INFO UNetTrainer - Training iteration [840]. Epoch [0/49]
2025-05-07 16:19:16,016 [MainThread] INFO UNetTrainer - Training iteration [841]. Epoch [0/49]
2025-05-07 16:20:32,587 [MainThread] INFO UNetTrainer - Training iteration [842]. Epoch [0/49]
2025-05-07 16:21:48,789 [MainThread] INFO UNetTrainer - Training iteration [843]. Epoch [0/49]
2025-05-07 16:23:04,583 [MainThread] INFO UNetTrainer - Training iteration [844]. Epoch [0/49]
2025-05-07 16:24:20,425 [MainThread] INFO UNetTrainer - Training iteration [845]. Epoch [0/49]
2025-05-07 16:25:37,864 [MainThread] INFO UNetTrainer - Training iteration [846]. Epoch [0/49]
2025-05-07 16:26:54,016 [MainThread] INFO UNetTrainer - Training iteration [847]. Epoch [0/49]
2025-05-07 16:28:10,071 [MainThread] INFO UNetTrainer - Training iteration [848]. Epoch [0/49]
2025-05-07 16:29:25,992 [MainThread] INFO UNetTrainer - Training iteration [849]. Epoch [0/49]
2025-05-07 16:30:42,762 [MainThread] INFO UNetTrainer - Training iteration [850]. Epoch [0/49]
2025-05-07 16:31:58,717 [MainThread] INFO UNetTrainer - Training iteration [851]. Epoch [0/49]
2025-05-07 16:33:14,526 [MainThread] INFO UNetTrainer - Training iteration [852]. Epoch [0/49]
2025-05-07 16:34:30,126 [MainThread] INFO UNetTrainer - Training iteration [853]. Epoch [0/49]
2025-05-07 16:35:47,162 [MainThread] INFO UNetTrainer - Training iteration [854]. Epoch [0/49]
2025-05-07 16:37:03,118 [MainThread] INFO UNetTrainer - Training iteration [855]. Epoch [0/49]
2025-05-07 16:38:19,113 [MainThread] INFO UNetTrainer - Training iteration [856]. Epoch [0/49]
2025-05-07 16:39:35,185 [MainThread] INFO UNetTrainer - Training iteration [857]. Epoch [0/49]
2025-05-07 16:40:52,230 [MainThread] INFO UNetTrainer - Training iteration [858]. Epoch [0/49]
2025-05-07 16:42:08,205 [MainThread] INFO UNetTrainer - Training iteration [859]. Epoch [0/49]
2025-05-07 16:43:23,874 [MainThread] INFO UNetTrainer - Training iteration [860]. Epoch [0/49]
2025-05-07 16:44:39,867 [MainThread] INFO UNetTrainer - Training iteration [861]. Epoch [0/49]
2025-05-07 16:46:15,302 [MainThread] INFO UNetTrainer - Training iteration [862]. Epoch [0/49]
2025-05-07 16:47:46,238 [MainThread] INFO UNetTrainer - Training iteration [863]. Epoch [0/49]
2025-05-07 16:49:16,639 [MainThread] INFO UNetTrainer - Training iteration [864]. Epoch [0/49]
2025-05-07 16:50:47,532 [MainThread] INFO UNetTrainer - Training iteration [865]. Epoch [0/49]
2025-05-07 16:52:18,635 [MainThread] INFO UNetTrainer - Training iteration [866]. Epoch [0/49]
2025-05-07 16:53:49,852 [MainThread] INFO UNetTrainer - Training iteration [867]. Epoch [0/49]
2025-05-07 16:55:21,662 [MainThread] INFO UNetTrainer - Training iteration [868]. Epoch [0/49]
2025-05-07 16:56:52,859 [MainThread] INFO UNetTrainer - Training iteration [869]. Epoch [0/49]
2025-05-07 16:58:23,447 [MainThread] INFO UNetTrainer - Training iteration [870]. Epoch [0/49]
2025-05-07 16:59:54,594 [MainThread] INFO UNetTrainer - Training iteration [871]. Epoch [0/49]
2025-05-07 17:01:25,720 [MainThread] INFO UNetTrainer - Training iteration [872]. Epoch [0/49]
2025-05-07 17:02:43,929 [MainThread] INFO UNetTrainer - Training iteration [873]. Epoch [0/49]
2025-05-07 17:04:00,112 [MainThread] INFO UNetTrainer - Training iteration [874]. Epoch [0/49]
2025-05-07 17:05:16,745 [MainThread] INFO UNetTrainer - Training iteration [875]. Epoch [0/49]
2025-05-07 17:06:33,305 [MainThread] INFO UNetTrainer - Training iteration [876]. Epoch [0/49]
2025-05-07 17:07:49,101 [MainThread] INFO UNetTrainer - Training iteration [877]. Epoch [0/49]
2025-05-07 17:09:05,106 [MainThread] INFO UNetTrainer - Training iteration [878]. Epoch [0/49]
2025-05-07 17:10:21,151 [MainThread] INFO UNetTrainer - Training iteration [879]. Epoch [0/49]
2025-05-07 17:11:38,162 [MainThread] INFO UNetTrainer - Training iteration [880]. Epoch [0/49]
2025-05-07 17:12:54,443 [MainThread] INFO UNetTrainer - Training iteration [881]. Epoch [0/49]
2025-05-07 17:14:11,054 [MainThread] INFO UNetTrainer - Training iteration [882]. Epoch [0/49]
2025-05-07 17:15:27,295 [MainThread] INFO UNetTrainer - Training iteration [883]. Epoch [0/49]
2025-05-07 17:16:44,304 [MainThread] INFO UNetTrainer - Training iteration [884]. Epoch [0/49]
2025-05-07 17:18:00,478 [MainThread] INFO UNetTrainer - Training iteration [885]. Epoch [0/49]
2025-05-07 17:19:16,878 [MainThread] INFO UNetTrainer - Training iteration [886]. Epoch [0/49]
2025-05-07 17:20:33,577 [MainThread] INFO UNetTrainer - Training iteration [887]. Epoch [0/49]
2025-05-07 17:21:49,941 [MainThread] INFO UNetTrainer - Training iteration [888]. Epoch [0/49]
2025-05-07 17:23:06,245 [MainThread] INFO UNetTrainer - Training iteration [889]. Epoch [0/49]
2025-05-07 17:24:22,410 [MainThread] INFO UNetTrainer - Training iteration [890]. Epoch [0/49]
2025-05-07 17:25:39,326 [MainThread] INFO UNetTrainer - Training iteration [891]. Epoch [0/49]
2025-05-07 17:26:55,618 [MainThread] INFO UNetTrainer - Training iteration [892]. Epoch [0/49]
2025-05-07 17:28:11,227 [MainThread] INFO UNetTrainer - Training iteration [893]. Epoch [0/49]
2025-05-07 17:29:27,470 [MainThread] INFO UNetTrainer - Training iteration [894]. Epoch [0/49]
2025-05-07 17:30:44,454 [MainThread] INFO UNetTrainer - Training iteration [895]. Epoch [0/49]
2025-05-07 17:32:01,238 [MainThread] INFO UNetTrainer - Training iteration [896]. Epoch [0/49]
2025-05-07 17:33:17,487 [MainThread] INFO UNetTrainer - Training iteration [897]. Epoch [0/49]
2025-05-07 17:34:33,667 [MainThread] INFO UNetTrainer - Training iteration [898]. Epoch [0/49]
2025-05-07 17:35:51,189 [MainThread] INFO UNetTrainer - Training iteration [899]. Epoch [0/49]
2025-05-07 17:37:07,680 [MainThread] INFO UNetTrainer - Training iteration [900]. Epoch [0/49]
2025-05-07 17:38:23,984 [MainThread] INFO UNetTrainer - Training iteration [901]. Epoch [0/49]
2025-05-07 17:39:40,215 [MainThread] INFO UNetTrainer - Training iteration [902]. Epoch [0/49]
2025-05-07 17:40:57,375 [MainThread] INFO UNetTrainer - Training iteration [903]. Epoch [0/49]
2025-05-07 17:42:14,011 [MainThread] INFO UNetTrainer - Training iteration [904]. Epoch [0/49]
2025-05-07 17:43:29,994 [MainThread] INFO UNetTrainer - Training iteration [905]. Epoch [0/49]
2025-05-07 17:44:46,106 [MainThread] INFO UNetTrainer - Training iteration [906]. Epoch [0/49]
2025-05-07 17:46:03,210 [MainThread] INFO UNetTrainer - Training iteration [907]. Epoch [0/49]
2025-05-07 17:47:19,558 [MainThread] INFO UNetTrainer - Training iteration [908]. Epoch [0/49]
2025-05-07 17:48:36,003 [MainThread] INFO UNetTrainer - Training iteration [909]. Epoch [0/49]
2025-05-07 17:49:52,749 [MainThread] INFO UNetTrainer - Training iteration [910]. Epoch [0/49]
2025-05-07 17:51:10,317 [MainThread] INFO UNetTrainer - Training iteration [911]. Epoch [0/49]
2025-05-07 17:52:26,598 [MainThread] INFO UNetTrainer - Training iteration [912]. Epoch [0/49]
2025-05-07 17:53:43,537 [MainThread] INFO UNetTrainer - Training iteration [913]. Epoch [0/49]
2025-05-07 17:55:00,005 [MainThread] INFO UNetTrainer - Training iteration [914]. Epoch [0/49]
2025-05-07 17:56:17,282 [MainThread] INFO UNetTrainer - Training iteration [915]. Epoch [0/49]
2025-05-07 17:57:33,262 [MainThread] INFO UNetTrainer - Training iteration [916]. Epoch [0/49]
2025-05-07 17:58:49,287 [MainThread] INFO UNetTrainer - Training iteration [917]. Epoch [0/49]
2025-05-07 18:00:05,451 [MainThread] INFO UNetTrainer - Training iteration [918]. Epoch [0/49]
2025-05-07 18:01:22,670 [MainThread] INFO UNetTrainer - Training iteration [919]. Epoch [0/49]
2025-05-07 18:02:39,055 [MainThread] INFO UNetTrainer - Training iteration [920]. Epoch [0/49]
2025-05-07 18:03:55,564 [MainThread] INFO UNetTrainer - Training iteration [921]. Epoch [0/49]
2025-05-07 18:05:11,883 [MainThread] INFO UNetTrainer - Training iteration [922]. Epoch [0/49]
2025-05-07 18:06:29,435 [MainThread] INFO UNetTrainer - Training iteration [923]. Epoch [0/49]
2025-05-07 18:07:45,555 [MainThread] INFO UNetTrainer - Training iteration [924]. Epoch [0/49]
2025-05-07 18:09:01,958 [MainThread] INFO UNetTrainer - Training iteration [925]. Epoch [0/49]
2025-05-07 18:10:18,155 [MainThread] INFO UNetTrainer - Training iteration [926]. Epoch [0/49]
2025-05-07 18:11:35,182 [MainThread] INFO UNetTrainer - Training iteration [927]. Epoch [0/49]
2025-05-07 18:12:51,796 [MainThread] INFO UNetTrainer - Training iteration [928]. Epoch [0/49]
2025-05-07 18:14:08,048 [MainThread] INFO UNetTrainer - Training iteration [929]. Epoch [0/49]
2025-05-07 18:15:24,273 [MainThread] INFO UNetTrainer - Training iteration [930]. Epoch [0/49]
2025-05-07 18:16:41,254 [MainThread] INFO UNetTrainer - Training iteration [931]. Epoch [0/49]
2025-05-07 18:17:57,350 [MainThread] INFO UNetTrainer - Training iteration [932]. Epoch [0/49]
2025-05-07 18:19:13,247 [MainThread] INFO UNetTrainer - Training iteration [933]. Epoch [0/49]
2025-05-07 18:20:29,617 [MainThread] INFO UNetTrainer - Training iteration [934]. Epoch [0/49]
2025-05-07 18:21:46,315 [MainThread] INFO UNetTrainer - Training iteration [935]. Epoch [0/49]
2025-05-07 18:23:02,684 [MainThread] INFO UNetTrainer - Training iteration [936]. Epoch [0/49]
2025-05-07 18:24:18,816 [MainThread] INFO UNetTrainer - Training iteration [937]. Epoch [0/49]
2025-05-07 18:25:35,783 [MainThread] INFO UNetTrainer - Training iteration [938]. Epoch [0/49]
2025-05-07 18:26:52,495 [MainThread] INFO UNetTrainer - Training iteration [939]. Epoch [0/49]
2025-05-07 18:28:08,805 [MainThread] INFO UNetTrainer - Training iteration [940]. Epoch [0/49]
2025-05-07 18:29:25,351 [MainThread] INFO UNetTrainer - Training iteration [941]. Epoch [0/49]
2025-05-07 18:30:41,987 [MainThread] INFO UNetTrainer - Training iteration [942]. Epoch [0/49]
2025-05-07 18:31:58,019 [MainThread] INFO UNetTrainer - Training iteration [943]. Epoch [0/49]
2025-05-07 18:33:14,222 [MainThread] INFO UNetTrainer - Training iteration [944]. Epoch [0/49]
2025-05-07 18:34:30,351 [MainThread] INFO UNetTrainer - Training iteration [945]. Epoch [0/49]
2025-05-07 18:35:48,049 [MainThread] INFO UNetTrainer - Training iteration [946]. Epoch [0/49]
2025-05-07 18:37:04,224 [MainThread] INFO UNetTrainer - Training iteration [947]. Epoch [0/49]
2025-05-07 18:38:20,786 [MainThread] INFO UNetTrainer - Training iteration [948]. Epoch [0/49]
2025-05-07 18:39:37,207 [MainThread] INFO UNetTrainer - Training iteration [949]. Epoch [0/49]
2025-05-07 18:40:54,518 [MainThread] INFO UNetTrainer - Training iteration [950]. Epoch [0/49]
2025-05-07 18:42:10,408 [MainThread] INFO UNetTrainer - Training iteration [951]. Epoch [0/49]
2025-05-07 18:43:26,345 [MainThread] INFO UNetTrainer - Training iteration [952]. Epoch [0/49]
2025-05-07 18:44:42,617 [MainThread] INFO UNetTrainer - Training iteration [953]. Epoch [0/49]
2025-05-07 18:46:00,446 [MainThread] INFO UNetTrainer - Training iteration [954]. Epoch [0/49]
2025-05-07 18:47:16,886 [MainThread] INFO UNetTrainer - Training iteration [955]. Epoch [0/49]
2025-05-07 18:48:32,799 [MainThread] INFO UNetTrainer - Training iteration [956]. Epoch [0/49]
2025-05-07 18:49:48,803 [MainThread] INFO UNetTrainer - Training iteration [957]. Epoch [0/49]
2025-05-07 18:51:06,116 [MainThread] INFO UNetTrainer - Training iteration [958]. Epoch [0/49]
2025-05-07 18:52:22,853 [MainThread] INFO UNetTrainer - Training iteration [959]. Epoch [0/49]
2025-05-07 18:53:39,197 [MainThread] INFO UNetTrainer - Training iteration [960]. Epoch [0/49]
2025-05-07 18:54:55,648 [MainThread] INFO UNetTrainer - Training iteration [961]. Epoch [0/49]
2025-05-07 18:56:12,730 [MainThread] INFO UNetTrainer - Training iteration [962]. Epoch [0/49]
2025-05-07 18:57:28,766 [MainThread] INFO UNetTrainer - Training iteration [963]. Epoch [0/49]
2025-05-07 18:58:45,280 [MainThread] INFO UNetTrainer - Training iteration [964]. Epoch [0/49]
2025-05-07 19:00:01,711 [MainThread] INFO UNetTrainer - Training iteration [965]. Epoch [0/49]
2025-05-07 19:01:18,588 [MainThread] INFO UNetTrainer - Training iteration [966]. Epoch [0/49]
2025-05-07 19:02:35,282 [MainThread] INFO UNetTrainer - Training iteration [967]. Epoch [0/49]
2025-05-07 19:03:51,302 [MainThread] INFO UNetTrainer - Training iteration [968]. Epoch [0/49]
2025-05-07 19:05:07,533 [MainThread] INFO UNetTrainer - Training iteration [969]. Epoch [0/49]
2025-05-07 19:06:24,453 [MainThread] INFO UNetTrainer - Training iteration [970]. Epoch [0/49]
2025-05-07 19:07:40,973 [MainThread] INFO UNetTrainer - Training iteration [971]. Epoch [0/49]
2025-05-07 19:08:56,983 [MainThread] INFO UNetTrainer - Training iteration [972]. Epoch [0/49]
2025-05-07 19:10:13,199 [MainThread] INFO UNetTrainer - Training iteration [973]. Epoch [0/49]
2025-05-07 19:11:30,278 [MainThread] INFO UNetTrainer - Training iteration [974]. Epoch [0/49]
2025-05-07 19:12:46,308 [MainThread] INFO UNetTrainer - Training iteration [975]. Epoch [0/49]
2025-05-07 19:14:02,380 [MainThread] INFO UNetTrainer - Training iteration [976]. Epoch [0/49]
2025-05-07 19:15:18,647 [MainThread] INFO UNetTrainer - Training iteration [977]. Epoch [0/49]
2025-05-07 19:16:35,568 [MainThread] INFO UNetTrainer - Training iteration [978]. Epoch [0/49]
2025-05-07 19:17:51,991 [MainThread] INFO UNetTrainer - Training iteration [979]. Epoch [0/49]
2025-05-07 19:19:08,084 [MainThread] INFO UNetTrainer - Training iteration [980]. Epoch [0/49]
2025-05-07 19:20:24,299 [MainThread] INFO UNetTrainer - Training iteration [981]. Epoch [0/49]
2025-05-07 19:21:41,133 [MainThread] INFO UNetTrainer - Training iteration [982]. Epoch [0/49]
2025-05-07 19:22:57,275 [MainThread] INFO UNetTrainer - Training iteration [983]. Epoch [0/49]
2025-05-07 19:24:13,777 [MainThread] INFO UNetTrainer - Training iteration [984]. Epoch [0/49]
2025-05-07 19:25:30,445 [MainThread] INFO UNetTrainer - Training iteration [985]. Epoch [0/49]
2025-05-07 19:26:46,838 [MainThread] INFO UNetTrainer - Training iteration [986]. Epoch [0/49]
2025-05-07 19:28:02,996 [MainThread] INFO UNetTrainer - Training iteration [987]. Epoch [0/49]
2025-05-07 19:29:19,266 [MainThread] INFO UNetTrainer - Training iteration [988]. Epoch [0/49]
2025-05-07 19:30:36,366 [MainThread] INFO UNetTrainer - Training iteration [989]. Epoch [0/49]
2025-05-07 19:31:52,268 [MainThread] INFO UNetTrainer - Training iteration [990]. Epoch [0/49]
2025-05-07 19:33:08,747 [MainThread] INFO UNetTrainer - Training iteration [991]. Epoch [0/49]
2025-05-07 19:34:24,629 [MainThread] INFO UNetTrainer - Training iteration [992]. Epoch [0/49]
2025-05-07 19:35:41,817 [MainThread] INFO UNetTrainer - Training iteration [993]. Epoch [0/49]
2025-05-07 19:36:58,286 [MainThread] INFO UNetTrainer - Training iteration [994]. Epoch [0/49]
2025-05-07 19:38:15,049 [MainThread] INFO UNetTrainer - Training iteration [995]. Epoch [0/49]
2025-05-07 19:39:31,044 [MainThread] INFO UNetTrainer - Training iteration [996]. Epoch [0/49]
2025-05-07 19:40:47,881 [MainThread] INFO UNetTrainer - Training iteration [997]. Epoch [0/49]
2025-05-07 19:42:04,093 [MainThread] INFO UNetTrainer - Training iteration [998]. Epoch [0/49]
2025-05-07 19:43:20,390 [MainThread] INFO UNetTrainer - Training iteration [999]. Epoch [0/49]
2025-05-07 19:44:36,798 [MainThread] INFO UNetTrainer - Training iteration [1000]. Epoch [0/49]
2025-05-07 19:45:53,918 [MainThread] INFO UNetTrainer - Training iteration [1001]. Epoch [0/49]
2025-05-07 19:47:10,023 [MainThread] INFO UNetTrainer - Training iteration [1002]. Epoch [0/49]
2025-05-07 19:48:25,962 [MainThread] INFO UNetTrainer - Training iteration [1003]. Epoch [0/49]
2025-05-07 19:49:41,969 [MainThread] INFO UNetTrainer - Training iteration [1004]. Epoch [0/49]
2025-05-07 19:50:59,018 [MainThread] INFO UNetTrainer - Training iteration [1005]. Epoch [0/49]
2025-05-07 19:52:14,937 [MainThread] INFO UNetTrainer - Training iteration [1006]. Epoch [0/49]
2025-05-07 19:53:30,790 [MainThread] INFO UNetTrainer - Training iteration [1007]. Epoch [0/49]
2025-05-07 19:54:46,793 [MainThread] INFO UNetTrainer - Training iteration [1008]. Epoch [0/49]
2025-05-07 19:56:04,098 [MainThread] INFO UNetTrainer - Training iteration [1009]. Epoch [0/49]
2025-05-07 19:57:20,853 [MainThread] INFO UNetTrainer - Training iteration [1010]. Epoch [0/49]
2025-05-07 19:58:36,742 [MainThread] INFO UNetTrainer - Training iteration [1011]. Epoch [0/49]
2025-05-07 19:59:52,902 [MainThread] INFO UNetTrainer - Training iteration [1012]. Epoch [0/49]
2025-05-07 20:01:10,234 [MainThread] INFO UNetTrainer - Training iteration [1013]. Epoch [0/49]
2025-05-07 20:02:26,899 [MainThread] INFO UNetTrainer - Training iteration [1014]. Epoch [0/49]
2025-05-07 20:03:43,467 [MainThread] INFO UNetTrainer - Training iteration [1015]. Epoch [0/49]
2025-05-07 20:04:59,942 [MainThread] INFO UNetTrainer - Training iteration [1016]. Epoch [0/49]
2025-05-07 20:06:17,440 [MainThread] INFO UNetTrainer - Training iteration [1017]. Epoch [0/49]
2025-05-07 20:07:33,878 [MainThread] INFO UNetTrainer - Training iteration [1018]. Epoch [0/49]
2025-05-07 20:08:50,142 [MainThread] INFO UNetTrainer - Training iteration [1019]. Epoch [0/49]
2025-05-07 20:10:06,329 [MainThread] INFO UNetTrainer - Training iteration [1020]. Epoch [0/49]
2025-05-07 20:11:23,426 [MainThread] INFO UNetTrainer - Training iteration [1021]. Epoch [0/49]
2025-05-07 20:12:40,008 [MainThread] INFO UNetTrainer - Training iteration [1022]. Epoch [0/49]
2025-05-07 20:13:56,062 [MainThread] INFO UNetTrainer - Training iteration [1023]. Epoch [0/49]
2025-05-07 20:15:12,081 [MainThread] INFO UNetTrainer - Training iteration [1024]. Epoch [0/49]
2025-05-07 20:16:28,545 [MainThread] INFO UNetTrainer - Training iteration [1025]. Epoch [0/49]
2025-05-07 20:17:44,695 [MainThread] INFO UNetTrainer - Training iteration [1026]. Epoch [0/49]
2025-05-07 20:19:00,797 [MainThread] INFO UNetTrainer - Training iteration [1027]. Epoch [0/49]
2025-05-07 20:20:17,019 [MainThread] INFO UNetTrainer - Training iteration [1028]. Epoch [0/49]
2025-05-07 20:21:33,808 [MainThread] INFO UNetTrainer - Training iteration [1029]. Epoch [0/49]
2025-05-07 20:22:50,020 [MainThread] INFO UNetTrainer - Training iteration [1030]. Epoch [0/49]
2025-05-07 20:24:06,796 [MainThread] INFO UNetTrainer - Training iteration [1031]. Epoch [0/49]
2025-05-07 20:25:23,010 [MainThread] INFO UNetTrainer - Training iteration [1032]. Epoch [0/49]
2025-05-07 20:26:39,704 [MainThread] INFO UNetTrainer - Training iteration [1033]. Epoch [0/49]
2025-05-07 20:27:55,921 [MainThread] INFO UNetTrainer - Training iteration [1034]. Epoch [0/49]
2025-05-07 20:29:12,113 [MainThread] INFO UNetTrainer - Training iteration [1035]. Epoch [0/49]
2025-05-07 20:30:28,443 [MainThread] INFO UNetTrainer - Training iteration [1036]. Epoch [0/49]
2025-05-07 20:31:45,551 [MainThread] INFO UNetTrainer - Training iteration [1037]. Epoch [0/49]
2025-05-07 20:33:01,886 [MainThread] INFO UNetTrainer - Training iteration [1038]. Epoch [0/49]
2025-05-07 20:34:18,682 [MainThread] INFO UNetTrainer - Training iteration [1039]. Epoch [0/49]
2025-05-07 20:35:35,168 [MainThread] INFO UNetTrainer - Training iteration [1040]. Epoch [0/49]
2025-05-07 20:36:51,125 [MainThread] INFO UNetTrainer - Training iteration [1041]. Epoch [0/49]
2025-05-07 20:38:07,633 [MainThread] INFO UNetTrainer - Training iteration [1042]. Epoch [0/49]
2025-05-07 20:39:23,605 [MainThread] INFO UNetTrainer - Training iteration [1043]. Epoch [0/49]
2025-05-07 20:40:40,259 [MainThread] INFO UNetTrainer - Training iteration [1044]. Epoch [0/49]
2025-05-07 20:41:55,884 [MainThread] INFO UNetTrainer - Training iteration [1045]. Epoch [0/49]
2025-05-07 20:43:11,817 [MainThread] INFO UNetTrainer - Training iteration [1046]. Epoch [0/49]
2025-05-07 20:44:27,749 [MainThread] INFO UNetTrainer - Training iteration [1047]. Epoch [0/49]
2025-05-07 20:45:44,562 [MainThread] INFO UNetTrainer - Training iteration [1048]. Epoch [0/49]
2025-05-07 20:47:01,069 [MainThread] INFO UNetTrainer - Training iteration [1049]. Epoch [0/49]
2025-05-07 20:48:17,431 [MainThread] INFO UNetTrainer - Training iteration [1050]. Epoch [0/49]
2025-05-07 20:49:32,996 [MainThread] INFO UNetTrainer - Training iteration [1051]. Epoch [0/49]
2025-05-07 20:50:49,706 [MainThread] INFO UNetTrainer - Training iteration [1052]. Epoch [0/49]
2025-05-07 20:52:05,599 [MainThread] INFO UNetTrainer - Training iteration [1053]. Epoch [0/49]
2025-05-07 20:53:21,740 [MainThread] INFO UNetTrainer - Training iteration [1054]. Epoch [0/49]
2025-05-07 20:54:37,873 [MainThread] INFO UNetTrainer - Training iteration [1055]. Epoch [0/49]
2025-05-07 20:55:55,049 [MainThread] INFO UNetTrainer - Training iteration [1056]. Epoch [0/49]
2025-05-07 20:57:11,098 [MainThread] INFO UNetTrainer - Training iteration [1057]. Epoch [0/49]
2025-05-07 20:58:26,698 [MainThread] INFO UNetTrainer - Training iteration [1058]. Epoch [0/49]
2025-05-07 20:59:42,480 [MainThread] INFO UNetTrainer - Training iteration [1059]. Epoch [0/49]
2025-05-07 21:00:59,439 [MainThread] INFO UNetTrainer - Training iteration [1060]. Epoch [0/49]
2025-05-07 21:02:15,717 [MainThread] INFO UNetTrainer - Training iteration [1061]. Epoch [0/49]
2025-05-07 21:03:31,760 [MainThread] INFO UNetTrainer - Training iteration [1062]. Epoch [0/49]
2025-05-07 21:04:47,895 [MainThread] INFO UNetTrainer - Training iteration [1063]. Epoch [0/49]
2025-05-07 21:06:04,842 [MainThread] INFO UNetTrainer - Training iteration [1064]. Epoch [0/49]
2025-05-07 21:07:20,698 [MainThread] INFO UNetTrainer - Training iteration [1065]. Epoch [0/49]
2025-05-07 21:08:36,626 [MainThread] INFO UNetTrainer - Training iteration [1066]. Epoch [0/49]
2025-05-07 21:09:52,839 [MainThread] INFO UNetTrainer - Training iteration [1067]. Epoch [0/49]
2025-05-07 21:11:10,018 [MainThread] INFO UNetTrainer - Training iteration [1068]. Epoch [0/49]
2025-05-07 21:12:26,049 [MainThread] INFO UNetTrainer - Training iteration [1069]. Epoch [0/49]
2025-05-07 21:13:42,162 [MainThread] INFO UNetTrainer - Training iteration [1070]. Epoch [0/49]
2025-05-07 21:14:57,924 [MainThread] INFO UNetTrainer - Training iteration [1071]. Epoch [0/49]
2025-05-07 21:16:14,982 [MainThread] INFO UNetTrainer - Training iteration [1072]. Epoch [0/49]
2025-05-07 21:17:30,829 [MainThread] INFO UNetTrainer - Training iteration [1073]. Epoch [0/49]
2025-05-07 21:18:47,206 [MainThread] INFO UNetTrainer - Training iteration [1074]. Epoch [0/49]
2025-05-07 21:20:03,577 [MainThread] INFO UNetTrainer - Training iteration [1075]. Epoch [0/49]
2025-05-07 21:21:20,773 [MainThread] INFO UNetTrainer - Training iteration [1076]. Epoch [0/49]
2025-05-07 21:22:37,002 [MainThread] INFO UNetTrainer - Training iteration [1077]. Epoch [0/49]
2025-05-07 21:23:53,236 [MainThread] INFO UNetTrainer - Training iteration [1078]. Epoch [0/49]
2025-05-07 21:25:09,443 [MainThread] INFO UNetTrainer - Training iteration [1079]. Epoch [0/49]
2025-05-07 21:26:26,399 [MainThread] INFO UNetTrainer - Training iteration [1080]. Epoch [0/49]
2025-05-07 21:27:42,996 [MainThread] INFO UNetTrainer - Training iteration [1081]. Epoch [0/49]
2025-05-07 21:28:59,173 [MainThread] INFO UNetTrainer - Training iteration [1082]. Epoch [0/49]
2025-05-07 21:30:16,159 [MainThread] INFO UNetTrainer - Training iteration [1083]. Epoch [0/49]
2025-05-07 21:31:33,234 [MainThread] INFO UNetTrainer - Training iteration [1084]. Epoch [0/49]
2025-05-07 21:32:49,738 [MainThread] INFO UNetTrainer - Training iteration [1085]. Epoch [0/49]
2025-05-07 21:34:05,662 [MainThread] INFO UNetTrainer - Training iteration [1086]. Epoch [0/49]
2025-05-07 21:35:22,101 [MainThread] INFO UNetTrainer - Training iteration [1087]. Epoch [0/49]
2025-05-07 21:36:39,078 [MainThread] INFO UNetTrainer - Training iteration [1088]. Epoch [0/49]
2025-05-07 21:37:55,205 [MainThread] INFO UNetTrainer - Training iteration [1089]. Epoch [0/49]
2025-05-07 21:39:11,306 [MainThread] INFO UNetTrainer - Training iteration [1090]. Epoch [0/49]
2025-05-07 21:40:27,910 [MainThread] INFO UNetTrainer - Training iteration [1091]. Epoch [0/49]
2025-05-07 21:41:44,503 [MainThread] INFO UNetTrainer - Training iteration [1092]. Epoch [0/49]
2025-05-07 21:43:00,722 [MainThread] INFO UNetTrainer - Training iteration [1093]. Epoch [0/49]
2025-05-07 21:44:16,927 [MainThread] INFO UNetTrainer - Training iteration [1094]. Epoch [0/49]
2025-05-07 21:45:33,592 [MainThread] INFO UNetTrainer - Training iteration [1095]. Epoch [0/49]
2025-05-07 21:46:50,308 [MainThread] INFO UNetTrainer - Training iteration [1096]. Epoch [0/49]
2025-05-07 21:48:06,355 [MainThread] INFO UNetTrainer - Training iteration [1097]. Epoch [0/49]
2025-05-07 21:49:22,048 [MainThread] INFO UNetTrainer - Training iteration [1098]. Epoch [0/49]
2025-05-07 21:50:38,952 [MainThread] INFO UNetTrainer - Training iteration [1099]. Epoch [0/49]
2025-05-07 21:51:55,744 [MainThread] INFO UNetTrainer - Training iteration [1100]. Epoch [0/49]
2025-05-07 21:53:12,455 [MainThread] INFO UNetTrainer - Training iteration [1101]. Epoch [0/49]
2025-05-07 21:54:28,602 [MainThread] INFO UNetTrainer - Training iteration [1102]. Epoch [0/49]
2025-05-07 21:55:45,949 [MainThread] INFO UNetTrainer - Training iteration [1103]. Epoch [0/49]
2025-05-07 21:57:02,881 [MainThread] INFO UNetTrainer - Training iteration [1104]. Epoch [0/49]
2025-05-07 21:58:19,120 [MainThread] INFO UNetTrainer - Training iteration [1105]. Epoch [0/49]
2025-05-07 21:59:35,598 [MainThread] INFO UNetTrainer - Training iteration [1106]. Epoch [0/49]
2025-05-07 22:00:52,888 [MainThread] INFO UNetTrainer - Training iteration [1107]. Epoch [0/49]
2025-05-07 22:02:09,831 [MainThread] INFO UNetTrainer - Training iteration [1108]. Epoch [0/49]
2025-05-07 22:03:26,058 [MainThread] INFO UNetTrainer - Training iteration [1109]. Epoch [0/49]
2025-05-07 22:04:42,560 [MainThread] INFO UNetTrainer - Training iteration [1110]. Epoch [0/49]
2025-05-07 22:05:59,865 [MainThread] INFO UNetTrainer - Training iteration [1111]. Epoch [0/49]
2025-05-07 22:07:15,931 [MainThread] INFO UNetTrainer - Training iteration [1112]. Epoch [0/49]
2025-05-07 22:08:32,023 [MainThread] INFO UNetTrainer - Training iteration [1113]. Epoch [0/49]
2025-05-07 22:09:48,075 [MainThread] INFO UNetTrainer - Training iteration [1114]. Epoch [0/49]
2025-05-07 22:11:05,262 [MainThread] INFO UNetTrainer - Training iteration [1115]. Epoch [0/49]
2025-05-07 22:12:21,469 [MainThread] INFO UNetTrainer - Training iteration [1116]. Epoch [0/49]
2025-05-07 22:13:38,026 [MainThread] INFO UNetTrainer - Training iteration [1117]. Epoch [0/49]
2025-05-07 22:14:54,395 [MainThread] INFO UNetTrainer - Training iteration [1118]. Epoch [0/49]
2025-05-07 22:16:12,020 [MainThread] INFO UNetTrainer - Training iteration [1119]. Epoch [0/49]
2025-05-07 22:17:28,558 [MainThread] INFO UNetTrainer - Training iteration [1120]. Epoch [0/49]
2025-05-07 22:18:45,059 [MainThread] INFO UNetTrainer - Training iteration [1121]. Epoch [0/49]
2025-05-07 22:20:01,029 [MainThread] INFO UNetTrainer - Training iteration [1122]. Epoch [0/49]
2025-05-07 22:21:18,263 [MainThread] INFO UNetTrainer - Training iteration [1123]. Epoch [0/49]
2025-05-07 22:22:34,674 [MainThread] INFO UNetTrainer - Training iteration [1124]. Epoch [0/49]
2025-05-07 22:23:50,481 [MainThread] INFO UNetTrainer - Training iteration [1125]. Epoch [0/49]
2025-05-07 22:25:06,659 [MainThread] INFO UNetTrainer - Training iteration [1126]. Epoch [0/49]
2025-05-07 22:26:23,689 [MainThread] INFO UNetTrainer - Training iteration [1127]. Epoch [0/49]
2025-05-07 22:27:39,984 [MainThread] INFO UNetTrainer - Training iteration [1128]. Epoch [0/49]
2025-05-07 22:28:56,389 [MainThread] INFO UNetTrainer - Training iteration [1129]. Epoch [0/49]
2025-05-07 22:30:12,554 [MainThread] INFO UNetTrainer - Training iteration [1130]. Epoch [0/49]
2025-05-07 22:31:29,458 [MainThread] INFO UNetTrainer - Training iteration [1131]. Epoch [0/49]
2025-05-07 22:32:46,075 [MainThread] INFO UNetTrainer - Training iteration [1132]. Epoch [0/49]
2025-05-07 22:34:02,236 [MainThread] INFO UNetTrainer - Training iteration [1133]. Epoch [0/49]
2025-05-07 22:35:18,565 [MainThread] INFO UNetTrainer - Training iteration [1134]. Epoch [0/49]
2025-05-07 22:36:35,338 [MainThread] INFO UNetTrainer - Training iteration [1135]. Epoch [0/49]
2025-05-07 22:37:51,118 [MainThread] INFO UNetTrainer - Training iteration [1136]. Epoch [0/49]
2025-05-07 22:39:07,104 [MainThread] INFO UNetTrainer - Training iteration [1137]. Epoch [0/49]
2025-05-07 22:40:23,216 [MainThread] INFO UNetTrainer - Training iteration [1138]. Epoch [0/49]
2025-05-07 22:41:39,346 [MainThread] INFO UNetTrainer - Training iteration [1139]. Epoch [0/49]
2025-05-07 22:42:55,353 [MainThread] INFO UNetTrainer - Training iteration [1140]. Epoch [0/49]
2025-05-07 22:44:11,348 [MainThread] INFO UNetTrainer - Training iteration [1141]. Epoch [0/49]
2025-05-07 22:45:28,483 [MainThread] INFO UNetTrainer - Training iteration [1142]. Epoch [0/49]
2025-05-07 22:46:45,254 [MainThread] INFO UNetTrainer - Training iteration [1143]. Epoch [0/49]
2025-05-07 22:48:01,777 [MainThread] INFO UNetTrainer - Training iteration [1144]. Epoch [0/49]
2025-05-07 22:49:17,939 [MainThread] INFO UNetTrainer - Training iteration [1145]. Epoch [0/49]
2025-05-07 22:50:35,690 [MainThread] INFO UNetTrainer - Training iteration [1146]. Epoch [0/49]
2025-05-07 22:51:51,717 [MainThread] INFO UNetTrainer - Training iteration [1147]. Epoch [0/49]
2025-05-07 22:53:07,924 [MainThread] INFO UNetTrainer - Training iteration [1148]. Epoch [0/49]
2025-05-07 22:54:24,239 [MainThread] INFO UNetTrainer - Training iteration [1149]. Epoch [0/49]
2025-05-07 22:55:40,638 [MainThread] INFO UNetTrainer - Training iteration [1150]. Epoch [0/49]
2025-05-07 22:56:56,761 [MainThread] INFO UNetTrainer - Training iteration [1151]. Epoch [0/49]
2025-05-07 22:58:17,805 [MainThread] INFO UNetTrainer - Training iteration [1152]. Epoch [0/49]
2025-05-07 22:59:39,532 [MainThread] INFO UNetTrainer - Training iteration [1153]. Epoch [0/49]
2025-05-07 23:01:03,009 [MainThread] INFO UNetTrainer - Training iteration [1154]. Epoch [0/49]
2025-05-07 23:02:38,949 [MainThread] INFO UNetTrainer - Training iteration [1155]. Epoch [0/49]
2025-05-07 23:04:32,845 [MainThread] INFO UNetTrainer - Training iteration [1156]. Epoch [0/49]
2025-05-07 23:06:14,183 [MainThread] INFO UNetTrainer - Training iteration [1157]. Epoch [0/49]
2025-05-07 23:07:33,566 [MainThread] INFO UNetTrainer - Training iteration [1158]. Epoch [0/49]
2025-05-07 23:08:52,025 [MainThread] INFO UNetTrainer - Training iteration [1159]. Epoch [0/49]
2025-05-07 23:10:11,092 [MainThread] INFO UNetTrainer - Training iteration [1160]. Epoch [0/49]
2025-05-07 23:11:29,933 [MainThread] INFO UNetTrainer - Training iteration [1161]. Epoch [0/49]
2025-05-07 23:12:52,128 [MainThread] INFO UNetTrainer - Training iteration [1162]. Epoch [0/49]
2025-05-07 23:14:11,482 [MainThread] INFO UNetTrainer - Training iteration [1163]. Epoch [0/49]
2025-05-07 23:15:31,078 [MainThread] INFO UNetTrainer - Training iteration [1164]. Epoch [0/49]
2025-05-07 23:16:52,627 [MainThread] INFO UNetTrainer - Training iteration [1165]. Epoch [0/49]
2025-05-07 23:18:13,662 [MainThread] INFO UNetTrainer - Training iteration [1166]. Epoch [0/49]
2025-05-07 23:19:34,050 [MainThread] INFO UNetTrainer - Training iteration [1167]. Epoch [0/49]
2025-05-07 23:20:53,291 [MainThread] INFO UNetTrainer - Training iteration [1168]. Epoch [0/49]
2025-05-07 23:22:12,893 [MainThread] INFO UNetTrainer - Training iteration [1169]. Epoch [0/49]
2025-05-07 23:23:32,968 [MainThread] INFO UNetTrainer - Training iteration [1170]. Epoch [0/49]
2025-05-07 23:24:53,598 [MainThread] INFO UNetTrainer - Training iteration [1171]. Epoch [0/49]
2025-05-07 23:26:13,945 [MainThread] INFO UNetTrainer - Training iteration [1172]. Epoch [0/49]
2025-05-07 23:27:34,578 [MainThread] INFO UNetTrainer - Training iteration [1173]. Epoch [0/49]
2025-05-07 23:28:54,985 [MainThread] INFO UNetTrainer - Training iteration [1174]. Epoch [0/49]
2025-05-07 23:30:37,486 [MainThread] INFO UNetTrainer - Training iteration [1175]. Epoch [0/49]
2025-05-07 23:32:26,019 [MainThread] INFO UNetTrainer - Training iteration [1176]. Epoch [0/49]
2025-05-07 23:34:35,632 [MainThread] INFO UNetTrainer - Training iteration [1177]. Epoch [0/49]
2025-05-07 23:36:46,709 [MainThread] INFO UNetTrainer - Training iteration [1178]. Epoch [0/49]
2025-05-07 23:39:08,363 [MainThread] INFO UNetTrainer - Training iteration [1179]. Epoch [0/49]
2025-05-07 23:40:48,916 [MainThread] INFO UNetTrainer - Training iteration [1180]. Epoch [0/49]
2025-05-07 23:42:26,767 [MainThread] INFO UNetTrainer - Training iteration [1181]. Epoch [0/49]
2025-05-07 23:43:50,379 [MainThread] INFO UNetTrainer - Training iteration [1182]. Epoch [0/49]
2025-05-07 23:45:13,080 [MainThread] INFO UNetTrainer - Training iteration [1183]. Epoch [0/49]
2025-05-07 23:46:33,777 [MainThread] INFO UNetTrainer - Training iteration [1184]. Epoch [0/49]
2025-05-07 23:47:54,837 [MainThread] INFO UNetTrainer - Training iteration [1185]. Epoch [0/49]
2025-05-07 23:49:15,992 [MainThread] INFO UNetTrainer - Training iteration [1186]. Epoch [0/49]
2025-05-07 23:50:37,177 [MainThread] INFO UNetTrainer - Training iteration [1187]. Epoch [0/49]
2025-05-07 23:51:57,954 [MainThread] INFO UNetTrainer - Training iteration [1188]. Epoch [0/49]
2025-05-07 23:53:18,580 [MainThread] INFO UNetTrainer - Training iteration [1189]. Epoch [0/49]
2025-05-07 23:54:39,634 [MainThread] INFO UNetTrainer - Training iteration [1190]. Epoch [0/49]
2025-05-07 23:56:00,913 [MainThread] INFO UNetTrainer - Training iteration [1191]. Epoch [0/49]
2025-05-07 23:57:21,405 [MainThread] INFO UNetTrainer - Training iteration [1192]. Epoch [0/49]
2025-05-07 23:58:42,044 [MainThread] INFO UNetTrainer - Training iteration [1193]. Epoch [0/49]
2025-05-08 00:00:02,936 [MainThread] INFO UNetTrainer - Training iteration [1194]. Epoch [0/49]
2025-05-08 00:01:24,347 [MainThread] INFO UNetTrainer - Training iteration [1195]. Epoch [0/49]
2025-05-08 00:02:45,596 [MainThread] INFO UNetTrainer - Training iteration [1196]. Epoch [0/49]
2025-05-08 00:04:06,916 [MainThread] INFO UNetTrainer - Training iteration [1197]. Epoch [0/49]
2025-05-08 00:05:27,839 [MainThread] INFO UNetTrainer - Training iteration [1198]. Epoch [0/49]
2025-05-08 00:06:48,971 [MainThread] INFO UNetTrainer - Training iteration [1199]. Epoch [0/49]
2025-05-08 00:08:09,640 [MainThread] INFO UNetTrainer - Training iteration [1200]. Epoch [0/49]
2025-05-08 00:09:29,868 [MainThread] INFO UNetTrainer - Training iteration [1201]. Epoch [0/49]
2025-05-08 00:10:51,012 [MainThread] INFO UNetTrainer - Training iteration [1202]. Epoch [0/49]
2025-05-08 00:12:12,120 [MainThread] INFO UNetTrainer - Training iteration [1203]. Epoch [0/49]
2025-05-08 00:13:32,788 [MainThread] INFO UNetTrainer - Training iteration [1204]. Epoch [0/49]
2025-05-08 00:14:53,448 [MainThread] INFO UNetTrainer - Training iteration [1205]. Epoch [0/49]
2025-05-08 00:16:14,449 [MainThread] INFO UNetTrainer - Training iteration [1206]. Epoch [0/49]
2025-05-08 00:17:35,081 [MainThread] INFO UNetTrainer - Training iteration [1207]. Epoch [0/49]
2025-05-08 00:18:55,602 [MainThread] INFO UNetTrainer - Training iteration [1208]. Epoch [0/49]
2025-05-08 00:20:16,677 [MainThread] INFO UNetTrainer - Training iteration [1209]. Epoch [0/49]
2025-05-08 00:21:37,596 [MainThread] INFO UNetTrainer - Training iteration [1210]. Epoch [0/49]
2025-05-08 00:22:57,305 [MainThread] INFO UNetTrainer - Training iteration [1211]. Epoch [0/49]
2025-05-08 00:24:16,727 [MainThread] INFO UNetTrainer - Training iteration [1212]. Epoch [0/49]
2025-05-08 00:25:36,957 [MainThread] INFO UNetTrainer - Training iteration [1213]. Epoch [0/49]
2025-05-08 00:26:56,603 [MainThread] INFO UNetTrainer - Training iteration [1214]. Epoch [0/49]
2025-05-08 00:28:15,990 [MainThread] INFO UNetTrainer - Training iteration [1215]. Epoch [0/49]
2025-05-08 00:29:36,054 [MainThread] INFO UNetTrainer - Training iteration [1216]. Epoch [0/49]
2025-05-08 00:30:56,952 [MainThread] INFO UNetTrainer - Training iteration [1217]. Epoch [0/49]
2025-05-08 00:32:16,579 [MainThread] INFO UNetTrainer - Training iteration [1218]. Epoch [0/49]
2025-05-08 00:33:36,151 [MainThread] INFO UNetTrainer - Training iteration [1219]. Epoch [0/49]
2025-05-08 00:34:56,226 [MainThread] INFO UNetTrainer - Training iteration [1220]. Epoch [0/49]
2025-05-08 00:36:16,859 [MainThread] INFO UNetTrainer - Training iteration [1221]. Epoch [0/49]
2025-05-08 00:37:36,330 [MainThread] INFO UNetTrainer - Training iteration [1222]. Epoch [0/49]
2025-05-08 00:38:58,273 [MainThread] INFO UNetTrainer - Training iteration [1223]. Epoch [0/49]
2025-05-08 00:40:20,288 [MainThread] INFO UNetTrainer - Training iteration [1224]. Epoch [0/49]
2025-05-08 00:41:41,544 [MainThread] INFO UNetTrainer - Training iteration [1225]. Epoch [0/49]
2025-05-08 00:43:02,427 [MainThread] INFO UNetTrainer - Training iteration [1226]. Epoch [0/49]
2025-05-08 00:44:22,096 [MainThread] INFO UNetTrainer - Training iteration [1227]. Epoch [0/49]
2025-05-08 00:45:42,916 [MainThread] INFO UNetTrainer - Training iteration [1228]. Epoch [0/49]
2025-05-08 00:47:07,846 [MainThread] INFO UNetTrainer - Training iteration [1229]. Epoch [0/49]
2025-05-08 00:48:29,644 [MainThread] INFO UNetTrainer - Training iteration [1230]. Epoch [0/49]
2025-05-08 00:49:54,682 [MainThread] INFO UNetTrainer - Training iteration [1231]. Epoch [0/49]
2025-05-08 00:51:16,400 [MainThread] INFO UNetTrainer - Training iteration [1232]. Epoch [0/49]
2025-05-08 00:52:36,622 [MainThread] INFO UNetTrainer - Training iteration [1233]. Epoch [0/49]
2025-05-08 00:53:57,471 [MainThread] INFO UNetTrainer - Training iteration [1234]. Epoch [0/49]
2025-05-08 00:55:18,461 [MainThread] INFO UNetTrainer - Training iteration [1235]. Epoch [0/49]
2025-05-08 00:56:45,178 [MainThread] INFO UNetTrainer - Training iteration [1236]. Epoch [0/49]
2025-05-08 00:58:08,971 [MainThread] INFO UNetTrainer - Training iteration [1237]. Epoch [0/49]
2025-05-08 00:59:30,712 [MainThread] INFO UNetTrainer - Training iteration [1238]. Epoch [0/49]
2025-05-08 01:00:52,533 [MainThread] INFO UNetTrainer - Training iteration [1239]. Epoch [0/49]
2025-05-08 01:02:14,734 [MainThread] INFO UNetTrainer - Training iteration [1240]. Epoch [0/49]
2025-05-08 01:03:37,307 [MainThread] INFO UNetTrainer - Training iteration [1241]. Epoch [0/49]
2025-05-08 01:04:59,224 [MainThread] INFO UNetTrainer - Training iteration [1242]. Epoch [0/49]
2025-05-08 01:06:22,650 [MainThread] INFO UNetTrainer - Training iteration [1243]. Epoch [0/49]
2025-05-08 01:07:42,837 [MainThread] INFO UNetTrainer - Training iteration [1244]. Epoch [0/49]
2025-05-08 01:09:02,659 [MainThread] INFO UNetTrainer - Training iteration [1245]. Epoch [0/49]
2025-05-08 01:10:23,472 [MainThread] INFO UNetTrainer - Training iteration [1246]. Epoch [0/49]
2025-05-08 01:11:47,233 [MainThread] INFO UNetTrainer - Training iteration [1247]. Epoch [0/49]
2025-05-08 01:13:10,656 [MainThread] INFO UNetTrainer - Training iteration [1248]. Epoch [0/49]
2025-05-08 01:14:29,435 [MainThread] INFO UNetTrainer - Training iteration [1249]. Epoch [0/49]
2025-05-08 01:15:49,272 [MainThread] INFO UNetTrainer - Training iteration [1250]. Epoch [0/49]
2025-05-08 01:17:08,673 [MainThread] INFO UNetTrainer - Training iteration [1251]. Epoch [0/49]
2025-05-08 01:18:28,443 [MainThread] INFO UNetTrainer - Training iteration [1252]. Epoch [0/49]
2025-05-08 01:19:47,189 [MainThread] INFO UNetTrainer - Training iteration [1253]. Epoch [0/49]
2025-05-08 01:21:07,123 [MainThread] INFO UNetTrainer - Training iteration [1254]. Epoch [0/49]
2025-05-08 01:22:26,418 [MainThread] INFO UNetTrainer - Training iteration [1255]. Epoch [0/49]
2025-05-08 01:23:45,522 [MainThread] INFO UNetTrainer - Training iteration [1256]. Epoch [0/49]
2025-05-08 01:25:05,947 [MainThread] INFO UNetTrainer - Training iteration [1257]. Epoch [0/49]
2025-05-08 01:26:28,064 [MainThread] INFO UNetTrainer - Training iteration [1258]. Epoch [0/49]
2025-05-08 01:27:49,547 [MainThread] INFO UNetTrainer - Training iteration [1259]. Epoch [0/49]
2025-05-08 01:29:10,311 [MainThread] INFO UNetTrainer - Training iteration [1260]. Epoch [0/49]
2025-05-08 01:30:31,548 [MainThread] INFO UNetTrainer - Training iteration [1261]. Epoch [0/49]
2025-05-08 01:31:52,611 [MainThread] INFO UNetTrainer - Training iteration [1262]. Epoch [0/49]
2025-05-08 01:33:13,649 [MainThread] INFO UNetTrainer - Training iteration [1263]. Epoch [0/49]
2025-05-08 01:34:34,604 [MainThread] INFO UNetTrainer - Training iteration [1264]. Epoch [0/49]
2025-05-08 01:35:55,847 [MainThread] INFO UNetTrainer - Training iteration [1265]. Epoch [0/49]
2025-05-08 01:37:16,858 [MainThread] INFO UNetTrainer - Training iteration [1266]. Epoch [0/49]
2025-05-08 01:38:37,791 [MainThread] INFO UNetTrainer - Training iteration [1267]. Epoch [0/49]
2025-05-08 01:39:58,882 [MainThread] INFO UNetTrainer - Training iteration [1268]. Epoch [0/49]
2025-05-08 01:41:20,070 [MainThread] INFO UNetTrainer - Training iteration [1269]. Epoch [0/49]
2025-05-08 01:42:41,209 [MainThread] INFO UNetTrainer - Training iteration [1270]. Epoch [0/49]
2025-05-08 01:44:02,282 [MainThread] INFO UNetTrainer - Training iteration [1271]. Epoch [0/49]
2025-05-08 01:45:23,202 [MainThread] INFO UNetTrainer - Training iteration [1272]. Epoch [0/49]
2025-05-08 01:46:43,945 [MainThread] INFO UNetTrainer - Training iteration [1273]. Epoch [0/49]
2025-05-08 01:48:04,759 [MainThread] INFO UNetTrainer - Training iteration [1274]. Epoch [0/49]
2025-05-08 01:49:25,638 [MainThread] INFO UNetTrainer - Training iteration [1275]. Epoch [0/49]
2025-05-08 01:50:46,542 [MainThread] INFO UNetTrainer - Training iteration [1276]. Epoch [0/49]
2025-05-08 01:52:08,006 [MainThread] INFO UNetTrainer - Training iteration [1277]. Epoch [0/49]
2025-05-08 01:53:29,265 [MainThread] INFO UNetTrainer - Training iteration [1278]. Epoch [0/49]
2025-05-08 01:54:50,939 [MainThread] INFO UNetTrainer - Training iteration [1279]. Epoch [0/49]
2025-05-08 01:56:11,777 [MainThread] INFO UNetTrainer - Training iteration [1280]. Epoch [0/49]
2025-05-08 01:57:33,323 [MainThread] INFO UNetTrainer - Training iteration [1281]. Epoch [0/49]
2025-05-08 01:58:58,430 [MainThread] INFO UNetTrainer - Training iteration [1282]. Epoch [0/49]
2025-05-08 02:00:20,982 [MainThread] INFO UNetTrainer - Training iteration [1283]. Epoch [0/49]
2025-05-08 02:01:41,653 [MainThread] INFO UNetTrainer - Training iteration [1284]. Epoch [0/49]
2025-05-08 02:03:02,613 [MainThread] INFO UNetTrainer - Training iteration [1285]. Epoch [0/49]
2025-05-08 02:04:24,751 [MainThread] INFO UNetTrainer - Training iteration [1286]. Epoch [0/49]
2025-05-08 02:05:45,092 [MainThread] INFO UNetTrainer - Training iteration [1287]. Epoch [0/49]
2025-05-08 02:07:09,673 [MainThread] INFO UNetTrainer - Training iteration [1288]. Epoch [0/49]
2025-05-08 02:08:47,183 [MainThread] INFO UNetTrainer - Training iteration [1289]. Epoch [0/49]
2025-05-08 02:10:16,236 [MainThread] INFO UNetTrainer - Training iteration [1290]. Epoch [0/49]
2025-05-08 02:11:36,710 [MainThread] INFO UNetTrainer - Training iteration [1291]. Epoch [0/49]
2025-05-08 02:12:58,743 [MainThread] INFO UNetTrainer - Training iteration [1292]. Epoch [0/49]
2025-05-08 02:14:21,216 [MainThread] INFO UNetTrainer - Training iteration [1293]. Epoch [0/49]
2025-05-08 02:15:41,533 [MainThread] INFO UNetTrainer - Training iteration [1294]. Epoch [0/49]
2025-05-08 02:17:02,290 [MainThread] INFO UNetTrainer - Training iteration [1295]. Epoch [0/49]
2025-05-08 02:18:22,086 [MainThread] INFO UNetTrainer - Training iteration [1296]. Epoch [0/49]
2025-05-08 02:19:41,783 [MainThread] INFO UNetTrainer - Training iteration [1297]. Epoch [0/49]
2025-05-08 02:21:02,941 [MainThread] INFO UNetTrainer - Training iteration [1298]. Epoch [0/49]
2025-05-08 02:22:24,204 [MainThread] INFO UNetTrainer - Training iteration [1299]. Epoch [0/49]
2025-05-08 02:23:43,246 [MainThread] INFO UNetTrainer - Training iteration [1300]. Epoch [0/49]
2025-05-08 02:25:02,710 [MainThread] INFO UNetTrainer - Training iteration [1301]. Epoch [0/49]
2025-05-08 02:26:22,704 [MainThread] INFO UNetTrainer - Training iteration [1302]. Epoch [0/49]
2025-05-08 02:27:45,449 [MainThread] INFO UNetTrainer - Training iteration [1303]. Epoch [0/49]
2025-05-08 02:29:07,347 [MainThread] INFO UNetTrainer - Training iteration [1304]. Epoch [0/49]
2025-05-08 02:30:27,410 [MainThread] INFO UNetTrainer - Training iteration [1305]. Epoch [0/49]
2025-05-08 02:31:47,329 [MainThread] INFO UNetTrainer - Training iteration [1306]. Epoch [0/49]
2025-05-08 02:33:07,149 [MainThread] INFO UNetTrainer - Training iteration [1307]. Epoch [0/49]
2025-05-08 02:34:28,151 [MainThread] INFO UNetTrainer - Training iteration [1308]. Epoch [0/49]
2025-05-08 02:35:48,226 [MainThread] INFO UNetTrainer - Training iteration [1309]. Epoch [0/49]
2025-05-08 02:37:07,475 [MainThread] INFO UNetTrainer - Training iteration [1310]. Epoch [0/49]
2025-05-08 02:38:26,757 [MainThread] INFO UNetTrainer - Training iteration [1311]. Epoch [0/49]
2025-05-08 02:39:47,151 [MainThread] INFO UNetTrainer - Training iteration [1312]. Epoch [0/49]
2025-05-08 02:41:08,101 [MainThread] INFO UNetTrainer - Training iteration [1313]. Epoch [0/49]
2025-05-08 02:42:29,133 [MainThread] INFO UNetTrainer - Training iteration [1314]. Epoch [0/49]
2025-05-08 02:43:51,566 [MainThread] INFO UNetTrainer - Training iteration [1315]. Epoch [0/49]
2025-05-08 02:45:12,229 [MainThread] INFO UNetTrainer - Training iteration [1316]. Epoch [0/49]
2025-05-08 02:46:33,787 [MainThread] INFO UNetTrainer - Training iteration [1317]. Epoch [0/49]
2025-05-08 02:47:56,109 [MainThread] INFO UNetTrainer - Training iteration [1318]. Epoch [0/49]
2025-05-08 02:49:17,034 [MainThread] INFO UNetTrainer - Training iteration [1319]. Epoch [0/49]
2025-05-08 02:50:39,191 [MainThread] INFO UNetTrainer - Training iteration [1320]. Epoch [0/49]
2025-05-08 02:51:59,426 [MainThread] INFO UNetTrainer - Training iteration [1321]. Epoch [0/49]
2025-05-08 02:53:21,760 [MainThread] INFO UNetTrainer - Training iteration [1322]. Epoch [0/49]
2025-05-08 02:54:41,863 [MainThread] INFO UNetTrainer - Training iteration [1323]. Epoch [0/49]
2025-05-08 02:56:03,209 [MainThread] INFO UNetTrainer - Training iteration [1324]. Epoch [0/49]
2025-05-08 02:57:24,103 [MainThread] INFO UNetTrainer - Training iteration [1325]. Epoch [0/49]
2025-05-08 02:58:39,088 [MainThread] INFO UNetTrainer - Training iteration [1326]. Epoch [0/49]
2025-05-08 02:59:56,707 [MainThread] INFO UNetTrainer - Training iteration [1327]. Epoch [0/49]
2025-05-08 03:01:12,293 [MainThread] INFO UNetTrainer - Training iteration [1328]. Epoch [0/49]
2025-05-08 03:02:27,434 [MainThread] INFO UNetTrainer - Training iteration [1329]. Epoch [0/49]
2025-05-08 03:03:42,334 [MainThread] INFO UNetTrainer - Training iteration [1330]. Epoch [0/49]
2025-05-08 03:04:57,468 [MainThread] INFO UNetTrainer - Training iteration [1331]. Epoch [0/49]
2025-05-08 03:06:13,121 [MainThread] INFO UNetTrainer - Training iteration [1332]. Epoch [0/49]
2025-05-08 03:07:27,814 [MainThread] INFO UNetTrainer - Training iteration [1333]. Epoch [0/49]
2025-05-08 03:08:42,365 [MainThread] INFO UNetTrainer - Training iteration [1334]. Epoch [0/49]
2025-05-08 03:09:56,904 [MainThread] INFO UNetTrainer - Training iteration [1335]. Epoch [0/49]
2025-05-08 03:11:12,484 [MainThread] INFO UNetTrainer - Training iteration [1336]. Epoch [0/49]
2025-05-08 03:12:26,953 [MainThread] INFO UNetTrainer - Training iteration [1337]. Epoch [0/49]
2025-05-08 03:13:41,680 [MainThread] INFO UNetTrainer - Training iteration [1338]. Epoch [0/49]
2025-05-08 03:14:55,952 [MainThread] INFO UNetTrainer - Training iteration [1339]. Epoch [0/49]
2025-05-08 03:16:11,282 [MainThread] INFO UNetTrainer - Training iteration [1340]. Epoch [0/49]
2025-05-08 03:17:26,014 [MainThread] INFO UNetTrainer - Training iteration [1341]. Epoch [0/49]
2025-05-08 03:18:40,310 [MainThread] INFO UNetTrainer - Training iteration [1342]. Epoch [0/49]
2025-05-08 03:19:55,186 [MainThread] INFO UNetTrainer - Training iteration [1343]. Epoch [0/49]
2025-05-08 03:21:10,262 [MainThread] INFO UNetTrainer - Training iteration [1344]. Epoch [0/49]
2025-05-08 03:22:25,344 [MainThread] INFO UNetTrainer - Training iteration [1345]. Epoch [0/49]
2025-05-08 03:23:40,028 [MainThread] INFO UNetTrainer - Training iteration [1346]. Epoch [0/49]
2025-05-08 03:24:54,904 [MainThread] INFO UNetTrainer - Training iteration [1347]. Epoch [0/49]
2025-05-08 03:26:09,466 [MainThread] INFO UNetTrainer - Training iteration [1348]. Epoch [0/49]
2025-05-08 03:27:24,114 [MainThread] INFO UNetTrainer - Training iteration [1349]. Epoch [0/49]
2025-05-08 03:28:38,281 [MainThread] INFO UNetTrainer - Training iteration [1350]. Epoch [0/49]
2025-05-08 03:29:52,711 [MainThread] INFO UNetTrainer - Training iteration [1351]. Epoch [0/49]
2025-05-08 03:31:07,339 [MainThread] INFO UNetTrainer - Training iteration [1352]. Epoch [0/49]
2025-05-08 03:32:21,903 [MainThread] INFO UNetTrainer - Training iteration [1353]. Epoch [0/49]
2025-05-08 03:33:36,412 [MainThread] INFO UNetTrainer - Training iteration [1354]. Epoch [0/49]
2025-05-08 03:34:51,047 [MainThread] INFO UNetTrainer - Training iteration [1355]. Epoch [0/49]
2025-05-08 03:36:06,246 [MainThread] INFO UNetTrainer - Training iteration [1356]. Epoch [0/49]
2025-05-08 03:37:21,216 [MainThread] INFO UNetTrainer - Training iteration [1357]. Epoch [0/49]
2025-05-08 03:38:35,497 [MainThread] INFO UNetTrainer - Training iteration [1358]. Epoch [0/49]
2025-05-08 03:39:50,487 [MainThread] INFO UNetTrainer - Training iteration [1359]. Epoch [0/49]
2025-05-08 03:41:05,223 [MainThread] INFO UNetTrainer - Training iteration [1360]. Epoch [0/49]
2025-05-08 03:42:19,445 [MainThread] INFO UNetTrainer - Training iteration [1361]. Epoch [0/49]
2025-05-08 03:43:33,322 [MainThread] INFO UNetTrainer - Training iteration [1362]. Epoch [0/49]
2025-05-08 03:44:47,248 [MainThread] INFO UNetTrainer - Training iteration [1363]. Epoch [0/49]
2025-05-08 03:46:01,757 [MainThread] INFO UNetTrainer - Training iteration [1364]. Epoch [0/49]
2025-05-08 03:47:16,273 [MainThread] INFO UNetTrainer - Training iteration [1365]. Epoch [0/49]
2025-05-08 03:48:30,900 [MainThread] INFO UNetTrainer - Training iteration [1366]. Epoch [0/49]
2025-05-08 03:49:45,068 [MainThread] INFO UNetTrainer - Training iteration [1367]. Epoch [0/49]
2025-05-08 03:50:59,411 [MainThread] INFO UNetTrainer - Training iteration [1368]. Epoch [0/49]
2025-05-08 03:52:13,711 [MainThread] INFO UNetTrainer - Training iteration [1369]. Epoch [0/49]
2025-05-08 03:53:28,347 [MainThread] INFO UNetTrainer - Training iteration [1370]. Epoch [0/49]
2025-05-08 03:54:43,034 [MainThread] INFO UNetTrainer - Training iteration [1371]. Epoch [0/49]
2025-05-08 03:55:57,825 [MainThread] INFO UNetTrainer - Training iteration [1372]. Epoch [0/49]
2025-05-08 03:57:12,225 [MainThread] INFO UNetTrainer - Training iteration [1373]. Epoch [0/49]
2025-05-08 03:58:26,647 [MainThread] INFO UNetTrainer - Training iteration [1374]. Epoch [0/49]
2025-05-08 03:59:41,154 [MainThread] INFO UNetTrainer - Training iteration [1375]. Epoch [0/49]
2025-05-08 04:00:55,999 [MainThread] INFO UNetTrainer - Training iteration [1376]. Epoch [0/49]
2025-05-08 04:02:10,200 [MainThread] INFO UNetTrainer - Training iteration [1377]. Epoch [0/49]
2025-05-08 04:03:24,572 [MainThread] INFO UNetTrainer - Training iteration [1378]. Epoch [0/49]
2025-05-08 04:04:39,053 [MainThread] INFO UNetTrainer - Training iteration [1379]. Epoch [0/49]
2025-05-08 04:05:53,687 [MainThread] INFO UNetTrainer - Training iteration [1380]. Epoch [0/49]
2025-05-08 04:07:08,711 [MainThread] INFO UNetTrainer - Training iteration [1381]. Epoch [0/49]
2025-05-08 04:08:23,253 [MainThread] INFO UNetTrainer - Training iteration [1382]. Epoch [0/49]
2025-05-08 04:09:38,673 [MainThread] INFO UNetTrainer - Training iteration [1383]. Epoch [0/49]
2025-05-08 04:10:53,409 [MainThread] INFO UNetTrainer - Training iteration [1384]. Epoch [0/49]
2025-05-08 04:12:08,472 [MainThread] INFO UNetTrainer - Training iteration [1385]. Epoch [0/49]
2025-05-08 04:13:23,635 [MainThread] INFO UNetTrainer - Training iteration [1386]. Epoch [0/49]
2025-05-08 04:14:38,761 [MainThread] INFO UNetTrainer - Training iteration [1387]. Epoch [0/49]
2025-05-08 04:15:53,674 [MainThread] INFO UNetTrainer - Training iteration [1388]. Epoch [0/49]
2025-05-08 04:17:08,971 [MainThread] INFO UNetTrainer - Training iteration [1389]. Epoch [0/49]
2025-05-08 04:18:23,722 [MainThread] INFO UNetTrainer - Training iteration [1390]. Epoch [0/49]
2025-05-08 04:19:38,261 [MainThread] INFO UNetTrainer - Training iteration [1391]. Epoch [0/49]
2025-05-08 04:20:52,379 [MainThread] INFO UNetTrainer - Training iteration [1392]. Epoch [0/49]
2025-05-08 04:22:07,661 [MainThread] INFO UNetTrainer - Training iteration [1393]. Epoch [0/49]
2025-05-08 04:23:21,859 [MainThread] INFO UNetTrainer - Training iteration [1394]. Epoch [0/49]
2025-05-08 04:24:36,802 [MainThread] INFO UNetTrainer - Training iteration [1395]. Epoch [0/49]
2025-05-08 04:25:51,514 [MainThread] INFO UNetTrainer - Training iteration [1396]. Epoch [0/49]
2025-05-08 04:27:06,010 [MainThread] INFO UNetTrainer - Training iteration [1397]. Epoch [0/49]
2025-05-08 04:28:20,522 [MainThread] INFO UNetTrainer - Training iteration [1398]. Epoch [0/49]
2025-05-08 04:29:35,719 [MainThread] INFO UNetTrainer - Training iteration [1399]. Epoch [0/49]
2025-05-08 04:30:50,579 [MainThread] INFO UNetTrainer - Training iteration [1400]. Epoch [0/49]
2025-05-08 04:32:05,878 [MainThread] INFO UNetTrainer - Training iteration [1401]. Epoch [0/49]
2025-05-08 04:33:20,541 [MainThread] INFO UNetTrainer - Training iteration [1402]. Epoch [0/49]
2025-05-08 04:34:35,516 [MainThread] INFO UNetTrainer - Training iteration [1403]. Epoch [0/49]
2025-05-08 04:35:50,530 [MainThread] INFO UNetTrainer - Training iteration [1404]. Epoch [0/49]
2025-05-08 04:37:05,659 [MainThread] INFO UNetTrainer - Training iteration [1405]. Epoch [0/49]
2025-05-08 04:38:20,112 [MainThread] INFO UNetTrainer - Training iteration [1406]. Epoch [0/49]
2025-05-08 04:39:35,311 [MainThread] INFO UNetTrainer - Training iteration [1407]. Epoch [0/49]
2025-05-08 04:40:50,127 [MainThread] INFO UNetTrainer - Training iteration [1408]. Epoch [0/49]
2025-05-08 04:42:05,387 [MainThread] INFO UNetTrainer - Training iteration [1409]. Epoch [0/49]
2025-05-08 04:43:19,835 [MainThread] INFO UNetTrainer - Training iteration [1410]. Epoch [0/49]
2025-05-08 04:44:34,411 [MainThread] INFO UNetTrainer - Training iteration [1411]. Epoch [0/49]
2025-05-08 04:45:49,467 [MainThread] INFO UNetTrainer - Training iteration [1412]. Epoch [0/49]
2025-05-08 04:47:04,592 [MainThread] INFO UNetTrainer - Training iteration [1413]. Epoch [0/49]
2025-05-08 04:48:19,076 [MainThread] INFO UNetTrainer - Training iteration [1414]. Epoch [0/49]
2025-05-08 04:49:33,700 [MainThread] INFO UNetTrainer - Training iteration [1415]. Epoch [0/49]
2025-05-08 04:50:48,180 [MainThread] INFO UNetTrainer - Training iteration [1416]. Epoch [0/49]
2025-05-08 04:52:02,491 [MainThread] INFO UNetTrainer - Training iteration [1417]. Epoch [0/49]
2025-05-08 04:53:17,173 [MainThread] INFO UNetTrainer - Training iteration [1418]. Epoch [0/49]
2025-05-08 04:54:32,381 [MainThread] INFO UNetTrainer - Training iteration [1419]. Epoch [0/49]
2025-05-08 04:55:46,968 [MainThread] INFO UNetTrainer - Training iteration [1420]. Epoch [0/49]
2025-05-08 04:57:02,563 [MainThread] INFO UNetTrainer - Training iteration [1421]. Epoch [0/49]
2025-05-08 04:58:17,034 [MainThread] INFO UNetTrainer - Training iteration [1422]. Epoch [0/49]
2025-05-08 04:59:31,930 [MainThread] INFO UNetTrainer - Training iteration [1423]. Epoch [0/49]
2025-05-08 05:00:46,764 [MainThread] INFO UNetTrainer - Training iteration [1424]. Epoch [0/49]
2025-05-08 05:02:02,198 [MainThread] INFO UNetTrainer - Training iteration [1425]. Epoch [0/49]
2025-05-08 05:03:16,584 [MainThread] INFO UNetTrainer - Training iteration [1426]. Epoch [0/49]
2025-05-08 05:04:30,883 [MainThread] INFO UNetTrainer - Training iteration [1427]. Epoch [0/49]
2025-05-08 05:05:45,785 [MainThread] INFO UNetTrainer - Training iteration [1428]. Epoch [0/49]
2025-05-08 05:07:00,691 [MainThread] INFO UNetTrainer - Training iteration [1429]. Epoch [0/49]
2025-05-08 05:08:15,096 [MainThread] INFO UNetTrainer - Training iteration [1430]. Epoch [0/49]
2025-05-08 05:09:29,771 [MainThread] INFO UNetTrainer - Training iteration [1431]. Epoch [0/49]
2025-05-08 05:10:44,600 [MainThread] INFO UNetTrainer - Training iteration [1432]. Epoch [0/49]
2025-05-08 05:11:59,435 [MainThread] INFO UNetTrainer - Training iteration [1433]. Epoch [0/49]
2025-05-08 05:13:13,451 [MainThread] INFO UNetTrainer - Training iteration [1434]. Epoch [0/49]
2025-05-08 05:14:27,913 [MainThread] INFO UNetTrainer - Training iteration [1435]. Epoch [0/49]
2025-05-08 05:15:42,006 [MainThread] INFO UNetTrainer - Training iteration [1436]. Epoch [0/49]
2025-05-08 05:16:56,669 [MainThread] INFO UNetTrainer - Training iteration [1437]. Epoch [0/49]
2025-05-08 05:18:11,018 [MainThread] INFO UNetTrainer - Training iteration [1438]. Epoch [0/49]
2025-05-08 05:19:25,429 [MainThread] INFO UNetTrainer - Training iteration [1439]. Epoch [0/49]
2025-05-08 05:20:39,993 [MainThread] INFO UNetTrainer - Training iteration [1440]. Epoch [0/49]
2025-05-08 05:21:54,805 [MainThread] INFO UNetTrainer - Training iteration [1441]. Epoch [0/49]
2025-05-08 05:23:09,047 [MainThread] INFO UNetTrainer - Training iteration [1442]. Epoch [0/49]
2025-05-08 05:24:23,689 [MainThread] INFO UNetTrainer - Training iteration [1443]. Epoch [0/49]
2025-05-08 05:25:38,567 [MainThread] INFO UNetTrainer - Training iteration [1444]. Epoch [0/49]
2025-05-08 05:26:53,545 [MainThread] INFO UNetTrainer - Training iteration [1445]. Epoch [0/49]
2025-05-08 05:28:08,177 [MainThread] INFO UNetTrainer - Training iteration [1446]. Epoch [0/49]
2025-05-08 05:29:22,974 [MainThread] INFO UNetTrainer - Training iteration [1447]. Epoch [0/49]
2025-05-08 05:30:37,671 [MainThread] INFO UNetTrainer - Training iteration [1448]. Epoch [0/49]
2025-05-08 05:31:53,174 [MainThread] INFO UNetTrainer - Training iteration [1449]. Epoch [0/49]
2025-05-08 05:33:07,657 [MainThread] INFO UNetTrainer - Training iteration [1450]. Epoch [0/49]
2025-05-08 05:34:22,949 [MainThread] INFO UNetTrainer - Training iteration [1451]. Epoch [0/49]
2025-05-08 05:35:37,496 [MainThread] INFO UNetTrainer - Training iteration [1452]. Epoch [0/49]
2025-05-08 05:36:51,670 [MainThread] INFO UNetTrainer - Training iteration [1453]. Epoch [0/49]
2025-05-08 05:38:05,940 [MainThread] INFO UNetTrainer - Training iteration [1454]. Epoch [0/49]
2025-05-08 05:39:20,991 [MainThread] INFO UNetTrainer - Training iteration [1455]. Epoch [0/49]
2025-05-08 05:40:35,967 [MainThread] INFO UNetTrainer - Training iteration [1456]. Epoch [0/49]
2025-05-08 05:41:51,134 [MainThread] INFO UNetTrainer - Training iteration [1457]. Epoch [0/49]
2025-05-08 05:43:05,750 [MainThread] INFO UNetTrainer - Training iteration [1458]. Epoch [0/49]
2025-05-08 05:44:20,604 [MainThread] INFO UNetTrainer - Training iteration [1459]. Epoch [0/49]
2025-05-08 05:45:35,146 [MainThread] INFO UNetTrainer - Training iteration [1460]. Epoch [0/49]
2025-05-08 05:46:49,927 [MainThread] INFO UNetTrainer - Training iteration [1461]. Epoch [0/49]
2025-05-08 05:48:04,000 [MainThread] INFO UNetTrainer - Training iteration [1462]. Epoch [0/49]
2025-05-08 05:49:19,373 [MainThread] INFO UNetTrainer - Training iteration [1463]. Epoch [0/49]
2025-05-08 05:50:33,940 [MainThread] INFO UNetTrainer - Training iteration [1464]. Epoch [0/49]
2025-05-08 05:51:48,957 [MainThread] INFO UNetTrainer - Training iteration [1465]. Epoch [0/49]
2025-05-08 05:53:03,439 [MainThread] INFO UNetTrainer - Training iteration [1466]. Epoch [0/49]
2025-05-08 05:54:18,327 [MainThread] INFO UNetTrainer - Training iteration [1467]. Epoch [0/49]
2025-05-08 05:55:33,087 [MainThread] INFO UNetTrainer - Training iteration [1468]. Epoch [0/49]
2025-05-08 05:56:47,174 [MainThread] INFO UNetTrainer - Training iteration [1469]. Epoch [0/49]
2025-05-08 05:58:01,299 [MainThread] INFO UNetTrainer - Training iteration [1470]. Epoch [0/49]
2025-05-08 05:59:16,363 [MainThread] INFO UNetTrainer - Training iteration [1471]. Epoch [0/49]
2025-05-08 06:00:31,005 [MainThread] INFO UNetTrainer - Training iteration [1472]. Epoch [0/49]
2025-05-08 06:01:45,598 [MainThread] INFO UNetTrainer - Training iteration [1473]. Epoch [0/49]
2025-05-08 06:03:00,263 [MainThread] INFO UNetTrainer - Training iteration [1474]. Epoch [0/49]
2025-05-08 06:04:15,289 [MainThread] INFO UNetTrainer - Training iteration [1475]. Epoch [0/49]
2025-05-08 06:05:29,916 [MainThread] INFO UNetTrainer - Training iteration [1476]. Epoch [0/49]
2025-05-08 06:06:45,113 [MainThread] INFO UNetTrainer - Training iteration [1477]. Epoch [0/49]
2025-05-08 06:07:59,960 [MainThread] INFO UNetTrainer - Training iteration [1478]. Epoch [0/49]
2025-05-08 06:09:15,134 [MainThread] INFO UNetTrainer - Training iteration [1479]. Epoch [0/49]
2025-05-08 06:10:29,953 [MainThread] INFO UNetTrainer - Training iteration [1480]. Epoch [0/49]
2025-05-08 06:11:44,877 [MainThread] INFO UNetTrainer - Training iteration [1481]. Epoch [0/49]
2025-05-08 06:12:59,425 [MainThread] INFO UNetTrainer - Training iteration [1482]. Epoch [0/49]
2025-05-08 06:14:14,521 [MainThread] INFO UNetTrainer - Training iteration [1483]. Epoch [0/49]
2025-05-08 06:15:29,353 [MainThread] INFO UNetTrainer - Training iteration [1484]. Epoch [0/49]
2025-05-08 06:16:44,131 [MainThread] INFO UNetTrainer - Training iteration [1485]. Epoch [0/49]
2025-05-08 06:17:58,212 [MainThread] INFO UNetTrainer - Training iteration [1486]. Epoch [0/49]
2025-05-08 06:19:12,439 [MainThread] INFO UNetTrainer - Training iteration [1487]. Epoch [0/49]
2025-05-08 06:20:26,889 [MainThread] INFO UNetTrainer - Training iteration [1488]. Epoch [0/49]
2025-05-08 06:21:41,413 [MainThread] INFO UNetTrainer - Training iteration [1489]. Epoch [0/49]
2025-05-08 06:22:55,569 [MainThread] INFO UNetTrainer - Training iteration [1490]. Epoch [0/49]
2025-05-08 06:24:09,707 [MainThread] INFO UNetTrainer - Training iteration [1491]. Epoch [0/49]
2025-05-08 06:25:24,040 [MainThread] INFO UNetTrainer - Training iteration [1492]. Epoch [0/49]
2025-05-08 06:26:38,376 [MainThread] INFO UNetTrainer - Training iteration [1493]. Epoch [0/49]
2025-05-08 06:27:52,878 [MainThread] INFO UNetTrainer - Training iteration [1494]. Epoch [0/49]
2025-05-08 06:29:08,214 [MainThread] INFO UNetTrainer - Training iteration [1495]. Epoch [0/49]
2025-05-08 06:30:22,933 [MainThread] INFO UNetTrainer - Training iteration [1496]. Epoch [0/49]
2025-05-08 06:31:38,059 [MainThread] INFO UNetTrainer - Training iteration [1497]. Epoch [0/49]
2025-05-08 06:32:52,391 [MainThread] INFO UNetTrainer - Training iteration [1498]. Epoch [0/49]
2025-05-08 06:34:07,638 [MainThread] INFO UNetTrainer - Training iteration [1499]. Epoch [0/49]
2025-05-08 06:35:22,306 [MainThread] INFO UNetTrainer - Training iteration [1500]. Epoch [0/49]
2025-05-08 06:36:37,910 [MainThread] INFO UNetTrainer - Training iteration [1501]. Epoch [0/49]
2025-05-08 06:37:53,095 [MainThread] INFO UNetTrainer - Training iteration [1502]. Epoch [0/49]
2025-05-08 06:39:08,222 [MainThread] INFO UNetTrainer - Training iteration [1503]. Epoch [0/49]
2025-05-08 06:40:23,213 [MainThread] INFO UNetTrainer - Training iteration [1504]. Epoch [0/49]
2025-05-08 06:41:38,151 [MainThread] INFO UNetTrainer - Training iteration [1505]. Epoch [0/49]
2025-05-08 06:42:52,659 [MainThread] INFO UNetTrainer - Training iteration [1506]. Epoch [0/49]
2025-05-08 06:44:07,663 [MainThread] INFO UNetTrainer - Training iteration [1507]. Epoch [0/49]
2025-05-08 06:45:22,244 [MainThread] INFO UNetTrainer - Training iteration [1508]. Epoch [0/49]
2025-05-08 06:46:37,194 [MainThread] INFO UNetTrainer - Training iteration [1509]. Epoch [0/49]
2025-05-08 06:47:51,789 [MainThread] INFO UNetTrainer - Training iteration [1510]. Epoch [0/49]
2025-05-08 06:49:07,098 [MainThread] INFO UNetTrainer - Training iteration [1511]. Epoch [0/49]
2025-05-08 06:50:21,673 [MainThread] INFO UNetTrainer - Training iteration [1512]. Epoch [0/49]
2025-05-08 06:51:36,312 [MainThread] INFO UNetTrainer - Training iteration [1513]. Epoch [0/49]
2025-05-08 06:52:51,022 [MainThread] INFO UNetTrainer - Training iteration [1514]. Epoch [0/49]
2025-05-08 06:54:05,977 [MainThread] INFO UNetTrainer - Training iteration [1515]. Epoch [0/49]
2025-05-08 06:55:20,732 [MainThread] INFO UNetTrainer - Training iteration [1516]. Epoch [0/49]
2025-05-08 06:56:35,283 [MainThread] INFO UNetTrainer - Training iteration [1517]. Epoch [0/49]
2025-05-08 06:57:50,124 [MainThread] INFO UNetTrainer - Training iteration [1518]. Epoch [0/49]
2025-05-08 06:59:04,458 [MainThread] INFO UNetTrainer - Training iteration [1519]. Epoch [0/49]
2025-05-08 07:00:18,738 [MainThread] INFO UNetTrainer - Training iteration [1520]. Epoch [0/49]
2025-05-08 07:01:32,917 [MainThread] INFO UNetTrainer - Training iteration [1521]. Epoch [0/49]
2025-05-08 07:02:47,045 [MainThread] INFO UNetTrainer - Training iteration [1522]. Epoch [0/49]
2025-05-08 07:04:01,876 [MainThread] INFO UNetTrainer - Training iteration [1523]. Epoch [0/49]
2025-05-08 07:05:16,059 [MainThread] INFO UNetTrainer - Training iteration [1524]. Epoch [0/49]
2025-05-08 07:06:31,541 [MainThread] INFO UNetTrainer - Training iteration [1525]. Epoch [0/49]
2025-05-08 07:07:45,872 [MainThread] INFO UNetTrainer - Training iteration [1526]. Epoch [0/49]
2025-05-08 07:09:00,778 [MainThread] INFO UNetTrainer - Training iteration [1527]. Epoch [0/49]
2025-05-08 07:10:15,470 [MainThread] INFO UNetTrainer - Training iteration [1528]. Epoch [0/49]
2025-05-08 07:11:30,030 [MainThread] INFO UNetTrainer - Training iteration [1529]. Epoch [0/49]
2025-05-08 07:12:44,911 [MainThread] INFO UNetTrainer - Training iteration [1530]. Epoch [0/49]
2025-05-08 07:13:59,229 [MainThread] INFO UNetTrainer - Training iteration [1531]. Epoch [0/49]
2025-05-08 07:15:13,821 [MainThread] INFO UNetTrainer - Training iteration [1532]. Epoch [0/49]
2025-05-08 07:16:28,939 [MainThread] INFO UNetTrainer - Training iteration [1533]. Epoch [0/49]
2025-05-08 07:17:43,305 [MainThread] INFO UNetTrainer - Training iteration [1534]. Epoch [0/49]
2025-05-08 07:18:58,202 [MainThread] INFO UNetTrainer - Training iteration [1535]. Epoch [0/49]
2025-05-08 07:20:12,714 [MainThread] INFO UNetTrainer - Training iteration [1536]. Epoch [0/49]
2025-05-08 07:21:28,216 [MainThread] INFO UNetTrainer - Training iteration [1537]. Epoch [0/49]
2025-05-08 07:22:42,802 [MainThread] INFO UNetTrainer - Training iteration [1538]. Epoch [0/49]
2025-05-08 07:23:57,535 [MainThread] INFO UNetTrainer - Training iteration [1539]. Epoch [0/49]
2025-05-08 07:25:12,011 [MainThread] INFO UNetTrainer - Training iteration [1540]. Epoch [0/49]
2025-05-08 07:26:27,571 [MainThread] INFO UNetTrainer - Training iteration [1541]. Epoch [0/49]
2025-05-08 07:27:41,978 [MainThread] INFO UNetTrainer - Training iteration [1542]. Epoch [0/49]
2025-05-08 07:28:56,533 [MainThread] INFO UNetTrainer - Training iteration [1543]. Epoch [0/49]
2025-05-08 07:30:11,236 [MainThread] INFO UNetTrainer - Training iteration [1544]. Epoch [0/49]
2025-05-08 07:31:26,405 [MainThread] INFO UNetTrainer - Training iteration [1545]. Epoch [0/49]
2025-05-08 07:32:41,074 [MainThread] INFO UNetTrainer - Training iteration [1546]. Epoch [0/49]
2025-05-08 07:33:55,997 [MainThread] INFO UNetTrainer - Training iteration [1547]. Epoch [0/49]
2025-05-08 07:35:10,580 [MainThread] INFO UNetTrainer - Training iteration [1548]. Epoch [0/49]
2025-05-08 07:36:26,221 [MainThread] INFO UNetTrainer - Training iteration [1549]. Epoch [0/49]
2025-05-08 07:37:40,881 [MainThread] INFO UNetTrainer - Training iteration [1550]. Epoch [0/49]
2025-05-08 07:38:55,677 [MainThread] INFO UNetTrainer - Training iteration [1551]. Epoch [0/49]
2025-05-08 07:40:10,696 [MainThread] INFO UNetTrainer - Training iteration [1552]. Epoch [0/49]
2025-05-08 07:41:25,836 [MainThread] INFO UNetTrainer - Training iteration [1553]. Epoch [0/49]
2025-05-08 07:42:40,450 [MainThread] INFO UNetTrainer - Training iteration [1554]. Epoch [0/49]
2025-05-08 07:43:55,127 [MainThread] INFO UNetTrainer - Training iteration [1555]. Epoch [0/49]
2025-05-08 07:45:09,834 [MainThread] INFO UNetTrainer - Training iteration [1556]. Epoch [0/49]
2025-05-08 07:46:24,742 [MainThread] INFO UNetTrainer - Training iteration [1557]. Epoch [0/49]
2025-05-08 07:47:39,384 [MainThread] INFO UNetTrainer - Training iteration [1558]. Epoch [0/49]
2025-05-08 07:48:53,347 [MainThread] INFO UNetTrainer - Training iteration [1559]. Epoch [0/49]
2025-05-08 07:50:07,222 [MainThread] INFO UNetTrainer - Training iteration [1560]. Epoch [0/49]
2025-05-08 07:51:21,856 [MainThread] INFO UNetTrainer - Training iteration [1561]. Epoch [0/49]
2025-05-08 07:52:36,312 [MainThread] INFO UNetTrainer - Training iteration [1562]. Epoch [0/49]
2025-05-08 07:53:51,152 [MainThread] INFO UNetTrainer - Training iteration [1563]. Epoch [0/49]
2025-05-08 07:55:06,037 [MainThread] INFO UNetTrainer - Training iteration [1564]. Epoch [0/49]
2025-05-08 07:56:21,351 [MainThread] INFO UNetTrainer - Training iteration [1565]. Epoch [0/49]
2025-05-08 07:57:36,069 [MainThread] INFO UNetTrainer - Training iteration [1566]. Epoch [0/49]
2025-05-08 07:58:50,544 [MainThread] INFO UNetTrainer - Training iteration [1567]. Epoch [0/49]
2025-05-08 08:00:04,745 [MainThread] INFO UNetTrainer - Training iteration [1568]. Epoch [0/49]
2025-05-08 08:01:19,251 [MainThread] INFO UNetTrainer - Training iteration [1569]. Epoch [0/49]
2025-05-08 08:02:33,432 [MainThread] INFO UNetTrainer - Training iteration [1570]. Epoch [0/49]
2025-05-08 08:03:47,662 [MainThread] INFO UNetTrainer - Training iteration [1571]. Epoch [0/49]
2025-05-08 08:05:02,023 [MainThread] INFO UNetTrainer - Training iteration [1572]. Epoch [0/49]
2025-05-08 08:06:16,418 [MainThread] INFO UNetTrainer - Training iteration [1573]. Epoch [0/49]
2025-05-08 08:07:30,772 [MainThread] INFO UNetTrainer - Training iteration [1574]. Epoch [0/49]
2025-05-08 08:08:46,044 [MainThread] INFO UNetTrainer - Training iteration [1575]. Epoch [0/49]
2025-05-08 08:10:00,570 [MainThread] INFO UNetTrainer - Training iteration [1576]. Epoch [0/49]
2025-05-08 08:11:15,168 [MainThread] INFO UNetTrainer - Training iteration [1577]. Epoch [0/49]
2025-05-08 08:12:29,770 [MainThread] INFO UNetTrainer - Training iteration [1578]. Epoch [0/49]
2025-05-08 08:13:44,321 [MainThread] INFO UNetTrainer - Training iteration [1579]. Epoch [0/49]
2025-05-08 08:14:58,948 [MainThread] INFO UNetTrainer - Training iteration [1580]. Epoch [0/49]
2025-05-08 08:16:14,197 [MainThread] INFO UNetTrainer - Training iteration [1581]. Epoch [0/49]
2025-05-08 08:17:28,694 [MainThread] INFO UNetTrainer - Training iteration [1582]. Epoch [0/49]
2025-05-08 08:18:44,010 [MainThread] INFO UNetTrainer - Training iteration [1583]. Epoch [0/49]
2025-05-08 08:19:58,552 [MainThread] INFO UNetTrainer - Training iteration [1584]. Epoch [0/49]
2025-05-08 08:21:13,374 [MainThread] INFO UNetTrainer - Training iteration [1585]. Epoch [0/49]
2025-05-08 08:22:28,275 [MainThread] INFO UNetTrainer - Training iteration [1586]. Epoch [0/49]
2025-05-08 08:23:43,439 [MainThread] INFO UNetTrainer - Training iteration [1587]. Epoch [0/49]
2025-05-08 08:24:58,367 [MainThread] INFO UNetTrainer - Training iteration [1588]. Epoch [0/49]
2025-05-08 08:26:13,426 [MainThread] INFO UNetTrainer - Training iteration [1589]. Epoch [0/49]
2025-05-08 08:27:27,758 [MainThread] INFO UNetTrainer - Training iteration [1590]. Epoch [0/49]
2025-05-08 08:28:41,620 [MainThread] INFO UNetTrainer - Training iteration [1591]. Epoch [0/49]
2025-05-08 08:29:55,699 [MainThread] INFO UNetTrainer - Training iteration [1592]. Epoch [0/49]
2025-05-08 08:31:10,281 [MainThread] INFO UNetTrainer - Training iteration [1593]. Epoch [0/49]
2025-05-08 08:32:25,028 [MainThread] INFO UNetTrainer - Training iteration [1594]. Epoch [0/49]
2025-05-08 08:33:39,415 [MainThread] INFO UNetTrainer - Training iteration [1595]. Epoch [0/49]
2025-05-08 08:34:53,726 [MainThread] INFO UNetTrainer - Training iteration [1596]. Epoch [0/49]
2025-05-08 08:36:08,266 [MainThread] INFO UNetTrainer - Training iteration [1597]. Epoch [0/49]
2025-05-08 08:37:23,498 [MainThread] INFO UNetTrainer - Training iteration [1598]. Epoch [0/49]
2025-05-08 08:38:38,512 [MainThread] INFO UNetTrainer - Training iteration [1599]. Epoch [0/49]
2025-05-08 08:39:52,944 [MainThread] INFO UNetTrainer - Training iteration [1600]. Epoch [0/49]
2025-05-08 08:41:08,362 [MainThread] INFO UNetTrainer - Training iteration [1601]. Epoch [0/49]
2025-05-08 08:42:22,635 [MainThread] INFO UNetTrainer - Training iteration [1602]. Epoch [0/49]
2025-05-08 08:43:37,163 [MainThread] INFO UNetTrainer - Training iteration [1603]. Epoch [0/49]
2025-05-08 08:44:51,694 [MainThread] INFO UNetTrainer - Training iteration [1604]. Epoch [0/49]
2025-05-08 08:46:07,396 [MainThread] INFO UNetTrainer - Training iteration [1605]. Epoch [0/49]
2025-05-08 08:47:22,267 [MainThread] INFO UNetTrainer - Training iteration [1606]. Epoch [0/49]
2025-05-08 08:48:37,614 [MainThread] INFO UNetTrainer - Training iteration [1607]. Epoch [0/49]
2025-05-08 08:49:52,172 [MainThread] INFO UNetTrainer - Training iteration [1608]. Epoch [0/49]
2025-05-08 08:51:06,530 [MainThread] INFO UNetTrainer - Training iteration [1609]. Epoch [0/49]
2025-05-08 08:52:20,854 [MainThread] INFO UNetTrainer - Training iteration [1610]. Epoch [0/49]
2025-05-08 08:53:35,038 [MainThread] INFO UNetTrainer - Training iteration [1611]. Epoch [0/49]
2025-05-08 08:54:49,801 [MainThread] INFO UNetTrainer - Training iteration [1612]. Epoch [0/49]
2025-05-08 08:56:04,683 [MainThread] INFO UNetTrainer - Training iteration [1613]. Epoch [0/49]
2025-05-08 08:57:19,266 [MainThread] INFO UNetTrainer - Training iteration [1614]. Epoch [0/49]
2025-05-08 08:58:34,115 [MainThread] INFO UNetTrainer - Training iteration [1615]. Epoch [0/49]
2025-05-08 08:59:48,515 [MainThread] INFO UNetTrainer - Training iteration [1616]. Epoch [0/49]
2025-05-08 09:01:03,240 [MainThread] INFO UNetTrainer - Training iteration [1617]. Epoch [0/49]
2025-05-08 09:02:18,019 [MainThread] INFO UNetTrainer - Training iteration [1618]. Epoch [0/49]
2025-05-08 09:03:32,948 [MainThread] INFO UNetTrainer - Training iteration [1619]. Epoch [0/49]
2025-05-08 09:04:47,855 [MainThread] INFO UNetTrainer - Training iteration [1620]. Epoch [0/49]
2025-05-08 09:06:02,523 [MainThread] INFO UNetTrainer - Training iteration [1621]. Epoch [0/49]
2025-05-08 09:07:17,251 [MainThread] INFO UNetTrainer - Training iteration [1622]. Epoch [0/49]
2025-05-08 09:08:32,233 [MainThread] INFO UNetTrainer - Training iteration [1623]. Epoch [0/49]
2025-05-08 09:09:46,903 [MainThread] INFO UNetTrainer - Training iteration [1624]. Epoch [0/49]
2025-05-08 09:11:01,792 [MainThread] INFO UNetTrainer - Training iteration [1625]. Epoch [0/49]
2025-05-08 09:12:16,397 [MainThread] INFO UNetTrainer - Training iteration [1626]. Epoch [0/49]
2025-05-08 09:13:31,281 [MainThread] INFO UNetTrainer - Training iteration [1627]. Epoch [0/49]
2025-05-08 09:14:45,795 [MainThread] INFO UNetTrainer - Training iteration [1628]. Epoch [0/49]
2025-05-08 09:16:00,953 [MainThread] INFO UNetTrainer - Training iteration [1629]. Epoch [0/49]
2025-05-08 09:17:15,714 [MainThread] INFO UNetTrainer - Training iteration [1630]. Epoch [0/49]
2025-05-08 09:18:30,630 [MainThread] INFO UNetTrainer - Training iteration [1631]. Epoch [0/49]
2025-05-08 09:19:45,190 [MainThread] INFO UNetTrainer - Training iteration [1632]. Epoch [0/49]
2025-05-08 09:21:00,337 [MainThread] INFO UNetTrainer - Training iteration [1633]. Epoch [0/49]
2025-05-08 09:22:14,926 [MainThread] INFO UNetTrainer - Training iteration [1634]. Epoch [0/49]
2025-05-08 09:23:30,030 [MainThread] INFO UNetTrainer - Training iteration [1635]. Epoch [0/49]
2025-05-08 09:24:44,724 [MainThread] INFO UNetTrainer - Training iteration [1636]. Epoch [0/49]
2025-05-08 09:26:00,016 [MainThread] INFO UNetTrainer - Training iteration [1637]. Epoch [0/49]
2025-05-08 09:27:14,655 [MainThread] INFO UNetTrainer - Training iteration [1638]. Epoch [0/49]
2025-05-08 09:28:29,759 [MainThread] INFO UNetTrainer - Training iteration [1639]. Epoch [0/49]
2025-05-08 09:29:44,190 [MainThread] INFO UNetTrainer - Training iteration [1640]. Epoch [0/49]
2025-05-08 09:30:59,090 [MainThread] INFO UNetTrainer - Training iteration [1641]. Epoch [0/49]
2025-05-08 09:32:13,571 [MainThread] INFO UNetTrainer - Training iteration [1642]. Epoch [0/49]
2025-05-08 09:33:27,990 [MainThread] INFO UNetTrainer - Training iteration [1643]. Epoch [0/49]
2025-05-08 09:34:42,679 [MainThread] INFO UNetTrainer - Training iteration [1644]. Epoch [0/49]
2025-05-08 09:35:58,118 [MainThread] INFO UNetTrainer - Training iteration [1645]. Epoch [0/49]
2025-05-08 09:37:12,753 [MainThread] INFO UNetTrainer - Training iteration [1646]. Epoch [0/49]
2025-05-08 09:38:27,974 [MainThread] INFO UNetTrainer - Training iteration [1647]. Epoch [0/49]
2025-05-08 09:39:42,410 [MainThread] INFO UNetTrainer - Training iteration [1648]. Epoch [0/49]
2025-05-08 09:40:57,478 [MainThread] INFO UNetTrainer - Training iteration [1649]. Epoch [0/49]
2025-05-08 09:42:11,986 [MainThread] INFO UNetTrainer - Training iteration [1650]. Epoch [0/49]
2025-05-08 09:43:26,854 [MainThread] INFO UNetTrainer - Training iteration [1651]. Epoch [0/49]
2025-05-08 09:44:41,513 [MainThread] INFO UNetTrainer - Training iteration [1652]. Epoch [0/49]
2025-05-08 09:45:56,988 [MainThread] INFO UNetTrainer - Training iteration [1653]. Epoch [0/49]
2025-05-08 09:47:11,213 [MainThread] INFO UNetTrainer - Training iteration [1654]. Epoch [0/49]
2025-05-08 09:48:26,417 [MainThread] INFO UNetTrainer - Training iteration [1655]. Epoch [0/49]
2025-05-08 09:49:41,145 [MainThread] INFO UNetTrainer - Training iteration [1656]. Epoch [0/49]
2025-05-08 09:50:56,450 [MainThread] INFO UNetTrainer - Training iteration [1657]. Epoch [0/49]
2025-05-08 09:52:11,172 [MainThread] INFO UNetTrainer - Training iteration [1658]. Epoch [0/49]
2025-05-08 09:53:25,999 [MainThread] INFO UNetTrainer - Training iteration [1659]. Epoch [0/49]
2025-05-08 09:54:41,111 [MainThread] INFO UNetTrainer - Training iteration [1660]. Epoch [0/49]
2025-05-08 09:55:55,943 [MainThread] INFO UNetTrainer - Training iteration [1661]. Epoch [0/49]
2025-05-08 09:57:10,749 [MainThread] INFO UNetTrainer - Training iteration [1662]. Epoch [0/49]
2025-05-08 09:58:25,550 [MainThread] INFO UNetTrainer - Training iteration [1663]. Epoch [0/49]
2025-05-08 09:59:39,965 [MainThread] INFO UNetTrainer - Training iteration [1664]. Epoch [0/49]
2025-05-08 10:00:54,743 [MainThread] INFO UNetTrainer - Training iteration [1665]. Epoch [0/49]
2025-05-08 10:02:09,416 [MainThread] INFO UNetTrainer - Training iteration [1666]. Epoch [0/49]
2025-05-08 10:03:24,037 [MainThread] INFO UNetTrainer - Training iteration [1667]. Epoch [0/49]
2025-05-08 10:04:38,315 [MainThread] INFO UNetTrainer - Training iteration [1668]. Epoch [0/49]
2025-05-08 10:05:53,467 [MainThread] INFO UNetTrainer - Training iteration [1669]. Epoch [0/49]
2025-05-08 10:07:07,956 [MainThread] INFO UNetTrainer - Training iteration [1670]. Epoch [0/49]
2025-05-08 10:08:23,169 [MainThread] INFO UNetTrainer - Training iteration [1671]. Epoch [0/49]
2025-05-08 10:09:37,922 [MainThread] INFO UNetTrainer - Training iteration [1672]. Epoch [0/49]
2025-05-08 10:10:53,560 [MainThread] INFO UNetTrainer - Training iteration [1673]. Epoch [0/49]
2025-05-08 10:12:08,113 [MainThread] INFO UNetTrainer - Training iteration [1674]. Epoch [0/49]
2025-05-08 10:13:22,492 [MainThread] INFO UNetTrainer - Training iteration [1675]. Epoch [0/49]
2025-05-08 10:14:37,041 [MainThread] INFO UNetTrainer - Training iteration [1676]. Epoch [0/49]
2025-05-08 10:15:51,690 [MainThread] INFO UNetTrainer - Training iteration [1677]. Epoch [0/49]
2025-05-08 10:17:06,599 [MainThread] INFO UNetTrainer - Training iteration [1678]. Epoch [0/49]
2025-05-08 10:18:21,150 [MainThread] INFO UNetTrainer - Training iteration [1679]. Epoch [0/49]
2025-05-08 10:19:35,776 [MainThread] INFO UNetTrainer - Training iteration [1680]. Epoch [0/49]
2025-05-08 10:20:50,843 [MainThread] INFO UNetTrainer - Training iteration [1681]. Epoch [0/49]
2025-05-08 10:22:05,653 [MainThread] INFO UNetTrainer - Training iteration [1682]. Epoch [0/49]
2025-05-08 10:23:20,498 [MainThread] INFO UNetTrainer - Training iteration [1683]. Epoch [0/49]
2025-05-08 10:24:34,967 [MainThread] INFO UNetTrainer - Training iteration [1684]. Epoch [0/49]
2025-05-08 10:25:50,156 [MainThread] INFO UNetTrainer - Training iteration [1685]. Epoch [0/49]
2025-05-08 10:27:04,689 [MainThread] INFO UNetTrainer - Training iteration [1686]. Epoch [0/49]
2025-05-08 10:28:19,614 [MainThread] INFO UNetTrainer - Training iteration [1687]. Epoch [0/49]
2025-05-08 10:29:34,263 [MainThread] INFO UNetTrainer - Training iteration [1688]. Epoch [0/49]
2025-05-08 10:30:49,087 [MainThread] INFO UNetTrainer - Training iteration [1689]. Epoch [0/49]
2025-05-08 10:32:03,521 [MainThread] INFO UNetTrainer - Training iteration [1690]. Epoch [0/49]
2025-05-08 10:33:18,725 [MainThread] INFO UNetTrainer - Training iteration [1691]. Epoch [0/49]
2025-05-08 10:34:33,624 [MainThread] INFO UNetTrainer - Training iteration [1692]. Epoch [0/49]
2025-05-08 10:35:48,058 [MainThread] INFO UNetTrainer - Training iteration [1693]. Epoch [0/49]
2025-05-08 10:37:02,546 [MainThread] INFO UNetTrainer - Training iteration [1694]. Epoch [0/49]
2025-05-08 10:38:17,531 [MainThread] INFO UNetTrainer - Training iteration [1695]. Epoch [0/49]
2025-05-08 10:39:31,970 [MainThread] INFO UNetTrainer - Training iteration [1696]. Epoch [0/49]
2025-05-08 10:40:47,385 [MainThread] INFO UNetTrainer - Training iteration [1697]. Epoch [0/49]
2025-05-08 10:42:01,977 [MainThread] INFO UNetTrainer - Training iteration [1698]. Epoch [0/49]
2025-05-08 10:43:17,046 [MainThread] INFO UNetTrainer - Training iteration [1699]. Epoch [0/49]
2025-05-08 10:44:31,669 [MainThread] INFO UNetTrainer - Training iteration [1700]. Epoch [0/49]
2025-05-08 10:45:47,064 [MainThread] INFO UNetTrainer - Training iteration [1701]. Epoch [0/49]
2025-05-08 10:47:01,597 [MainThread] INFO UNetTrainer - Training iteration [1702]. Epoch [0/49]
2025-05-08 10:48:16,448 [MainThread] INFO UNetTrainer - Training iteration [1703]. Epoch [0/49]
2025-05-08 10:49:31,269 [MainThread] INFO UNetTrainer - Training iteration [1704]. Epoch [0/49]
2025-05-08 10:50:45,579 [MainThread] INFO UNetTrainer - Training iteration [1705]. Epoch [0/49]
2025-05-08 10:51:59,808 [MainThread] INFO UNetTrainer - Training iteration [1706]. Epoch [0/49]
2025-05-08 10:53:14,453 [MainThread] INFO UNetTrainer - Training iteration [1707]. Epoch [0/49]
2025-05-08 10:54:29,086 [MainThread] INFO UNetTrainer - Training iteration [1708]. Epoch [0/49]
2025-05-08 10:55:44,227 [MainThread] INFO UNetTrainer - Training iteration [1709]. Epoch [0/49]
2025-05-08 10:56:58,812 [MainThread] INFO UNetTrainer - Training iteration [1710]. Epoch [0/49]
2025-05-08 10:58:13,786 [MainThread] INFO UNetTrainer - Training iteration [1711]. Epoch [0/49]
2025-05-08 10:59:28,062 [MainThread] INFO UNetTrainer - Training iteration [1712]. Epoch [0/49]
2025-05-08 11:00:42,657 [MainThread] INFO UNetTrainer - Training iteration [1713]. Epoch [0/49]
2025-05-08 11:01:57,422 [MainThread] INFO UNetTrainer - Training iteration [1714]. Epoch [0/49]
2025-05-08 11:03:11,454 [MainThread] INFO UNetTrainer - Training iteration [1715]. Epoch [0/49]
2025-05-08 11:04:25,805 [MainThread] INFO UNetTrainer - Training iteration [1716]. Epoch [0/49]
2025-05-08 11:05:40,944 [MainThread] INFO UNetTrainer - Training iteration [1717]. Epoch [0/49]
2025-05-08 11:06:55,285 [MainThread] INFO UNetTrainer - Training iteration [1718]. Epoch [0/49]
2025-05-08 11:08:10,600 [MainThread] INFO UNetTrainer - Training iteration [1719]. Epoch [0/49]
2025-05-08 11:09:24,886 [MainThread] INFO UNetTrainer - Training iteration [1720]. Epoch [0/49]
2025-05-08 11:10:39,755 [MainThread] INFO UNetTrainer - Training iteration [1721]. Epoch [0/49]
2025-05-08 11:11:54,438 [MainThread] INFO UNetTrainer - Training iteration [1722]. Epoch [0/49]
2025-05-08 11:13:09,682 [MainThread] INFO UNetTrainer - Training iteration [1723]. Epoch [0/49]
2025-05-08 11:14:23,679 [MainThread] INFO UNetTrainer - Training iteration [1724]. Epoch [0/49]
2025-05-08 11:15:39,008 [MainThread] INFO UNetTrainer - Training iteration [1725]. Epoch [0/49]
2025-05-08 11:16:53,201 [MainThread] INFO UNetTrainer - Training iteration [1726]. Epoch [0/49]
2025-05-08 11:18:08,251 [MainThread] INFO UNetTrainer - Training iteration [1727]. Epoch [0/49]
2025-05-08 11:19:22,862 [MainThread] INFO UNetTrainer - Training iteration [1728]. Epoch [0/49]
2025-05-08 11:20:38,083 [MainThread] INFO UNetTrainer - Training iteration [1729]. Epoch [0/49]
2025-05-08 11:21:52,730 [MainThread] INFO UNetTrainer - Training iteration [1730]. Epoch [0/49]
2025-05-08 11:23:08,069 [MainThread] INFO UNetTrainer - Training iteration [1731]. Epoch [0/49]
2025-05-08 11:24:22,436 [MainThread] INFO UNetTrainer - Training iteration [1732]. Epoch [0/49]
2025-05-08 11:25:37,380 [MainThread] INFO UNetTrainer - Training iteration [1733]. Epoch [0/49]
2025-05-08 11:26:51,668 [MainThread] INFO UNetTrainer - Training iteration [1734]. Epoch [0/49]
2025-05-08 11:28:06,877 [MainThread] INFO UNetTrainer - Training iteration [1735]. Epoch [0/49]
2025-05-08 11:29:21,532 [MainThread] INFO UNetTrainer - Training iteration [1736]. Epoch [0/49]
2025-05-08 11:30:37,038 [MainThread] INFO UNetTrainer - Training iteration [1737]. Epoch [0/49]
2025-05-08 11:31:51,819 [MainThread] INFO UNetTrainer - Training iteration [1738]. Epoch [0/49]
2025-05-08 11:33:06,618 [MainThread] INFO UNetTrainer - Training iteration [1739]. Epoch [0/49]
2025-05-08 11:34:21,389 [MainThread] INFO UNetTrainer - Training iteration [1740]. Epoch [0/49]
2025-05-08 11:35:36,615 [MainThread] INFO UNetTrainer - Training iteration [1741]. Epoch [0/49]
2025-05-08 11:36:51,555 [MainThread] INFO UNetTrainer - Training iteration [1742]. Epoch [0/49]
2025-05-08 11:38:06,859 [MainThread] INFO UNetTrainer - Training iteration [1743]. Epoch [0/49]
2025-05-08 11:39:21,688 [MainThread] INFO UNetTrainer - Training iteration [1744]. Epoch [0/49]
2025-05-08 11:40:37,063 [MainThread] INFO UNetTrainer - Training iteration [1745]. Epoch [0/49]
2025-05-08 11:41:51,617 [MainThread] INFO UNetTrainer - Training iteration [1746]. Epoch [0/49]
2025-05-08 11:43:06,993 [MainThread] INFO UNetTrainer - Training iteration [1747]. Epoch [0/49]
2025-05-08 11:44:21,818 [MainThread] INFO UNetTrainer - Training iteration [1748]. Epoch [0/49]
2025-05-08 11:45:36,898 [MainThread] INFO UNetTrainer - Training iteration [1749]. Epoch [0/49]
2025-05-08 11:46:51,455 [MainThread] INFO UNetTrainer - Training iteration [1750]. Epoch [0/49]
2025-05-08 11:48:06,590 [MainThread] INFO UNetTrainer - Training iteration [1751]. Epoch [0/49]
2025-05-08 11:49:20,911 [MainThread] INFO UNetTrainer - Training iteration [1752]. Epoch [0/49]
2025-05-08 11:50:35,873 [MainThread] INFO UNetTrainer - Training iteration [1753]. Epoch [0/49]
2025-05-08 11:51:50,951 [MainThread] INFO UNetTrainer - Training iteration [1754]. Epoch [0/49]
2025-05-08 11:53:05,771 [MainThread] INFO UNetTrainer - Training iteration [1755]. Epoch [0/49]
2025-05-08 11:54:20,028 [MainThread] INFO UNetTrainer - Training iteration [1756]. Epoch [0/49]
2025-05-08 11:55:34,656 [MainThread] INFO UNetTrainer - Training iteration [1757]. Epoch [0/49]
2025-05-08 11:56:49,349 [MainThread] INFO UNetTrainer - Training iteration [1758]. Epoch [0/49]
2025-05-08 11:58:04,181 [MainThread] INFO UNetTrainer - Training iteration [1759]. Epoch [0/49]
2025-05-08 11:59:18,710 [MainThread] INFO UNetTrainer - Training iteration [1760]. Epoch [0/49]
2025-05-08 12:00:33,815 [MainThread] INFO UNetTrainer - Training iteration [1761]. Epoch [0/49]
2025-05-08 12:01:48,804 [MainThread] INFO UNetTrainer - Training iteration [1762]. Epoch [0/49]
2025-05-08 12:03:03,777 [MainThread] INFO UNetTrainer - Training iteration [1763]. Epoch [0/49]
2025-05-08 12:04:18,388 [MainThread] INFO UNetTrainer - Training iteration [1764]. Epoch [0/49]
2025-05-08 12:05:32,988 [MainThread] INFO UNetTrainer - Training iteration [1765]. Epoch [0/49]
2025-05-08 12:06:47,309 [MainThread] INFO UNetTrainer - Training iteration [1766]. Epoch [0/49]
2025-05-08 12:08:01,853 [MainThread] INFO UNetTrainer - Training iteration [1767]. Epoch [0/49]
2025-05-08 12:09:16,454 [MainThread] INFO UNetTrainer - Training iteration [1768]. Epoch [0/49]
2025-05-08 12:10:31,741 [MainThread] INFO UNetTrainer - Training iteration [1769]. Epoch [0/49]
2025-05-08 12:11:46,687 [MainThread] INFO UNetTrainer - Training iteration [1770]. Epoch [0/49]
2025-05-08 12:13:01,487 [MainThread] INFO UNetTrainer - Training iteration [1771]. Epoch [0/49]
2025-05-08 12:14:15,746 [MainThread] INFO UNetTrainer - Training iteration [1772]. Epoch [0/49]
2025-05-08 12:15:30,940 [MainThread] INFO UNetTrainer - Training iteration [1773]. Epoch [0/49]
2025-05-08 12:16:45,647 [MainThread] INFO UNetTrainer - Training iteration [1774]. Epoch [0/49]
2025-05-08 12:18:00,089 [MainThread] INFO UNetTrainer - Training iteration [1775]. Epoch [0/49]
2025-05-08 12:19:14,392 [MainThread] INFO UNetTrainer - Training iteration [1776]. Epoch [0/49]
2025-05-08 12:20:29,429 [MainThread] INFO UNetTrainer - Training iteration [1777]. Epoch [0/49]
2025-05-08 12:21:44,003 [MainThread] INFO UNetTrainer - Training iteration [1778]. Epoch [0/49]
2025-05-08 12:22:59,074 [MainThread] INFO UNetTrainer - Training iteration [1779]. Epoch [0/49]
2025-05-08 12:24:13,615 [MainThread] INFO UNetTrainer - Training iteration [1780]. Epoch [0/49]
2025-05-08 12:25:28,831 [MainThread] INFO UNetTrainer - Training iteration [1781]. Epoch [0/49]
2025-05-08 12:26:43,285 [MainThread] INFO UNetTrainer - Training iteration [1782]. Epoch [0/49]
2025-05-08 12:27:58,476 [MainThread] INFO UNetTrainer - Training iteration [1783]. Epoch [0/49]
2025-05-08 12:29:13,000 [MainThread] INFO UNetTrainer - Training iteration [1784]. Epoch [0/49]
2025-05-08 12:30:28,327 [MainThread] INFO UNetTrainer - Training iteration [1785]. Epoch [0/49]
2025-05-08 12:31:43,005 [MainThread] INFO UNetTrainer - Training iteration [1786]. Epoch [0/49]
2025-05-08 12:32:57,511 [MainThread] INFO UNetTrainer - Training iteration [1787]. Epoch [0/49]
2025-05-08 12:34:11,622 [MainThread] INFO UNetTrainer - Training iteration [1788]. Epoch [0/49]
2025-05-08 12:35:25,831 [MainThread] INFO UNetTrainer - Training iteration [1789]. Epoch [0/49]
2025-05-08 12:36:40,153 [MainThread] INFO UNetTrainer - Training iteration [1790]. Epoch [0/49]
2025-05-08 12:37:55,416 [MainThread] INFO UNetTrainer - Training iteration [1791]. Epoch [0/49]
2025-05-08 12:39:09,984 [MainThread] INFO UNetTrainer - Training iteration [1792]. Epoch [0/49]
2025-05-08 12:40:25,346 [MainThread] INFO UNetTrainer - Training iteration [1793]. Epoch [0/49]
2025-05-08 12:41:40,112 [MainThread] INFO UNetTrainer - Training iteration [1794]. Epoch [0/49]
2025-05-08 12:42:55,522 [MainThread] INFO UNetTrainer - Training iteration [1795]. Epoch [0/49]
2025-05-08 12:44:10,011 [MainThread] INFO UNetTrainer - Training iteration [1796]. Epoch [0/49]
2025-05-08 12:45:24,716 [MainThread] INFO UNetTrainer - Training iteration [1797]. Epoch [0/49]
2025-05-08 12:46:39,611 [MainThread] INFO UNetTrainer - Training iteration [1798]. Epoch [0/49]
2025-05-08 12:47:54,744 [MainThread] INFO UNetTrainer - Training iteration [1799]. Epoch [0/49]
2025-05-08 12:49:09,211 [MainThread] INFO UNetTrainer - Training iteration [1800]. Epoch [0/49]
2025-05-08 12:50:24,455 [MainThread] INFO UNetTrainer - Training iteration [1801]. Epoch [0/49]
2025-05-08 12:51:38,967 [MainThread] INFO UNetTrainer - Training iteration [1802]. Epoch [0/49]
2025-05-08 12:52:54,100 [MainThread] INFO UNetTrainer - Training iteration [1803]. Epoch [0/49]
2025-05-08 12:54:08,483 [MainThread] INFO UNetTrainer - Training iteration [1804]. Epoch [0/49]
2025-05-08 12:55:23,431 [MainThread] INFO UNetTrainer - Training iteration [1805]. Epoch [0/49]
2025-05-08 12:56:37,926 [MainThread] INFO UNetTrainer - Training iteration [1806]. Epoch [0/49]
2025-05-08 12:57:53,051 [MainThread] INFO UNetTrainer - Training iteration [1807]. Epoch [0/49]
2025-05-08 12:59:07,487 [MainThread] INFO UNetTrainer - Training iteration [1808]. Epoch [0/49]
2025-05-08 13:00:22,834 [MainThread] INFO UNetTrainer - Training iteration [1809]. Epoch [0/49]
2025-05-08 13:01:37,745 [MainThread] INFO UNetTrainer - Training iteration [1810]. Epoch [0/49]
2025-05-08 13:02:52,410 [MainThread] INFO UNetTrainer - Training iteration [1811]. Epoch [0/49]
2025-05-08 13:04:07,038 [MainThread] INFO UNetTrainer - Training iteration [1812]. Epoch [0/49]
2025-05-08 13:05:21,866 [MainThread] INFO UNetTrainer - Training iteration [1813]. Epoch [0/49]
2025-05-08 13:06:36,871 [MainThread] INFO UNetTrainer - Training iteration [1814]. Epoch [0/49]
2025-05-08 13:07:52,047 [MainThread] INFO UNetTrainer - Training iteration [1815]. Epoch [0/49]
2025-05-08 13:09:06,796 [MainThread] INFO UNetTrainer - Training iteration [1816]. Epoch [0/49]
2025-05-08 13:10:21,818 [MainThread] INFO UNetTrainer - Training iteration [1817]. Epoch [0/49]
2025-05-08 13:11:36,548 [MainThread] INFO UNetTrainer - Training iteration [1818]. Epoch [0/49]
2025-05-08 13:12:51,952 [MainThread] INFO UNetTrainer - Training iteration [1819]. Epoch [0/49]
2025-05-08 13:14:06,196 [MainThread] INFO UNetTrainer - Training iteration [1820]. Epoch [0/49]
2025-05-08 13:15:21,645 [MainThread] INFO UNetTrainer - Training iteration [1821]. Epoch [0/49]
2025-05-08 13:16:36,128 [MainThread] INFO UNetTrainer - Training iteration [1822]. Epoch [0/49]
2025-05-08 13:17:51,268 [MainThread] INFO UNetTrainer - Training iteration [1823]. Epoch [0/49]
2025-05-08 13:19:06,219 [MainThread] INFO UNetTrainer - Training iteration [1824]. Epoch [0/49]
2025-05-08 13:20:21,167 [MainThread] INFO UNetTrainer - Training iteration [1825]. Epoch [0/49]
2025-05-08 13:21:35,867 [MainThread] INFO UNetTrainer - Training iteration [1826]. Epoch [0/49]
2025-05-08 13:22:51,237 [MainThread] INFO UNetTrainer - Training iteration [1827]. Epoch [0/49]
2025-05-08 13:24:05,694 [MainThread] INFO UNetTrainer - Training iteration [1828]. Epoch [0/49]
2025-05-08 13:25:20,248 [MainThread] INFO UNetTrainer - Training iteration [1829]. Epoch [0/49]
2025-05-08 13:26:34,580 [MainThread] INFO UNetTrainer - Training iteration [1830]. Epoch [0/49]
2025-05-08 13:27:49,607 [MainThread] INFO UNetTrainer - Training iteration [1831]. Epoch [0/49]
2025-05-08 13:29:04,274 [MainThread] INFO UNetTrainer - Training iteration [1832]. Epoch [0/49]
2025-05-08 13:30:19,672 [MainThread] INFO UNetTrainer - Training iteration [1833]. Epoch [0/49]
2025-05-08 13:31:34,424 [MainThread] INFO UNetTrainer - Training iteration [1834]. Epoch [0/49]
2025-05-08 13:32:49,265 [MainThread] INFO UNetTrainer - Training iteration [1835]. Epoch [0/49]
2025-05-08 13:34:03,853 [MainThread] INFO UNetTrainer - Training iteration [1836]. Epoch [0/49]
2025-05-08 13:35:19,412 [MainThread] INFO UNetTrainer - Training iteration [1837]. Epoch [0/49]
2025-05-08 13:36:33,952 [MainThread] INFO UNetTrainer - Training iteration [1838]. Epoch [0/49]
2025-05-08 13:37:48,511 [MainThread] INFO UNetTrainer - Training iteration [1839]. Epoch [0/49]
2025-05-08 13:39:02,319 [MainThread] INFO UNetTrainer - Training iteration [1840]. Epoch [0/49]
2025-05-08 13:40:16,305 [MainThread] INFO UNetTrainer - Training iteration [1841]. Epoch [0/49]
2025-05-08 13:41:30,813 [MainThread] INFO UNetTrainer - Training iteration [1842]. Epoch [0/49]
2025-05-08 13:42:45,207 [MainThread] INFO UNetTrainer - Training iteration [1843]. Epoch [0/49]
2025-05-08 13:43:59,516 [MainThread] INFO UNetTrainer - Training iteration [1844]. Epoch [0/49]
2025-05-08 13:45:14,378 [MainThread] INFO UNetTrainer - Training iteration [1845]. Epoch [0/49]
2025-05-08 13:46:29,067 [MainThread] INFO UNetTrainer - Training iteration [1846]. Epoch [0/49]
2025-05-08 13:47:43,925 [MainThread] INFO UNetTrainer - Training iteration [1847]. Epoch [0/49]
2025-05-08 13:48:58,607 [MainThread] INFO UNetTrainer - Training iteration [1848]. Epoch [0/49]
2025-05-08 13:50:13,668 [MainThread] INFO UNetTrainer - Training iteration [1849]. Epoch [0/49]
2025-05-08 13:51:28,620 [MainThread] INFO UNetTrainer - Training iteration [1850]. Epoch [0/49]
2025-05-08 13:52:43,871 [MainThread] INFO UNetTrainer - Training iteration [1851]. Epoch [0/49]
2025-05-08 13:53:58,621 [MainThread] INFO UNetTrainer - Training iteration [1852]. Epoch [0/49]
2025-05-08 13:55:13,612 [MainThread] INFO UNetTrainer - Training iteration [1853]. Epoch [0/49]
2025-05-08 13:56:28,487 [MainThread] INFO UNetTrainer - Training iteration [1854]. Epoch [0/49]
2025-05-08 13:57:43,348 [MainThread] INFO UNetTrainer - Training iteration [1855]. Epoch [0/49]
2025-05-08 13:58:58,100 [MainThread] INFO UNetTrainer - Training iteration [1856]. Epoch [0/49]
2025-05-08 14:00:12,455 [MainThread] INFO UNetTrainer - Training iteration [1857]. Epoch [0/49]
2025-05-08 14:01:26,747 [MainThread] INFO UNetTrainer - Training iteration [1858]. Epoch [0/49]
2025-05-08 14:02:40,737 [MainThread] INFO UNetTrainer - Training iteration [1859]. Epoch [0/49]
2025-05-08 14:03:54,367 [MainThread] INFO UNetTrainer - Training iteration [1860]. Epoch [0/49]
2025-05-08 14:05:08,288 [MainThread] INFO UNetTrainer - Training iteration [1861]. Epoch [0/49]
2025-05-08 14:06:23,367 [MainThread] INFO UNetTrainer - Training iteration [1862]. Epoch [0/49]
2025-05-08 14:07:38,475 [MainThread] INFO UNetTrainer - Training iteration [1863]. Epoch [0/49]
2025-05-08 14:08:53,476 [MainThread] INFO UNetTrainer - Training iteration [1864]. Epoch [0/49]
2025-05-08 14:10:08,972 [MainThread] INFO UNetTrainer - Training iteration [1865]. Epoch [0/49]
2025-05-08 14:11:24,457 [MainThread] INFO UNetTrainer - Training iteration [1866]. Epoch [0/49]
2025-05-08 14:12:39,474 [MainThread] INFO UNetTrainer - Training iteration [1867]. Epoch [0/49]
2025-05-08 14:13:54,682 [MainThread] INFO UNetTrainer - Training iteration [1868]. Epoch [0/49]
2025-05-08 14:15:09,981 [MainThread] INFO UNetTrainer - Training iteration [1869]. Epoch [0/49]
2025-05-08 14:16:25,047 [MainThread] INFO UNetTrainer - Training iteration [1870]. Epoch [0/49]
2025-05-08 14:17:40,052 [MainThread] INFO UNetTrainer - Training iteration [1871]. Epoch [0/49]
2025-05-08 14:18:55,030 [MainThread] INFO UNetTrainer - Training iteration [1872]. Epoch [0/49]
2025-05-08 14:20:09,595 [MainThread] INFO UNetTrainer - Training iteration [1873]. Epoch [0/49]
2025-05-08 14:21:24,683 [MainThread] INFO UNetTrainer - Training iteration [1874]. Epoch [0/49]
2025-05-08 14:22:39,272 [MainThread] INFO UNetTrainer - Training iteration [1875]. Epoch [0/49]
2025-05-08 14:23:54,332 [MainThread] INFO UNetTrainer - Training iteration [1876]. Epoch [0/49]
2025-05-08 14:25:09,311 [MainThread] INFO UNetTrainer - Training iteration [1877]. Epoch [0/49]
2025-05-08 14:26:24,809 [MainThread] INFO UNetTrainer - Training iteration [1878]. Epoch [0/49]
2025-05-08 14:27:39,779 [MainThread] INFO UNetTrainer - Training iteration [1879]. Epoch [0/49]
2025-05-08 14:28:54,713 [MainThread] INFO UNetTrainer - Training iteration [1880]. Epoch [0/49]
2025-05-08 14:30:09,738 [MainThread] INFO UNetTrainer - Training iteration [1881]. Epoch [0/49]
2025-05-08 14:31:25,053 [MainThread] INFO UNetTrainer - Training iteration [1882]. Epoch [0/49]
2025-05-08 14:32:39,683 [MainThread] INFO UNetTrainer - Training iteration [1883]. Epoch [0/49]
2025-05-08 14:33:55,021 [MainThread] INFO UNetTrainer - Training iteration [1884]. Epoch [0/49]
2025-05-08 14:35:10,148 [MainThread] INFO UNetTrainer - Training iteration [1885]. Epoch [0/49]
2025-05-08 14:36:24,913 [MainThread] INFO UNetTrainer - Training iteration [1886]. Epoch [0/49]
2025-05-08 14:37:40,225 [MainThread] INFO UNetTrainer - Training iteration [1887]. Epoch [0/49]
2025-05-08 14:38:55,052 [MainThread] INFO UNetTrainer - Training iteration [1888]. Epoch [0/49]
2025-05-08 14:40:09,927 [MainThread] INFO UNetTrainer - Training iteration [1889]. Epoch [0/49]
2025-05-08 14:41:24,738 [MainThread] INFO UNetTrainer - Training iteration [1890]. Epoch [0/49]
2025-05-08 14:42:40,048 [MainThread] INFO UNetTrainer - Training iteration [1891]. Epoch [0/49]
2025-05-08 14:43:55,149 [MainThread] INFO UNetTrainer - Training iteration [1892]. Epoch [0/49]
2025-05-08 14:45:10,196 [MainThread] INFO UNetTrainer - Training iteration [1893]. Epoch [0/49]
2025-05-08 14:46:25,409 [MainThread] INFO UNetTrainer - Training iteration [1894]. Epoch [0/49]
2025-05-08 14:47:39,991 [MainThread] INFO UNetTrainer - Training iteration [1895]. Epoch [0/49]
2025-05-08 14:48:54,952 [MainThread] INFO UNetTrainer - Training iteration [1896]. Epoch [0/49]
2025-05-08 14:50:09,863 [MainThread] INFO UNetTrainer - Training iteration [1897]. Epoch [0/49]
2025-05-08 14:51:25,461 [MainThread] INFO UNetTrainer - Training iteration [1898]. Epoch [0/49]
2025-05-08 14:52:40,375 [MainThread] INFO UNetTrainer - Training iteration [1899]. Epoch [0/49]
2025-05-08 14:53:55,404 [MainThread] INFO UNetTrainer - Training iteration [1900]. Epoch [0/49]
2025-05-08 14:55:10,228 [MainThread] INFO UNetTrainer - Training iteration [1901]. Epoch [0/49]
2025-05-08 14:56:25,449 [MainThread] INFO UNetTrainer - Training iteration [1902]. Epoch [0/49]
2025-05-08 14:57:40,574 [MainThread] INFO UNetTrainer - Training iteration [1903]. Epoch [0/49]
2025-05-08 14:58:55,561 [MainThread] INFO UNetTrainer - Training iteration [1904]. Epoch [0/49]
2025-05-08 15:00:10,629 [MainThread] INFO UNetTrainer - Training iteration [1905]. Epoch [0/49]
2025-05-08 15:01:25,645 [MainThread] INFO UNetTrainer - Training iteration [1906]. Epoch [0/49]
2025-05-08 15:02:40,499 [MainThread] INFO UNetTrainer - Training iteration [1907]. Epoch [0/49]
2025-05-08 15:03:55,309 [MainThread] INFO UNetTrainer - Training iteration [1908]. Epoch [0/49]
2025-05-08 15:05:10,367 [MainThread] INFO UNetTrainer - Training iteration [1909]. Epoch [0/49]
2025-05-08 15:06:25,511 [MainThread] INFO UNetTrainer - Training iteration [1910]. Epoch [0/49]
2025-05-08 15:07:40,610 [MainThread] INFO UNetTrainer - Training iteration [1911]. Epoch [0/49]
2025-05-08 15:08:55,701 [MainThread] INFO UNetTrainer - Training iteration [1912]. Epoch [0/49]
2025-05-08 15:10:10,829 [MainThread] INFO UNetTrainer - Training iteration [1913]. Epoch [0/49]
2025-05-08 15:11:25,800 [MainThread] INFO UNetTrainer - Training iteration [1914]. Epoch [0/49]
2025-05-08 15:12:41,010 [MainThread] INFO UNetTrainer - Training iteration [1915]. Epoch [0/49]
2025-05-08 15:13:55,358 [MainThread] INFO UNetTrainer - Training iteration [1916]. Epoch [0/49]
2025-05-08 15:15:10,671 [MainThread] INFO UNetTrainer - Training iteration [1917]. Epoch [0/49]
2025-05-08 15:16:25,711 [MainThread] INFO UNetTrainer - Training iteration [1918]. Epoch [0/49]
2025-05-08 15:17:40,534 [MainThread] INFO UNetTrainer - Training iteration [1919]. Epoch [0/49]
2025-05-08 15:18:55,166 [MainThread] INFO UNetTrainer - Training iteration [1920]. Epoch [0/49]
2025-05-08 15:20:10,213 [MainThread] INFO UNetTrainer - Training iteration [1921]. Epoch [0/49]
2025-05-08 15:21:25,639 [MainThread] INFO UNetTrainer - Training iteration [1922]. Epoch [0/49]
2025-05-08 15:22:40,337 [MainThread] INFO UNetTrainer - Training iteration [1923]. Epoch [0/49]
2025-05-08 15:23:55,514 [MainThread] INFO UNetTrainer - Training iteration [1924]. Epoch [0/49]
2025-05-08 15:25:10,644 [MainThread] INFO UNetTrainer - Training iteration [1925]. Epoch [0/49]
2025-05-08 15:26:26,049 [MainThread] INFO UNetTrainer - Training iteration [1926]. Epoch [0/49]
2025-05-08 15:27:40,780 [MainThread] INFO UNetTrainer - Training iteration [1927]. Epoch [0/49]
2025-05-08 15:28:56,238 [MainThread] INFO UNetTrainer - Training iteration [1928]. Epoch [0/49]
2025-05-08 15:30:10,573 [MainThread] INFO UNetTrainer - Training iteration [1929]. Epoch [0/49]
2025-05-08 15:31:25,128 [MainThread] INFO UNetTrainer - Training iteration [1930]. Epoch [0/49]
2025-05-08 15:32:40,680 [MainThread] INFO UNetTrainer - Training iteration [1931]. Epoch [0/49]
2025-05-08 15:33:55,677 [MainThread] INFO UNetTrainer - Training iteration [1932]. Epoch [0/49]
2025-05-08 15:35:09,958 [MainThread] INFO UNetTrainer - Training iteration [1933]. Epoch [0/49]
2025-05-08 15:36:24,822 [MainThread] INFO UNetTrainer - Training iteration [1934]. Epoch [0/49]
2025-05-08 15:37:40,109 [MainThread] INFO UNetTrainer - Training iteration [1935]. Epoch [0/49]
2025-05-08 15:38:54,968 [MainThread] INFO UNetTrainer - Training iteration [1936]. Epoch [0/49]
2025-05-08 15:40:10,360 [MainThread] INFO UNetTrainer - Training iteration [1937]. Epoch [0/49]
2025-05-08 15:41:25,572 [MainThread] INFO UNetTrainer - Training iteration [1938]. Epoch [0/49]
2025-05-08 15:42:39,973 [MainThread] INFO UNetTrainer - Training iteration [1939]. Epoch [0/49]
2025-05-08 15:43:54,614 [MainThread] INFO UNetTrainer - Training iteration [1940]. Epoch [0/49]
2025-05-08 15:45:08,978 [MainThread] INFO UNetTrainer - Training iteration [1941]. Epoch [0/49]
2025-05-08 15:46:23,452 [MainThread] INFO UNetTrainer - Training iteration [1942]. Epoch [0/49]
2025-05-08 15:47:37,740 [MainThread] INFO UNetTrainer - Training iteration [1943]. Epoch [0/49]
2025-05-08 15:48:52,012 [MainThread] INFO UNetTrainer - Training iteration [1944]. Epoch [0/49]
2025-05-08 15:50:06,245 [MainThread] INFO UNetTrainer - Training iteration [1945]. Epoch [0/49]
2025-05-08 15:51:21,082 [MainThread] INFO UNetTrainer - Training iteration [1946]. Epoch [0/49]
2025-05-08 15:52:36,241 [MainThread] INFO UNetTrainer - Training iteration [1947]. Epoch [0/49]
2025-05-08 15:53:51,473 [MainThread] INFO UNetTrainer - Training iteration [1948]. Epoch [0/49]
2025-05-08 15:55:06,220 [MainThread] INFO UNetTrainer - Training iteration [1949]. Epoch [0/49]
2025-05-08 15:56:21,153 [MainThread] INFO UNetTrainer - Training iteration [1950]. Epoch [0/49]
2025-05-08 15:57:35,736 [MainThread] INFO UNetTrainer - Training iteration [1951]. Epoch [0/49]
2025-05-08 15:58:51,104 [MainThread] INFO UNetTrainer - Training iteration [1952]. Epoch [0/49]
2025-05-08 16:00:05,893 [MainThread] INFO UNetTrainer - Training iteration [1953]. Epoch [0/49]
2025-05-08 16:01:21,433 [MainThread] INFO UNetTrainer - Training iteration [1954]. Epoch [0/49]
2025-05-08 16:02:36,859 [MainThread] INFO UNetTrainer - Training iteration [1955]. Epoch [0/49]
2025-05-08 16:03:56,495 [MainThread] INFO UNetTrainer - Training iteration [1956]. Epoch [0/49]
2025-05-08 16:05:17,607 [MainThread] INFO UNetTrainer - Training iteration [1957]. Epoch [0/49]
2025-05-08 16:06:38,544 [MainThread] INFO UNetTrainer - Training iteration [1958]. Epoch [0/49]
2025-05-08 16:07:59,716 [MainThread] INFO UNetTrainer - Training iteration [1959]. Epoch [0/49]
2025-05-08 16:09:20,733 [MainThread] INFO UNetTrainer - Training iteration [1960]. Epoch [0/49]
2025-05-08 16:10:41,841 [MainThread] INFO UNetTrainer - Training iteration [1961]. Epoch [0/49]
2025-05-08 16:12:02,714 [MainThread] INFO UNetTrainer - Training iteration [1962]. Epoch [0/49]
2025-05-08 16:13:23,894 [MainThread] INFO UNetTrainer - Training iteration [1963]. Epoch [0/49]
2025-05-08 16:14:44,891 [MainThread] INFO UNetTrainer - Training iteration [1964]. Epoch [0/49]
2025-05-08 16:16:06,647 [MainThread] INFO UNetTrainer - Training iteration [1965]. Epoch [0/49]
2025-05-08 16:17:28,276 [MainThread] INFO UNetTrainer - Training iteration [1966]. Epoch [0/49]
2025-05-08 16:18:49,928 [MainThread] INFO UNetTrainer - Training iteration [1967]. Epoch [0/49]
2025-05-08 16:20:13,552 [MainThread] INFO UNetTrainer - Training iteration [1968]. Epoch [0/49]
2025-05-08 16:21:35,434 [MainThread] INFO UNetTrainer - Training iteration [1969]. Epoch [0/49]
2025-05-08 16:22:56,220 [MainThread] INFO UNetTrainer - Training iteration [1970]. Epoch [0/49]
2025-05-08 16:24:17,638 [MainThread] INFO UNetTrainer - Training iteration [1971]. Epoch [0/49]
2025-05-08 16:25:38,927 [MainThread] INFO UNetTrainer - Training iteration [1972]. Epoch [0/49]
2025-05-08 16:27:00,595 [MainThread] INFO UNetTrainer - Training iteration [1973]. Epoch [0/49]
2025-05-08 16:28:21,158 [MainThread] INFO UNetTrainer - Training iteration [1974]. Epoch [0/49]
2025-05-08 16:29:41,976 [MainThread] INFO UNetTrainer - Training iteration [1975]. Epoch [0/49]
2025-05-08 16:31:03,841 [MainThread] INFO UNetTrainer - Training iteration [1976]. Epoch [0/49]
2025-05-08 16:32:24,752 [MainThread] INFO UNetTrainer - Training iteration [1977]. Epoch [0/49]
2025-05-08 16:33:45,257 [MainThread] INFO UNetTrainer - Training iteration [1978]. Epoch [0/49]
2025-05-08 16:35:04,786 [MainThread] INFO UNetTrainer - Training iteration [1979]. Epoch [0/49]
2025-05-08 16:36:25,063 [MainThread] INFO UNetTrainer - Training iteration [1980]. Epoch [0/49]
2025-05-08 16:37:45,131 [MainThread] INFO UNetTrainer - Training iteration [1981]. Epoch [0/49]
2025-05-08 16:39:05,954 [MainThread] INFO UNetTrainer - Training iteration [1982]. Epoch [0/49]
2025-05-08 16:40:29,536 [MainThread] INFO UNetTrainer - Training iteration [1983]. Epoch [0/49]
2025-05-08 16:41:50,644 [MainThread] INFO UNetTrainer - Training iteration [1984]. Epoch [0/49]
2025-05-08 16:43:10,774 [MainThread] INFO UNetTrainer - Training iteration [1985]. Epoch [0/49]
2025-05-08 16:44:30,677 [MainThread] INFO UNetTrainer - Training iteration [1986]. Epoch [0/49]
2025-05-08 16:45:53,006 [MainThread] INFO UNetTrainer - Training iteration [1987]. Epoch [0/49]
2025-05-08 16:47:13,765 [MainThread] INFO UNetTrainer - Training iteration [1988]. Epoch [0/49]
2025-05-08 16:48:36,092 [MainThread] INFO UNetTrainer - Training iteration [1989]. Epoch [0/49]
2025-05-08 16:49:56,438 [MainThread] INFO UNetTrainer - Training iteration [1990]. Epoch [0/49]
2025-05-08 16:51:17,548 [MainThread] INFO UNetTrainer - Training iteration [1991]. Epoch [0/49]
2025-05-08 16:52:37,623 [MainThread] INFO UNetTrainer - Training iteration [1992]. Epoch [0/49]
2025-05-08 16:53:57,776 [MainThread] INFO UNetTrainer - Training iteration [1993]. Epoch [0/49]
2025-05-08 16:55:17,998 [MainThread] INFO UNetTrainer - Training iteration [1994]. Epoch [0/49]
2025-05-08 16:56:38,050 [MainThread] INFO UNetTrainer - Training iteration [1995]. Epoch [0/49]
2025-05-08 16:57:57,832 [MainThread] INFO UNetTrainer - Training iteration [1996]. Epoch [0/49]
2025-05-08 16:59:18,926 [MainThread] INFO UNetTrainer - Training iteration [1997]. Epoch [0/49]
2025-05-08 17:00:39,865 [MainThread] INFO UNetTrainer - Training iteration [1998]. Epoch [0/49]
2025-05-08 17:02:00,392 [MainThread] INFO UNetTrainer - Training iteration [1999]. Epoch [0/49]
2025-05-08 17:03:19,955 [MainThread] INFO UNetTrainer - Training iteration [2000]. Epoch [0/49]
2025-05-08 17:04:40,116 [MainThread] INFO UNetTrainer - Training iteration [2001]. Epoch [0/49]
2025-05-08 17:06:00,617 [MainThread] INFO UNetTrainer - Training iteration [2002]. Epoch [0/49]
2025-05-08 17:07:22,042 [MainThread] INFO UNetTrainer - Training iteration [2003]. Epoch [0/49]
2025-05-08 17:08:42,788 [MainThread] INFO UNetTrainer - Training iteration [2004]. Epoch [0/49]
2025-05-08 17:10:03,556 [MainThread] INFO UNetTrainer - Training iteration [2005]. Epoch [0/49]
2025-05-08 17:11:23,665 [MainThread] INFO UNetTrainer - Training iteration [2006]. Epoch [0/49]
2025-05-08 17:12:47,825 [MainThread] INFO UNetTrainer - Training iteration [2007]. Epoch [0/49]
2025-05-08 17:14:09,052 [MainThread] INFO UNetTrainer - Training iteration [2008]. Epoch [0/49]
2025-05-08 17:15:30,106 [MainThread] INFO UNetTrainer - Training iteration [2009]. Epoch [0/49]
2025-05-08 17:16:51,360 [MainThread] INFO UNetTrainer - Training iteration [2010]. Epoch [0/49]
2025-05-08 17:18:11,352 [MainThread] INFO UNetTrainer - Training iteration [2011]. Epoch [0/49]
2025-05-08 17:19:31,662 [MainThread] INFO UNetTrainer - Training iteration [2012]. Epoch [0/49]
2025-05-08 17:20:52,222 [MainThread] INFO UNetTrainer - Training iteration [2013]. Epoch [0/49]
2025-05-08 17:22:12,593 [MainThread] INFO UNetTrainer - Training iteration [2014]. Epoch [0/49]
2025-05-08 17:23:32,409 [MainThread] INFO UNetTrainer - Training iteration [2015]. Epoch [0/49]
2025-05-08 17:24:52,637 [MainThread] INFO UNetTrainer - Training iteration [2016]. Epoch [0/49]
2025-05-08 17:26:13,529 [MainThread] INFO UNetTrainer - Training iteration [2017]. Epoch [0/49]
2025-05-08 17:27:33,464 [MainThread] INFO UNetTrainer - Training iteration [2018]. Epoch [0/49]
2025-05-08 17:28:52,661 [MainThread] INFO UNetTrainer - Training iteration [2019]. Epoch [0/49]
2025-05-08 17:30:12,826 [MainThread] INFO UNetTrainer - Training iteration [2020]. Epoch [0/49]
2025-05-08 17:31:34,797 [MainThread] INFO UNetTrainer - Training iteration [2021]. Epoch [0/49]
2025-05-08 17:32:55,255 [MainThread] INFO UNetTrainer - Training iteration [2022]. Epoch [0/49]
2025-05-08 17:34:14,962 [MainThread] INFO UNetTrainer - Training iteration [2023]. Epoch [0/49]
2025-05-08 17:35:36,002 [MainThread] INFO UNetTrainer - Training iteration [2024]. Epoch [0/49]
2025-05-08 17:36:56,027 [MainThread] INFO UNetTrainer - Training iteration [2025]. Epoch [0/49]
2025-05-08 17:38:16,286 [MainThread] INFO UNetTrainer - Training iteration [2026]. Epoch [0/49]
2025-05-08 17:39:36,357 [MainThread] INFO UNetTrainer - Training iteration [2027]. Epoch [0/49]
2025-05-08 17:40:57,377 [MainThread] INFO UNetTrainer - Training iteration [2028]. Epoch [0/49]
2025-05-08 17:42:17,212 [MainThread] INFO UNetTrainer - Training iteration [2029]. Epoch [0/49]
2025-05-08 17:43:38,127 [MainThread] INFO UNetTrainer - Training iteration [2030]. Epoch [0/49]
2025-05-08 17:44:58,731 [MainThread] INFO UNetTrainer - Training iteration [2031]. Epoch [0/49]
2025-05-08 17:46:20,966 [MainThread] INFO UNetTrainer - Training iteration [2032]. Epoch [0/49]
2025-05-08 17:47:42,199 [MainThread] INFO UNetTrainer - Training iteration [2033]. Epoch [0/49]
2025-05-08 17:49:03,391 [MainThread] INFO UNetTrainer - Training iteration [2034]. Epoch [0/49]
2025-05-08 17:50:24,862 [MainThread] INFO UNetTrainer - Training iteration [2035]. Epoch [0/49]
2025-05-08 17:51:46,835 [MainThread] INFO UNetTrainer - Training iteration [2036]. Epoch [0/49]
2025-05-08 17:53:07,305 [MainThread] INFO UNetTrainer - Training iteration [2037]. Epoch [0/49]
2025-05-08 17:54:28,345 [MainThread] INFO UNetTrainer - Training iteration [2038]. Epoch [0/49]
2025-05-08 17:55:50,174 [MainThread] INFO UNetTrainer - Training iteration [2039]. Epoch [0/49]
2025-05-08 17:57:11,012 [MainThread] INFO UNetTrainer - Training iteration [2040]. Epoch [0/49]
2025-05-08 17:58:32,005 [MainThread] INFO UNetTrainer - Training iteration [2041]. Epoch [0/49]
2025-05-08 17:59:52,614 [MainThread] INFO UNetTrainer - Training iteration [2042]. Epoch [0/49]
2025-05-08 18:01:14,488 [MainThread] INFO UNetTrainer - Training iteration [2043]. Epoch [0/49]
2025-05-08 18:02:36,201 [MainThread] INFO UNetTrainer - Training iteration [2044]. Epoch [0/49]
2025-05-08 18:03:57,057 [MainThread] INFO UNetTrainer - Training iteration [2045]. Epoch [0/49]
2025-05-08 18:05:17,736 [MainThread] INFO UNetTrainer - Training iteration [2046]. Epoch [0/49]
2025-05-08 18:06:39,161 [MainThread] INFO UNetTrainer - Training iteration [2047]. Epoch [0/49]
2025-05-08 18:08:00,188 [MainThread] INFO UNetTrainer - Training iteration [2048]. Epoch [0/49]
2025-05-08 18:09:20,828 [MainThread] INFO UNetTrainer - Training iteration [2049]. Epoch [0/49]
2025-05-08 18:10:41,885 [MainThread] INFO UNetTrainer - Training iteration [2050]. Epoch [0/49]
2025-05-08 18:12:03,023 [MainThread] INFO UNetTrainer - Training iteration [2051]. Epoch [0/49]
2025-05-08 18:13:23,821 [MainThread] INFO UNetTrainer - Training iteration [2052]. Epoch [0/49]
2025-05-08 18:14:44,693 [MainThread] INFO UNetTrainer - Training iteration [2053]. Epoch [0/49]
2025-05-08 18:16:06,512 [MainThread] INFO UNetTrainer - Training iteration [2054]. Epoch [0/49]
2025-05-08 18:17:27,612 [MainThread] INFO UNetTrainer - Training iteration [2055]. Epoch [0/49]
2025-05-08 18:18:50,642 [MainThread] INFO UNetTrainer - Training iteration [2056]. Epoch [0/49]
2025-05-08 18:20:13,853 [MainThread] INFO UNetTrainer - Training iteration [2057]. Epoch [0/49]
2025-05-08 18:21:36,585 [MainThread] INFO UNetTrainer - Training iteration [2058]. Epoch [0/49]
2025-05-08 18:22:58,772 [MainThread] INFO UNetTrainer - Training iteration [2059]. Epoch [0/49]
2025-05-08 18:24:19,104 [MainThread] INFO UNetTrainer - Training iteration [2060]. Epoch [0/49]
2025-05-08 18:25:42,454 [MainThread] INFO UNetTrainer - Training iteration [2061]. Epoch [0/49]
2025-05-08 18:27:05,209 [MainThread] INFO UNetTrainer - Training iteration [2062]. Epoch [0/49]
2025-05-08 18:28:30,184 [MainThread] INFO UNetTrainer - Training iteration [2063]. Epoch [0/49]
2025-05-08 18:29:52,310 [MainThread] INFO UNetTrainer - Training iteration [2064]. Epoch [0/49]
2025-05-08 18:31:14,474 [MainThread] INFO UNetTrainer - Training iteration [2065]. Epoch [0/49]
2025-05-08 18:32:37,446 [MainThread] INFO UNetTrainer - Training iteration [2066]. Epoch [0/49]
2025-05-08 18:33:59,850 [MainThread] INFO UNetTrainer - Training iteration [2067]. Epoch [0/49]
2025-05-08 18:35:22,410 [MainThread] INFO UNetTrainer - Training iteration [2068]. Epoch [0/49]
2025-05-08 18:36:45,230 [MainThread] INFO UNetTrainer - Training iteration [2069]. Epoch [0/49]
2025-05-08 18:38:06,917 [MainThread] INFO UNetTrainer - Training iteration [2070]. Epoch [0/49]
2025-05-08 18:39:28,241 [MainThread] INFO UNetTrainer - Training iteration [2071]. Epoch [0/49]
2025-05-08 18:40:50,725 [MainThread] INFO UNetTrainer - Training iteration [2072]. Epoch [0/49]
2025-05-08 18:42:12,354 [MainThread] INFO UNetTrainer - Training iteration [2073]. Epoch [0/49]
2025-05-08 18:43:34,650 [MainThread] INFO UNetTrainer - Training iteration [2074]. Epoch [0/49]
2025-05-08 18:44:56,205 [MainThread] INFO UNetTrainer - Training iteration [2075]. Epoch [0/49]
2025-05-08 18:46:19,214 [MainThread] INFO UNetTrainer - Training iteration [2076]. Epoch [0/49]
2025-05-08 18:47:40,682 [MainThread] INFO UNetTrainer - Training iteration [2077]. Epoch [0/49]
2025-05-08 18:49:02,536 [MainThread] INFO UNetTrainer - Training iteration [2078]. Epoch [0/49]
2025-05-08 18:50:25,830 [MainThread] INFO UNetTrainer - Training iteration [2079]. Epoch [0/49]
2025-05-08 18:51:47,973 [MainThread] INFO UNetTrainer - Training iteration [2080]. Epoch [0/49]
2025-05-08 18:53:10,018 [MainThread] INFO UNetTrainer - Training iteration [2081]. Epoch [0/49]
2025-05-08 18:54:31,803 [MainThread] INFO UNetTrainer - Training iteration [2082]. Epoch [0/49]
2025-05-08 18:55:54,086 [MainThread] INFO UNetTrainer - Training iteration [2083]. Epoch [0/49]
2025-05-08 18:57:16,125 [MainThread] INFO UNetTrainer - Training iteration [2084]. Epoch [0/49]
2025-05-08 18:58:37,654 [MainThread] INFO UNetTrainer - Training iteration [2085]. Epoch [0/49]
2025-05-08 19:00:00,012 [MainThread] INFO UNetTrainer - Training iteration [2086]. Epoch [0/49]
2025-05-08 19:01:22,381 [MainThread] INFO UNetTrainer - Training iteration [2087]. Epoch [0/49]
2025-05-08 19:02:44,275 [MainThread] INFO UNetTrainer - Training iteration [2088]. Epoch [0/49]
2025-05-08 19:04:05,448 [MainThread] INFO UNetTrainer - Training iteration [2089]. Epoch [0/49]
2025-05-08 19:05:26,822 [MainThread] INFO UNetTrainer - Training iteration [2090]. Epoch [0/49]
2025-05-08 19:06:49,026 [MainThread] INFO UNetTrainer - Training iteration [2091]. Epoch [0/49]
2025-05-08 19:08:10,723 [MainThread] INFO UNetTrainer - Training iteration [2092]. Epoch [0/49]
2025-05-08 19:09:31,542 [MainThread] INFO UNetTrainer - Training iteration [2093]. Epoch [0/49]
2025-05-08 19:10:53,421 [MainThread] INFO UNetTrainer - Training iteration [2094]. Epoch [0/49]
2025-05-08 19:12:14,709 [MainThread] INFO UNetTrainer - Training iteration [2095]. Epoch [0/49]
2025-05-08 19:13:35,294 [MainThread] INFO UNetTrainer - Training iteration [2096]. Epoch [0/49]
2025-05-08 19:14:56,452 [MainThread] INFO UNetTrainer - Training iteration [2097]. Epoch [0/49]
2025-05-08 19:16:18,494 [MainThread] INFO UNetTrainer - Training iteration [2098]. Epoch [0/49]
2025-05-08 19:17:39,643 [MainThread] INFO UNetTrainer - Training iteration [2099]. Epoch [0/49]
2025-05-08 19:19:01,175 [MainThread] INFO UNetTrainer - Training iteration [2100]. Epoch [0/49]
2025-05-08 19:20:22,674 [MainThread] INFO UNetTrainer - Training iteration [2101]. Epoch [0/49]
2025-05-08 19:21:44,213 [MainThread] INFO UNetTrainer - Training iteration [2102]. Epoch [0/49]
2025-05-08 19:23:05,467 [MainThread] INFO UNetTrainer - Training iteration [2103]. Epoch [0/49]
2025-05-08 19:24:27,254 [MainThread] INFO UNetTrainer - Training iteration [2104]. Epoch [0/49]
2025-05-08 19:25:48,709 [MainThread] INFO UNetTrainer - Training iteration [2105]. Epoch [0/49]
2025-05-08 19:27:10,689 [MainThread] INFO UNetTrainer - Training iteration [2106]. Epoch [0/49]
2025-05-08 19:28:33,304 [MainThread] INFO UNetTrainer - Training iteration [2107]. Epoch [0/49]
2025-05-08 19:29:55,041 [MainThread] INFO UNetTrainer - Training iteration [2108]. Epoch [0/49]
2025-05-08 19:31:17,270 [MainThread] INFO UNetTrainer - Training iteration [2109]. Epoch [0/49]
2025-05-08 19:32:39,248 [MainThread] INFO UNetTrainer - Training iteration [2110]. Epoch [0/49]
2025-05-08 19:34:00,574 [MainThread] INFO UNetTrainer - Training iteration [2111]. Epoch [0/49]
2025-05-08 19:35:21,477 [MainThread] INFO UNetTrainer - Training iteration [2112]. Epoch [0/49]
2025-05-08 19:36:43,144 [MainThread] INFO UNetTrainer - Training iteration [2113]. Epoch [0/49]
2025-05-08 19:38:03,554 [MainThread] INFO UNetTrainer - Training iteration [2114]. Epoch [0/49]
2025-05-08 19:39:24,497 [MainThread] INFO UNetTrainer - Training iteration [2115]. Epoch [0/49]
2025-05-08 19:40:46,346 [MainThread] INFO UNetTrainer - Training iteration [2116]. Epoch [0/49]
2025-05-08 19:42:08,885 [MainThread] INFO UNetTrainer - Training iteration [2117]. Epoch [0/49]
2025-05-08 19:43:31,037 [MainThread] INFO UNetTrainer - Training iteration [2118]. Epoch [0/49]
2025-05-08 19:44:52,846 [MainThread] INFO UNetTrainer - Training iteration [2119]. Epoch [0/49]
2025-05-08 19:46:15,925 [MainThread] INFO UNetTrainer - Training iteration [2120]. Epoch [0/49]
2025-05-08 19:47:38,328 [MainThread] INFO UNetTrainer - Training iteration [2121]. Epoch [0/49]
2025-05-08 19:48:59,518 [MainThread] INFO UNetTrainer - Training iteration [2122]. Epoch [0/49]
2025-05-08 19:50:20,892 [MainThread] INFO UNetTrainer - Training iteration [2123]. Epoch [0/49]
2025-05-08 19:51:42,578 [MainThread] INFO UNetTrainer - Training iteration [2124]. Epoch [0/49]
2025-05-08 19:53:03,602 [MainThread] INFO UNetTrainer - Training iteration [2125]. Epoch [0/49]
2025-05-08 19:54:24,561 [MainThread] INFO UNetTrainer - Training iteration [2126]. Epoch [0/49]
2025-05-08 19:55:46,066 [MainThread] INFO UNetTrainer - Training iteration [2127]. Epoch [0/49]
2025-05-08 19:57:07,137 [MainThread] INFO UNetTrainer - Training iteration [2128]. Epoch [0/49]
2025-05-08 19:58:28,436 [MainThread] INFO UNetTrainer - Training iteration [2129]. Epoch [0/49]
2025-05-08 19:59:49,095 [MainThread] INFO UNetTrainer - Training iteration [2130]. Epoch [0/49]
2025-05-08 20:01:11,216 [MainThread] INFO UNetTrainer - Training iteration [2131]. Epoch [0/49]
2025-05-08 20:02:32,999 [MainThread] INFO UNetTrainer - Training iteration [2132]. Epoch [0/49]
2025-05-08 20:03:55,184 [MainThread] INFO UNetTrainer - Training iteration [2133]. Epoch [0/49]
2025-05-08 20:05:16,173 [MainThread] INFO UNetTrainer - Training iteration [2134]. Epoch [0/49]
2025-05-08 20:06:38,889 [MainThread] INFO UNetTrainer - Training iteration [2135]. Epoch [0/49]
2025-05-08 20:08:00,272 [MainThread] INFO UNetTrainer - Training iteration [2136]. Epoch [0/49]
2025-05-08 20:09:21,731 [MainThread] INFO UNetTrainer - Training iteration [2137]. Epoch [0/49]
2025-05-08 20:10:43,461 [MainThread] INFO UNetTrainer - Training iteration [2138]. Epoch [0/49]
2025-05-08 20:12:05,546 [MainThread] INFO UNetTrainer - Training iteration [2139]. Epoch [0/49]
2025-05-08 20:13:27,197 [MainThread] INFO UNetTrainer - Training iteration [2140]. Epoch [0/49]
2025-05-08 20:14:48,612 [MainThread] INFO UNetTrainer - Training iteration [2141]. Epoch [0/49]
2025-05-08 20:16:09,720 [MainThread] INFO UNetTrainer - Training iteration [2142]. Epoch [0/49]
2025-05-08 20:17:30,551 [MainThread] INFO UNetTrainer - Training iteration [2143]. Epoch [0/49]
2025-05-08 20:18:51,867 [MainThread] INFO UNetTrainer - Training iteration [2144]. Epoch [0/49]
2025-05-08 20:20:12,532 [MainThread] INFO UNetTrainer - Training iteration [2145]. Epoch [0/49]
2025-05-08 20:21:34,467 [MainThread] INFO UNetTrainer - Training iteration [2146]. Epoch [0/49]
2025-05-08 20:22:55,664 [MainThread] INFO UNetTrainer - Training iteration [2147]. Epoch [0/49]
2025-05-08 20:24:16,593 [MainThread] INFO UNetTrainer - Training iteration [2148]. Epoch [0/49]
2025-05-08 20:25:38,457 [MainThread] INFO UNetTrainer - Training iteration [2149]. Epoch [0/49]
2025-05-08 20:26:59,672 [MainThread] INFO UNetTrainer - Training iteration [2150]. Epoch [0/49]
2025-05-08 20:28:23,065 [MainThread] INFO UNetTrainer - Training iteration [2151]. Epoch [0/49]
2025-05-08 20:29:44,420 [MainThread] INFO UNetTrainer - Training iteration [2152]. Epoch [0/49]
2025-05-08 20:31:05,389 [MainThread] INFO UNetTrainer - Training iteration [2153]. Epoch [0/49]
2025-05-08 20:32:26,015 [MainThread] INFO UNetTrainer - Training iteration [2154]. Epoch [0/49]
2025-05-08 20:33:46,583 [MainThread] INFO UNetTrainer - Training iteration [2155]. Epoch [0/49]
2025-05-08 20:35:07,016 [MainThread] INFO UNetTrainer - Training iteration [2156]. Epoch [0/49]
2025-05-08 20:36:27,480 [MainThread] INFO UNetTrainer - Training iteration [2157]. Epoch [0/49]
2025-05-08 20:37:48,604 [MainThread] INFO UNetTrainer - Training iteration [2158]. Epoch [0/49]
2025-05-08 20:39:08,924 [MainThread] INFO UNetTrainer - Training iteration [2159]. Epoch [0/49]
2025-05-08 20:40:29,151 [MainThread] INFO UNetTrainer - Training iteration [2160]. Epoch [0/49]
2025-05-08 20:41:49,643 [MainThread] INFO UNetTrainer - Training iteration [2161]. Epoch [0/49]
2025-05-08 20:43:10,526 [MainThread] INFO UNetTrainer - Training iteration [2162]. Epoch [0/49]
2025-05-08 20:44:30,808 [MainThread] INFO UNetTrainer - Training iteration [2163]. Epoch [0/49]
2025-05-08 20:45:52,872 [MainThread] INFO UNetTrainer - Training iteration [2164]. Epoch [0/49]
2025-05-08 20:47:13,240 [MainThread] INFO UNetTrainer - Training iteration [2165]. Epoch [0/49]
2025-05-08 20:48:34,089 [MainThread] INFO UNetTrainer - Training iteration [2166]. Epoch [0/49]
2025-05-08 20:49:54,845 [MainThread] INFO UNetTrainer - Training iteration [2167]. Epoch [0/49]
2025-05-08 20:51:15,169 [MainThread] INFO UNetTrainer - Training iteration [2168]. Epoch [0/49]
2025-05-08 20:52:35,338 [MainThread] INFO UNetTrainer - Training iteration [2169]. Epoch [0/49]
2025-05-08 20:53:55,011 [MainThread] INFO UNetTrainer - Training iteration [2170]. Epoch [0/49]
2025-05-08 20:55:15,245 [MainThread] INFO UNetTrainer - Training iteration [2171]. Epoch [0/49]
2025-05-08 20:56:34,673 [MainThread] INFO UNetTrainer - Training iteration [2172]. Epoch [0/49]
2025-05-08 20:57:55,250 [MainThread] INFO UNetTrainer - Training iteration [2173]. Epoch [0/49]
2025-05-08 20:59:15,083 [MainThread] INFO UNetTrainer - Training iteration [2174]. Epoch [0/49]
2025-05-08 21:00:36,483 [MainThread] INFO UNetTrainer - Training iteration [2175]. Epoch [0/49]
2025-05-08 21:01:56,812 [MainThread] INFO UNetTrainer - Training iteration [2176]. Epoch [0/49]
2025-05-08 21:03:17,162 [MainThread] INFO UNetTrainer - Training iteration [2177]. Epoch [0/49]
2025-05-08 21:04:37,394 [MainThread] INFO UNetTrainer - Training iteration [2178]. Epoch [0/49]
2025-05-08 21:05:58,097 [MainThread] INFO UNetTrainer - Training iteration [2179]. Epoch [0/49]
2025-05-08 21:07:17,676 [MainThread] INFO UNetTrainer - Training iteration [2180]. Epoch [0/49]
2025-05-08 21:08:39,164 [MainThread] INFO UNetTrainer - Training iteration [2181]. Epoch [0/49]
2025-05-08 21:10:00,379 [MainThread] INFO UNetTrainer - Training iteration [2182]. Epoch [0/49]
2025-05-08 21:11:21,930 [MainThread] INFO UNetTrainer - Training iteration [2183]. Epoch [0/49]
2025-05-08 21:12:42,635 [MainThread] INFO UNetTrainer - Training iteration [2184]. Epoch [0/49]
2025-05-08 21:14:03,375 [MainThread] INFO UNetTrainer - Training iteration [2185]. Epoch [0/49]
2025-05-08 21:15:23,558 [MainThread] INFO UNetTrainer - Training iteration [2186]. Epoch [0/49]
2025-05-08 21:16:45,232 [MainThread] INFO UNetTrainer - Training iteration [2187]. Epoch [0/49]
2025-05-08 21:18:06,382 [MainThread] INFO UNetTrainer - Training iteration [2188]. Epoch [0/49]
2025-05-08 21:19:26,856 [MainThread] INFO UNetTrainer - Training iteration [2189]. Epoch [0/49]
2025-05-08 21:20:47,368 [MainThread] INFO UNetTrainer - Training iteration [2190]. Epoch [0/49]
2025-05-08 21:22:09,402 [MainThread] INFO UNetTrainer - Training iteration [2191]. Epoch [0/49]
2025-05-08 21:23:30,448 [MainThread] INFO UNetTrainer - Training iteration [2192]. Epoch [0/49]
2025-05-08 21:24:50,712 [MainThread] INFO UNetTrainer - Training iteration [2193]. Epoch [0/49]
2025-05-08 21:26:10,745 [MainThread] INFO UNetTrainer - Training iteration [2194]. Epoch [0/49]
2025-05-08 21:27:30,596 [MainThread] INFO UNetTrainer - Training iteration [2195]. Epoch [0/49]
2025-05-08 21:28:50,848 [MainThread] INFO UNetTrainer - Training iteration [2196]. Epoch [0/49]
2025-05-08 21:30:11,358 [MainThread] INFO UNetTrainer - Training iteration [2197]. Epoch [0/49]
2025-05-08 21:31:31,773 [MainThread] INFO UNetTrainer - Training iteration [2198]. Epoch [0/49]
2025-05-08 21:32:51,748 [MainThread] INFO UNetTrainer - Training iteration [2199]. Epoch [0/49]
2025-05-08 21:34:10,702 [MainThread] INFO UNetTrainer - Training iteration [2200]. Epoch [0/49]
2025-05-08 21:35:27,157 [MainThread] INFO UNetTrainer - Training iteration [2201]. Epoch [0/49]
2025-05-08 21:36:43,129 [MainThread] INFO UNetTrainer - Training iteration [2202]. Epoch [0/49]
2025-05-08 21:37:58,593 [MainThread] INFO UNetTrainer - Training iteration [2203]. Epoch [0/49]
2025-05-08 21:39:14,368 [MainThread] INFO UNetTrainer - Training iteration [2204]. Epoch [0/49]
2025-05-08 21:40:31,295 [MainThread] INFO UNetTrainer - Training iteration [2205]. Epoch [0/49]
2025-05-08 21:41:47,302 [MainThread] INFO UNetTrainer - Training iteration [2206]. Epoch [0/49]
2025-05-08 21:43:02,915 [MainThread] INFO UNetTrainer - Training iteration [2207]. Epoch [0/49]
2025-05-08 21:44:18,150 [MainThread] INFO UNetTrainer - Training iteration [2208]. Epoch [0/49]
2025-05-08 21:45:34,588 [MainThread] INFO UNetTrainer - Training iteration [2209]. Epoch [0/49]
2025-05-08 21:46:50,491 [MainThread] INFO UNetTrainer - Training iteration [2210]. Epoch [0/49]
2025-05-08 21:48:05,810 [MainThread] INFO UNetTrainer - Training iteration [2211]. Epoch [0/49]
2025-05-08 21:49:20,915 [MainThread] INFO UNetTrainer - Training iteration [2212]. Epoch [0/49]
2025-05-08 21:50:37,462 [MainThread] INFO UNetTrainer - Training iteration [2213]. Epoch [0/49]
2025-05-08 21:51:53,269 [MainThread] INFO UNetTrainer - Training iteration [2214]. Epoch [0/49]
2025-05-08 21:53:08,368 [MainThread] INFO UNetTrainer - Training iteration [2215]. Epoch [0/49]
2025-05-08 21:54:23,424 [MainThread] INFO UNetTrainer - Training iteration [2216]. Epoch [0/49]
2025-05-08 21:55:39,397 [MainThread] INFO UNetTrainer - Training iteration [2217]. Epoch [0/49]
2025-05-08 21:56:55,373 [MainThread] INFO UNetTrainer - Training iteration [2218]. Epoch [0/49]
2025-05-08 21:58:10,728 [MainThread] INFO UNetTrainer - Training iteration [2219]. Epoch [0/49]
2025-05-08 21:59:26,161 [MainThread] INFO UNetTrainer - Training iteration [2220]. Epoch [0/49]
2025-05-08 22:00:42,934 [MainThread] INFO UNetTrainer - Training iteration [2221]. Epoch [0/49]
2025-05-08 22:01:58,141 [MainThread] INFO UNetTrainer - Training iteration [2222]. Epoch [0/49]
2025-05-08 22:03:13,092 [MainThread] INFO UNetTrainer - Training iteration [2223]. Epoch [0/49]
2025-05-08 22:04:29,819 [MainThread] INFO UNetTrainer - Training iteration [2224]. Epoch [0/49]
2025-05-08 22:05:48,431 [MainThread] INFO UNetTrainer - Training iteration [2225]. Epoch [0/49]
2025-05-08 22:07:06,475 [MainThread] INFO UNetTrainer - Training iteration [2226]. Epoch [0/49]
2025-05-08 22:08:24,065 [MainThread] INFO UNetTrainer - Training iteration [2227]. Epoch [0/49]
2025-05-08 22:09:42,571 [MainThread] INFO UNetTrainer - Training iteration [2228]. Epoch [0/49]
2025-05-08 22:11:02,145 [MainThread] INFO UNetTrainer - Training iteration [2229]. Epoch [0/49]
2025-05-08 22:12:21,079 [MainThread] INFO UNetTrainer - Training iteration [2230]. Epoch [0/49]
2025-05-08 22:13:40,270 [MainThread] INFO UNetTrainer - Training iteration [2231]. Epoch [0/49]
2025-05-08 22:14:59,206 [MainThread] INFO UNetTrainer - Training iteration [2232]. Epoch [0/49]
2025-05-08 22:16:18,777 [MainThread] INFO UNetTrainer - Training iteration [2233]. Epoch [0/49]
2025-05-08 22:17:37,636 [MainThread] INFO UNetTrainer - Training iteration [2234]. Epoch [0/49]
2025-05-08 22:18:56,349 [MainThread] INFO UNetTrainer - Training iteration [2235]. Epoch [0/49]
2025-05-08 22:20:14,810 [MainThread] INFO UNetTrainer - Training iteration [2236]. Epoch [0/49]
2025-05-08 22:21:34,116 [MainThread] INFO UNetTrainer - Training iteration [2237]. Epoch [0/49]
2025-05-08 22:22:53,391 [MainThread] INFO UNetTrainer - Training iteration [2238]. Epoch [0/49]
2025-05-08 22:24:12,620 [MainThread] INFO UNetTrainer - Training iteration [2239]. Epoch [0/49]
2025-05-08 22:25:31,806 [MainThread] INFO UNetTrainer - Training iteration [2240]. Epoch [0/49]
2025-05-08 22:26:51,019 [MainThread] INFO UNetTrainer - Training iteration [2241]. Epoch [0/49]
2025-05-08 22:28:10,104 [MainThread] INFO UNetTrainer - Training iteration [2242]. Epoch [0/49]
2025-05-08 22:29:28,833 [MainThread] INFO UNetTrainer - Training iteration [2243]. Epoch [0/49]
2025-05-08 22:30:47,854 [MainThread] INFO UNetTrainer - Training iteration [2244]. Epoch [0/49]
2025-05-08 22:32:06,632 [MainThread] INFO UNetTrainer - Training iteration [2245]. Epoch [0/49]
2025-05-08 22:33:25,358 [MainThread] INFO UNetTrainer - Training iteration [2246]. Epoch [0/49]
2025-05-08 22:34:44,403 [MainThread] INFO UNetTrainer - Training iteration [2247]. Epoch [0/49]
2025-05-08 22:36:04,602 [MainThread] INFO UNetTrainer - Training iteration [2248]. Epoch [0/49]
2025-05-08 22:37:22,714 [MainThread] INFO UNetTrainer - Training iteration [2249]. Epoch [0/49]
2025-05-08 22:38:41,254 [MainThread] INFO UNetTrainer - Training iteration [2250]. Epoch [0/49]
2025-05-08 22:39:59,345 [MainThread] INFO UNetTrainer - Training iteration [2251]. Epoch [0/49]
2025-05-08 22:41:18,969 [MainThread] INFO UNetTrainer - Training iteration [2252]. Epoch [0/49]
2025-05-08 22:42:37,349 [MainThread] INFO UNetTrainer - Training iteration [2253]. Epoch [0/49]
2025-05-08 22:43:56,107 [MainThread] INFO UNetTrainer - Training iteration [2254]. Epoch [0/49]
2025-05-08 22:45:15,283 [MainThread] INFO UNetTrainer - Training iteration [2255]. Epoch [0/49]
2025-05-08 22:46:35,310 [MainThread] INFO UNetTrainer - Training iteration [2256]. Epoch [0/49]
2025-05-08 22:47:54,196 [MainThread] INFO UNetTrainer - Training iteration [2257]. Epoch [0/49]
2025-05-08 22:49:13,215 [MainThread] INFO UNetTrainer - Training iteration [2258]. Epoch [0/49]
2025-05-08 22:50:33,090 [MainThread] INFO UNetTrainer - Training iteration [2259]. Epoch [0/49]
2025-05-08 22:51:51,858 [MainThread] INFO UNetTrainer - Training iteration [2260]. Epoch [0/49]
2025-05-08 22:53:10,862 [MainThread] INFO UNetTrainer - Training iteration [2261]. Epoch [0/49]
2025-05-08 22:54:30,372 [MainThread] INFO UNetTrainer - Training iteration [2262]. Epoch [0/49]
2025-05-08 22:55:50,412 [MainThread] INFO UNetTrainer - Training iteration [2263]. Epoch [0/49]
2025-05-08 22:57:09,194 [MainThread] INFO UNetTrainer - Training iteration [2264]. Epoch [0/49]
2025-05-08 22:58:27,686 [MainThread] INFO UNetTrainer - Training iteration [2265]. Epoch [0/49]
2025-05-08 22:59:45,949 [MainThread] INFO UNetTrainer - Training iteration [2266]. Epoch [0/49]
2025-05-08 23:01:06,263 [MainThread] INFO UNetTrainer - Training iteration [2267]. Epoch [0/49]
2025-05-08 23:02:25,798 [MainThread] INFO UNetTrainer - Training iteration [2268]. Epoch [0/49]
2025-05-08 23:03:45,228 [MainThread] INFO UNetTrainer - Training iteration [2269]. Epoch [0/49]
2025-05-08 23:05:04,476 [MainThread] INFO UNetTrainer - Training iteration [2270]. Epoch [0/49]
2025-05-08 23:06:24,655 [MainThread] INFO UNetTrainer - Training iteration [2271]. Epoch [0/49]
2025-05-08 23:07:43,774 [MainThread] INFO UNetTrainer - Training iteration [2272]. Epoch [0/49]
2025-05-08 23:09:02,532 [MainThread] INFO UNetTrainer - Training iteration [2273]. Epoch [0/49]
2025-05-08 23:10:22,457 [MainThread] INFO UNetTrainer - Training iteration [2274]. Epoch [0/49]
2025-05-08 23:11:43,392 [MainThread] INFO UNetTrainer - Training iteration [2275]. Epoch [0/49]
2025-05-08 23:13:03,225 [MainThread] INFO UNetTrainer - Training iteration [2276]. Epoch [0/49]
2025-05-08 23:14:24,606 [MainThread] INFO UNetTrainer - Training iteration [2277]. Epoch [0/49]
2025-05-08 23:15:45,514 [MainThread] INFO UNetTrainer - Training iteration [2278]. Epoch [0/49]
2025-05-08 23:17:06,067 [MainThread] INFO UNetTrainer - Training iteration [2279]. Epoch [0/49]
2025-05-08 23:18:26,014 [MainThread] INFO UNetTrainer - Training iteration [2280]. Epoch [0/49]
2025-05-08 23:19:46,200 [MainThread] INFO UNetTrainer - Training iteration [2281]. Epoch [0/49]
2025-05-08 23:21:06,261 [MainThread] INFO UNetTrainer - Training iteration [2282]. Epoch [0/49]
2025-05-08 23:22:26,646 [MainThread] INFO UNetTrainer - Training iteration [2283]. Epoch [0/49]
2025-05-08 23:23:47,807 [MainThread] INFO UNetTrainer - Training iteration [2284]. Epoch [0/49]
2025-05-08 23:25:08,634 [MainThread] INFO UNetTrainer - Training iteration [2285]. Epoch [0/49]
2025-05-08 23:26:29,711 [MainThread] INFO UNetTrainer - Training iteration [2286]. Epoch [0/49]
2025-05-08 23:27:49,544 [MainThread] INFO UNetTrainer - Training iteration [2287]. Epoch [0/49]
2025-05-08 23:29:09,324 [MainThread] INFO UNetTrainer - Training iteration [2288]. Epoch [0/49]
2025-05-08 23:30:29,076 [MainThread] INFO UNetTrainer - Training iteration [2289]. Epoch [0/49]
2025-05-08 23:31:49,284 [MainThread] INFO UNetTrainer - Training iteration [2290]. Epoch [0/49]
2025-05-08 23:33:09,091 [MainThread] INFO UNetTrainer - Training iteration [2291]. Epoch [0/49]
2025-05-08 23:34:29,781 [MainThread] INFO UNetTrainer - Training iteration [2292]. Epoch [0/49]
2025-05-08 23:35:50,299 [MainThread] INFO UNetTrainer - Training iteration [2293]. Epoch [0/49]
2025-05-08 23:37:10,341 [MainThread] INFO UNetTrainer - Training iteration [2294]. Epoch [0/49]
2025-05-08 23:38:30,483 [MainThread] INFO UNetTrainer - Training iteration [2295]. Epoch [0/49]
2025-05-08 23:39:50,687 [MainThread] INFO UNetTrainer - Training iteration [2296]. Epoch [0/49]
2025-05-08 23:41:11,615 [MainThread] INFO UNetTrainer - Training iteration [2297]. Epoch [0/49]
2025-05-08 23:42:32,351 [MainThread] INFO UNetTrainer - Training iteration [2298]. Epoch [0/49]
2025-05-08 23:43:52,720 [MainThread] INFO UNetTrainer - Training iteration [2299]. Epoch [0/49]
2025-05-08 23:45:13,319 [MainThread] INFO UNetTrainer - Training iteration [2300]. Epoch [0/49]
2025-05-08 23:46:34,065 [MainThread] INFO UNetTrainer - Training iteration [2301]. Epoch [0/49]
2025-05-08 23:47:54,358 [MainThread] INFO UNetTrainer - Training iteration [2302]. Epoch [0/49]
2025-05-08 23:49:14,860 [MainThread] INFO UNetTrainer - Training iteration [2303]. Epoch [0/49]
2025-05-08 23:50:35,407 [MainThread] INFO UNetTrainer - Training iteration [2304]. Epoch [0/49]
2025-05-08 23:51:55,998 [MainThread] INFO UNetTrainer - Training iteration [2305]. Epoch [0/49]
2025-05-08 23:53:16,799 [MainThread] INFO UNetTrainer - Training iteration [2306]. Epoch [0/49]
2025-05-08 23:54:36,763 [MainThread] INFO UNetTrainer - Training iteration [2307]. Epoch [0/49]
2025-05-08 23:55:57,241 [MainThread] INFO UNetTrainer - Training iteration [2308]. Epoch [0/49]
2025-05-08 23:57:17,614 [MainThread] INFO UNetTrainer - Training iteration [2309]. Epoch [0/49]
2025-05-08 23:58:37,756 [MainThread] INFO UNetTrainer - Training iteration [2310]. Epoch [0/49]
2025-05-08 23:59:57,655 [MainThread] INFO UNetTrainer - Training iteration [2311]. Epoch [0/49]
2025-05-09 00:01:18,543 [MainThread] INFO UNetTrainer - Training iteration [2312]. Epoch [0/49]
2025-05-09 00:02:38,798 [MainThread] INFO UNetTrainer - Training iteration [2313]. Epoch [0/49]
2025-05-09 00:03:58,971 [MainThread] INFO UNetTrainer - Training iteration [2314]. Epoch [0/49]
2025-05-09 00:05:19,446 [MainThread] INFO UNetTrainer - Training iteration [2315]. Epoch [0/49]
2025-05-09 00:06:40,011 [MainThread] INFO UNetTrainer - Training iteration [2316]. Epoch [0/49]
2025-05-09 00:08:00,320 [MainThread] INFO UNetTrainer - Training iteration [2317]. Epoch [0/49]
2025-05-09 00:09:20,100 [MainThread] INFO UNetTrainer - Training iteration [2318]. Epoch [0/49]
2025-05-09 00:10:40,956 [MainThread] INFO UNetTrainer - Training iteration [2319]. Epoch [0/49]
2025-05-09 00:12:01,579 [MainThread] INFO UNetTrainer - Training iteration [2320]. Epoch [0/49]
2025-05-09 00:13:22,184 [MainThread] INFO UNetTrainer - Training iteration [2321]. Epoch [0/49]
2025-05-09 00:14:42,675 [MainThread] INFO UNetTrainer - Training iteration [2322]. Epoch [0/49]
2025-05-09 00:16:01,643 [MainThread] INFO UNetTrainer - Training iteration [2323]. Epoch [0/49]
2025-05-09 00:17:19,031 [MainThread] INFO UNetTrainer - Training iteration [2324]. Epoch [0/49]
2025-05-09 00:18:36,010 [MainThread] INFO UNetTrainer - Training iteration [2325]. Epoch [0/49]
2025-05-09 00:19:53,857 [MainThread] INFO UNetTrainer - Training iteration [2326]. Epoch [0/49]
2025-05-09 00:21:14,516 [MainThread] INFO UNetTrainer - Training iteration [2327]. Epoch [0/49]
2025-05-09 00:22:34,933 [MainThread] INFO UNetTrainer - Training iteration [2328]. Epoch [0/49]
2025-05-09 00:23:55,329 [MainThread] INFO UNetTrainer - Training iteration [2329]. Epoch [0/49]
2025-05-09 00:25:15,991 [MainThread] INFO UNetTrainer - Training iteration [2330]. Epoch [0/49]
2025-05-09 00:26:36,600 [MainThread] INFO UNetTrainer - Training iteration [2331]. Epoch [0/49]
2025-05-09 00:27:56,445 [MainThread] INFO UNetTrainer - Training iteration [2332]. Epoch [0/49]
2025-05-09 00:29:16,391 [MainThread] INFO UNetTrainer - Training iteration [2333]. Epoch [0/49]
2025-05-09 00:30:36,653 [MainThread] INFO UNetTrainer - Training iteration [2334]. Epoch [0/49]
2025-05-09 00:31:56,731 [MainThread] INFO UNetTrainer - Training iteration [2335]. Epoch [0/49]
2025-05-09 00:33:16,645 [MainThread] INFO UNetTrainer - Training iteration [2336]. Epoch [0/49]
2025-05-09 00:34:36,538 [MainThread] INFO UNetTrainer - Training iteration [2337]. Epoch [0/49]
2025-05-09 00:35:57,385 [MainThread] INFO UNetTrainer - Training iteration [2338]. Epoch [0/49]
2025-05-09 00:37:17,591 [MainThread] INFO UNetTrainer - Training iteration [2339]. Epoch [0/49]
2025-05-09 00:38:37,924 [MainThread] INFO UNetTrainer - Training iteration [2340]. Epoch [0/49]
2025-05-09 00:39:57,936 [MainThread] INFO UNetTrainer - Training iteration [2341]. Epoch [0/49]
2025-05-09 00:41:18,647 [MainThread] INFO UNetTrainer - Training iteration [2342]. Epoch [0/49]
2025-05-09 00:42:38,370 [MainThread] INFO UNetTrainer - Training iteration [2343]. Epoch [0/49]
2025-05-09 00:43:59,007 [MainThread] INFO UNetTrainer - Training iteration [2344]. Epoch [0/49]
2025-05-09 00:45:19,943 [MainThread] INFO UNetTrainer - Training iteration [2345]. Epoch [0/49]
2025-05-09 00:46:40,998 [MainThread] INFO UNetTrainer - Training iteration [2346]. Epoch [0/49]
2025-05-09 00:48:00,575 [MainThread] INFO UNetTrainer - Training iteration [2347]. Epoch [0/49]
2025-05-09 00:49:20,969 [MainThread] INFO UNetTrainer - Training iteration [2348]. Epoch [0/49]
2025-05-09 00:50:41,452 [MainThread] INFO UNetTrainer - Training iteration [2349]. Epoch [0/49]
2025-05-09 00:52:01,640 [MainThread] INFO UNetTrainer - Training iteration [2350]. Epoch [0/49]
2025-05-09 00:53:21,624 [MainThread] INFO UNetTrainer - Training iteration [2351]. Epoch [0/49]
2025-05-09 00:54:41,874 [MainThread] INFO UNetTrainer - Training iteration [2352]. Epoch [0/49]
2025-05-09 00:56:02,578 [MainThread] INFO UNetTrainer - Training iteration [2353]. Epoch [0/49]
2025-05-09 00:57:22,799 [MainThread] INFO UNetTrainer - Training iteration [2354]. Epoch [0/49]
2025-05-09 00:58:42,901 [MainThread] INFO UNetTrainer - Training iteration [2355]. Epoch [0/49]
2025-05-09 01:00:02,851 [MainThread] INFO UNetTrainer - Training iteration [2356]. Epoch [0/49]
2025-05-09 01:01:23,239 [MainThread] INFO UNetTrainer - Training iteration [2357]. Epoch [0/49]
2025-05-09 01:02:43,315 [MainThread] INFO UNetTrainer - Training iteration [2358]. Epoch [0/49]
2025-05-09 01:04:03,445 [MainThread] INFO UNetTrainer - Training iteration [2359]. Epoch [0/49]
2025-05-09 01:05:23,810 [MainThread] INFO UNetTrainer - Training iteration [2360]. Epoch [0/49]
2025-05-09 01:06:44,462 [MainThread] INFO UNetTrainer - Training iteration [2361]. Epoch [0/49]
2025-05-09 01:08:04,760 [MainThread] INFO UNetTrainer - Training iteration [2362]. Epoch [0/49]
2025-05-09 01:09:25,257 [MainThread] INFO UNetTrainer - Training iteration [2363]. Epoch [0/49]
2025-05-09 01:10:45,894 [MainThread] INFO UNetTrainer - Training iteration [2364]. Epoch [0/49]
2025-05-09 01:12:06,485 [MainThread] INFO UNetTrainer - Training iteration [2365]. Epoch [0/49]
2025-05-09 01:13:27,162 [MainThread] INFO UNetTrainer - Training iteration [2366]. Epoch [0/49]
2025-05-09 01:14:48,126 [MainThread] INFO UNetTrainer - Training iteration [2367]. Epoch [0/49]
2025-05-09 01:16:08,962 [MainThread] INFO UNetTrainer - Training iteration [2368]. Epoch [0/49]
2025-05-09 01:17:30,078 [MainThread] INFO UNetTrainer - Training iteration [2369]. Epoch [0/49]
2025-05-09 01:18:51,757 [MainThread] INFO UNetTrainer - Training iteration [2370]. Epoch [0/49]
2025-05-09 01:20:13,484 [MainThread] INFO UNetTrainer - Training iteration [2371]. Epoch [0/49]
2025-05-09 01:21:33,127 [MainThread] INFO UNetTrainer - Training iteration [2372]. Epoch [0/49]
2025-05-09 01:22:52,749 [MainThread] INFO UNetTrainer - Training iteration [2373]. Epoch [0/49]
2025-05-09 01:24:12,226 [MainThread] INFO UNetTrainer - Training iteration [2374]. Epoch [0/49]
2025-05-09 01:25:33,071 [MainThread] INFO UNetTrainer - Training iteration [2375]. Epoch [0/49]
2025-05-09 01:26:53,550 [MainThread] INFO UNetTrainer - Training iteration [2376]. Epoch [0/49]
2025-05-09 01:28:11,777 [MainThread] INFO UNetTrainer - Training iteration [2377]. Epoch [0/49]
2025-05-09 01:29:29,919 [MainThread] INFO UNetTrainer - Training iteration [2378]. Epoch [0/49]
2025-05-09 01:30:49,409 [MainThread] INFO UNetTrainer - Training iteration [2379]. Epoch [0/49]
2025-05-09 01:32:07,522 [MainThread] INFO UNetTrainer - Training iteration [2380]. Epoch [0/49]
2025-05-09 01:33:26,384 [MainThread] INFO UNetTrainer - Training iteration [2381]. Epoch [0/49]
2025-05-09 01:34:45,346 [MainThread] INFO UNetTrainer - Training iteration [2382]. Epoch [0/49]
2025-05-09 01:36:05,037 [MainThread] INFO UNetTrainer - Training iteration [2383]. Epoch [0/49]
2025-05-09 01:37:24,519 [MainThread] INFO UNetTrainer - Training iteration [2384]. Epoch [0/49]
2025-05-09 01:38:43,491 [MainThread] INFO UNetTrainer - Training iteration [2385]. Epoch [0/49]
2025-05-09 01:40:01,329 [MainThread] INFO UNetTrainer - Training iteration [2386]. Epoch [0/49]
2025-05-09 01:41:21,147 [MainThread] INFO UNetTrainer - Training iteration [2387]. Epoch [0/49]
2025-05-09 01:42:40,099 [MainThread] INFO UNetTrainer - Training iteration [2388]. Epoch [0/49]
2025-05-09 01:43:58,926 [MainThread] INFO UNetTrainer - Training iteration [2389]. Epoch [0/49]
2025-05-09 01:45:16,649 [MainThread] INFO UNetTrainer - Training iteration [2390]. Epoch [0/49]
2025-05-09 01:46:34,688 [MainThread] INFO UNetTrainer - Training iteration [2391]. Epoch [0/49]
2025-05-09 01:47:52,730 [MainThread] INFO UNetTrainer - Training iteration [2392]. Epoch [0/49]
2025-05-09 01:49:11,746 [MainThread] INFO UNetTrainer - Training iteration [2393]. Epoch [0/49]
2025-05-09 01:50:31,561 [MainThread] INFO UNetTrainer - Training iteration [2394]. Epoch [0/49]
2025-05-09 01:51:50,661 [MainThread] INFO UNetTrainer - Training iteration [2395]. Epoch [0/49]
2025-05-09 01:53:09,684 [MainThread] INFO UNetTrainer - Training iteration [2396]. Epoch [0/49]
2025-05-09 01:54:28,182 [MainThread] INFO UNetTrainer - Training iteration [2397]. Epoch [0/49]
2025-05-09 01:55:47,043 [MainThread] INFO UNetTrainer - Training iteration [2398]. Epoch [0/49]
2025-05-09 01:57:05,783 [MainThread] INFO UNetTrainer - Training iteration [2399]. Epoch [0/49]
2025-05-09 01:58:24,485 [MainThread] INFO UNetTrainer - Training iteration [2400]. Epoch [0/49]
2025-05-09 01:59:43,319 [MainThread] INFO UNetTrainer - Training iteration [2401]. Epoch [0/49]
2025-05-09 02:01:02,910 [MainThread] INFO UNetTrainer - Training iteration [2402]. Epoch [0/49]
2025-05-09 02:02:21,864 [MainThread] INFO UNetTrainer - Training iteration [2403]. Epoch [0/49]
2025-05-09 02:03:40,262 [MainThread] INFO UNetTrainer - Training iteration [2404]. Epoch [0/49]
2025-05-09 02:04:59,126 [MainThread] INFO UNetTrainer - Training iteration [2405]. Epoch [0/49]
2025-05-09 02:06:18,050 [MainThread] INFO UNetTrainer - Training iteration [2406]. Epoch [0/49]
2025-05-09 02:07:36,553 [MainThread] INFO UNetTrainer - Training iteration [2407]. Epoch [0/49]
2025-05-09 02:08:55,344 [MainThread] INFO UNetTrainer - Training iteration [2408]. Epoch [0/49]
2025-05-09 02:10:14,263 [MainThread] INFO UNetTrainer - Training iteration [2409]. Epoch [0/49]
2025-05-09 02:11:33,532 [MainThread] INFO UNetTrainer - Training iteration [2410]. Epoch [0/49]
2025-05-09 02:12:52,824 [MainThread] INFO UNetTrainer - Training iteration [2411]. Epoch [0/49]
2025-05-09 02:14:11,297 [MainThread] INFO UNetTrainer - Training iteration [2412]. Epoch [0/49]
2025-05-09 02:15:29,961 [MainThread] INFO UNetTrainer - Training iteration [2413]. Epoch [0/49]
2025-05-09 02:16:49,109 [MainThread] INFO UNetTrainer - Training iteration [2414]. Epoch [0/49]
2025-05-09 02:18:07,611 [MainThread] INFO UNetTrainer - Training iteration [2415]. Epoch [0/49]
2025-05-09 02:19:26,158 [MainThread] INFO UNetTrainer - Training iteration [2416]. Epoch [0/49]
2025-05-09 02:20:45,759 [MainThread] INFO UNetTrainer - Training iteration [2417]. Epoch [0/49]
2025-05-09 02:22:03,876 [MainThread] INFO UNetTrainer - Training iteration [2418]. Epoch [0/49]
2025-05-09 02:23:22,976 [MainThread] INFO UNetTrainer - Training iteration [2419]. Epoch [0/49]
2025-05-09 02:24:41,814 [MainThread] INFO UNetTrainer - Training iteration [2420]. Epoch [0/49]
2025-05-09 02:26:01,594 [MainThread] INFO UNetTrainer - Training iteration [2421]. Epoch [0/49]
2025-05-09 02:27:20,586 [MainThread] INFO UNetTrainer - Training iteration [2422]. Epoch [0/49]
2025-05-09 02:28:40,895 [MainThread] INFO UNetTrainer - Training iteration [2423]. Epoch [0/49]
2025-05-09 02:30:01,933 [MainThread] INFO UNetTrainer - Training iteration [2424]. Epoch [0/49]
2025-05-09 02:31:24,446 [MainThread] INFO UNetTrainer - Training iteration [2425]. Epoch [0/49]
2025-05-09 02:32:46,448 [MainThread] INFO UNetTrainer - Training iteration [2426]. Epoch [0/49]
2025-05-09 02:34:06,992 [MainThread] INFO UNetTrainer - Training iteration [2427]. Epoch [0/49]
2025-05-09 02:35:27,881 [MainThread] INFO UNetTrainer - Training iteration [2428]. Epoch [0/49]
2025-05-09 02:36:48,538 [MainThread] INFO UNetTrainer - Training iteration [2429]. Epoch [0/49]
2025-05-09 02:38:08,561 [MainThread] INFO UNetTrainer - Training iteration [2430]. Epoch [0/49]
2025-05-09 02:39:30,332 [MainThread] INFO UNetTrainer - Training iteration [2431]. Epoch [0/49]
2025-05-09 02:40:51,619 [MainThread] INFO UNetTrainer - Training iteration [2432]. Epoch [0/49]
2025-05-09 02:42:11,962 [MainThread] INFO UNetTrainer - Training iteration [2433]. Epoch [0/49]
2025-05-09 02:43:32,814 [MainThread] INFO UNetTrainer - Training iteration [2434]. Epoch [0/49]
2025-05-09 02:44:53,087 [MainThread] INFO UNetTrainer - Training iteration [2435]. Epoch [0/49]
2025-05-09 02:46:13,740 [MainThread] INFO UNetTrainer - Training iteration [2436]. Epoch [0/49]
2025-05-09 02:47:33,924 [MainThread] INFO UNetTrainer - Training iteration [2437]. Epoch [0/49]
2025-05-09 02:48:54,400 [MainThread] INFO UNetTrainer - Training iteration [2438]. Epoch [0/49]
2025-05-09 02:50:14,279 [MainThread] INFO UNetTrainer - Training iteration [2439]. Epoch [0/49]
2025-05-09 02:51:34,789 [MainThread] INFO UNetTrainer - Training iteration [2440]. Epoch [0/49]
2025-05-09 02:52:55,142 [MainThread] INFO UNetTrainer - Training iteration [2441]. Epoch [0/49]
2025-05-09 02:54:15,062 [MainThread] INFO UNetTrainer - Training iteration [2442]. Epoch [0/49]
2025-05-09 02:55:35,101 [MainThread] INFO UNetTrainer - Training iteration [2443]. Epoch [0/49]
2025-05-09 02:56:55,629 [MainThread] INFO UNetTrainer - Training iteration [2444]. Epoch [0/49]
2025-05-09 02:58:15,414 [MainThread] INFO UNetTrainer - Training iteration [2445]. Epoch [0/49]
2025-05-09 02:59:35,378 [MainThread] INFO UNetTrainer - Training iteration [2446]. Epoch [0/49]
2025-05-09 03:00:56,121 [MainThread] INFO UNetTrainer - Training iteration [2447]. Epoch [0/49]
2025-05-09 03:02:15,773 [MainThread] INFO UNetTrainer - Training iteration [2448]. Epoch [0/49]
2025-05-09 03:03:35,035 [MainThread] INFO UNetTrainer - Training iteration [2449]. Epoch [0/49]
2025-05-09 03:04:54,642 [MainThread] INFO UNetTrainer - Training iteration [2450]. Epoch [0/49]
2025-05-09 03:06:14,300 [MainThread] INFO UNetTrainer - Training iteration [2451]. Epoch [0/49]
2025-05-09 03:07:33,355 [MainThread] INFO UNetTrainer - Training iteration [2452]. Epoch [0/49]
2025-05-09 03:08:53,017 [MainThread] INFO UNetTrainer - Training iteration [2453]. Epoch [0/49]
2025-05-09 03:10:13,283 [MainThread] INFO UNetTrainer - Training iteration [2454]. Epoch [0/49]
2025-05-09 03:11:33,650 [MainThread] INFO UNetTrainer - Training iteration [2455]. Epoch [0/49]
2025-05-09 03:12:53,502 [MainThread] INFO UNetTrainer - Training iteration [2456]. Epoch [0/49]
2025-05-09 03:14:12,806 [MainThread] INFO UNetTrainer - Training iteration [2457]. Epoch [0/49]
2025-05-09 03:15:32,920 [MainThread] INFO UNetTrainer - Training iteration [2458]. Epoch [0/49]
2025-05-09 03:16:52,939 [MainThread] INFO UNetTrainer - Training iteration [2459]. Epoch [0/49]
2025-05-09 03:18:12,440 [MainThread] INFO UNetTrainer - Training iteration [2460]. Epoch [0/49]
2025-05-09 03:19:32,351 [MainThread] INFO UNetTrainer - Training iteration [2461]. Epoch [0/49]
2025-05-09 03:20:52,341 [MainThread] INFO UNetTrainer - Training iteration [2462]. Epoch [0/49]
2025-05-09 03:22:12,064 [MainThread] INFO UNetTrainer - Training iteration [2463]. Epoch [0/49]
2025-05-09 03:23:31,789 [MainThread] INFO UNetTrainer - Training iteration [2464]. Epoch [0/49]
2025-05-09 03:24:51,323 [MainThread] INFO UNetTrainer - Training iteration [2465]. Epoch [0/49]
2025-05-09 03:26:11,007 [MainThread] INFO UNetTrainer - Training iteration [2466]. Epoch [0/49]
2025-05-09 03:27:30,363 [MainThread] INFO UNetTrainer - Training iteration [2467]. Epoch [0/49]
2025-05-09 03:28:49,215 [MainThread] INFO UNetTrainer - Training iteration [2468]. Epoch [0/49]
2025-05-09 03:30:08,124 [MainThread] INFO UNetTrainer - Training iteration [2469]. Epoch [0/49]
2025-05-09 03:31:28,329 [MainThread] INFO UNetTrainer - Training iteration [2470]. Epoch [0/49]
2025-05-09 03:32:46,177 [MainThread] INFO UNetTrainer - Training iteration [2471]. Epoch [0/49]
2025-05-09 03:34:00,821 [MainThread] INFO UNetTrainer - Training iteration [2472]. Epoch [0/49]
2025-05-09 03:35:15,866 [MainThread] INFO UNetTrainer - Training iteration [2473]. Epoch [0/49]
2025-05-09 03:36:31,233 [MainThread] INFO UNetTrainer - Training iteration [2474]. Epoch [0/49]
2025-05-09 03:37:46,194 [MainThread] INFO UNetTrainer - Training iteration [2475]. Epoch [0/49]
2025-05-09 03:39:00,774 [MainThread] INFO UNetTrainer - Training iteration [2476]. Epoch [0/49]
2025-05-09 03:40:15,614 [MainThread] INFO UNetTrainer - Training iteration [2477]. Epoch [0/49]
2025-05-09 03:41:30,913 [MainThread] INFO UNetTrainer - Training iteration [2478]. Epoch [0/49]
2025-05-09 03:42:45,437 [MainThread] INFO UNetTrainer - Training iteration [2479]. Epoch [0/49]
2025-05-09 03:43:59,879 [MainThread] INFO UNetTrainer - Training iteration [2480]. Epoch [0/49]
2025-05-09 03:45:14,877 [MainThread] INFO UNetTrainer - Training iteration [2481]. Epoch [0/49]
2025-05-09 03:46:30,881 [MainThread] INFO UNetTrainer - Training iteration [2482]. Epoch [0/49]
2025-05-09 03:47:45,314 [MainThread] INFO UNetTrainer - Training iteration [2483]. Epoch [0/49]
2025-05-09 03:48:59,876 [MainThread] INFO UNetTrainer - Training iteration [2484]. Epoch [0/49]
2025-05-09 03:50:14,951 [MainThread] INFO UNetTrainer - Training iteration [2485]. Epoch [0/49]
2025-05-09 03:51:30,751 [MainThread] INFO UNetTrainer - Training iteration [2486]. Epoch [0/49]
2025-05-09 03:52:45,316 [MainThread] INFO UNetTrainer - Training iteration [2487]. Epoch [0/49]
2025-05-09 03:54:00,053 [MainThread] INFO UNetTrainer - Training iteration [2488]. Epoch [0/49]
2025-05-09 03:55:15,155 [MainThread] INFO UNetTrainer - Training iteration [2489]. Epoch [0/49]
2025-05-09 03:56:31,374 [MainThread] INFO UNetTrainer - Training iteration [2490]. Epoch [0/49]
2025-05-09 03:57:45,984 [MainThread] INFO UNetTrainer - Training iteration [2491]. Epoch [0/49]
2025-05-09 03:59:00,903 [MainThread] INFO UNetTrainer - Training iteration [2492]. Epoch [0/49]
2025-05-09 04:00:16,168 [MainThread] INFO UNetTrainer - Training iteration [2493]. Epoch [0/49]
2025-05-09 04:01:32,576 [MainThread] INFO UNetTrainer - Training iteration [2494]. Epoch [0/49]
2025-05-09 04:02:48,913 [MainThread] INFO UNetTrainer - Training iteration [2495]. Epoch [0/49]
2025-05-09 04:04:05,955 [MainThread] INFO UNetTrainer - Training iteration [2496]. Epoch [0/49]
2025-05-09 04:05:23,522 [MainThread] INFO UNetTrainer - Training iteration [2497]. Epoch [0/49]
2025-05-09 04:06:41,086 [MainThread] INFO UNetTrainer - Training iteration [2498]. Epoch [0/49]
2025-05-09 04:07:57,966 [MainThread] INFO UNetTrainer - Training iteration [2499]. Epoch [0/49]
2025-05-09 04:09:14,991 [MainThread] INFO UNetTrainer - Training iteration [2500]. Epoch [0/49]
2025-05-09 04:10:33,018 [MainThread] INFO UNetTrainer - Training iteration [2501]. Epoch [0/49]
2025-05-09 04:11:50,525 [MainThread] INFO UNetTrainer - Training iteration [2502]. Epoch [0/49]
2025-05-09 04:13:07,850 [MainThread] INFO UNetTrainer - Training iteration [2503]. Epoch [0/49]
2025-05-09 04:14:25,337 [MainThread] INFO UNetTrainer - Training iteration [2504]. Epoch [0/49]
2025-05-09 04:15:43,763 [MainThread] INFO UNetTrainer - Training iteration [2505]. Epoch [0/49]
2025-05-09 04:17:01,600 [MainThread] INFO UNetTrainer - Training iteration [2506]. Epoch [0/49]
2025-05-09 04:18:18,756 [MainThread] INFO UNetTrainer - Training iteration [2507]. Epoch [0/49]
2025-05-09 04:19:36,199 [MainThread] INFO UNetTrainer - Training iteration [2508]. Epoch [0/49]
2025-05-09 04:20:55,342 [MainThread] INFO UNetTrainer - Training iteration [2509]. Epoch [0/49]
2025-05-09 04:22:13,042 [MainThread] INFO UNetTrainer - Training iteration [2510]. Epoch [0/49]
2025-05-09 04:23:30,356 [MainThread] INFO UNetTrainer - Training iteration [2511]. Epoch [0/49]
2025-05-09 04:24:47,925 [MainThread] INFO UNetTrainer - Training iteration [2512]. Epoch [0/49]
2025-05-09 04:26:06,612 [MainThread] INFO UNetTrainer - Training iteration [2513]. Epoch [0/49]
2025-05-09 04:27:24,408 [MainThread] INFO UNetTrainer - Training iteration [2514]. Epoch [0/49]
2025-05-09 04:28:42,857 [MainThread] INFO UNetTrainer - Training iteration [2515]. Epoch [0/49]
2025-05-09 04:30:00,940 [MainThread] INFO UNetTrainer - Training iteration [2516]. Epoch [0/49]
2025-05-09 04:31:20,349 [MainThread] INFO UNetTrainer - Training iteration [2517]. Epoch [0/49]
2025-05-09 04:32:38,315 [MainThread] INFO UNetTrainer - Training iteration [2518]. Epoch [0/49]
2025-05-09 04:33:56,655 [MainThread] INFO UNetTrainer - Training iteration [2519]. Epoch [0/49]
2025-05-09 04:35:14,462 [MainThread] INFO UNetTrainer - Training iteration [2520]. Epoch [0/49]
2025-05-09 04:36:33,343 [MainThread] INFO UNetTrainer - Training iteration [2521]. Epoch [0/49]
2025-05-09 04:37:50,503 [MainThread] INFO UNetTrainer - Training iteration [2522]. Epoch [0/49]
2025-05-09 04:39:08,739 [MainThread] INFO UNetTrainer - Training iteration [2523]. Epoch [0/49]
2025-05-09 04:40:28,026 [MainThread] INFO UNetTrainer - Training iteration [2524]. Epoch [0/49]
2025-05-09 04:41:46,997 [MainThread] INFO UNetTrainer - Training iteration [2525]. Epoch [0/49]
2025-05-09 04:43:05,566 [MainThread] INFO UNetTrainer - Training iteration [2526]. Epoch [0/49]
2025-05-09 04:44:24,356 [MainThread] INFO UNetTrainer - Training iteration [2527]. Epoch [0/49]
2025-05-09 04:45:43,421 [MainThread] INFO UNetTrainer - Training iteration [2528]. Epoch [0/49]
2025-05-09 04:47:02,166 [MainThread] INFO UNetTrainer - Training iteration [2529]. Epoch [0/49]
2025-05-09 04:48:20,729 [MainThread] INFO UNetTrainer - Training iteration [2530]. Epoch [0/49]
2025-05-09 04:49:38,432 [MainThread] INFO UNetTrainer - Training iteration [2531]. Epoch [0/49]
2025-05-09 04:50:57,692 [MainThread] INFO UNetTrainer - Training iteration [2532]. Epoch [0/49]
2025-05-09 04:52:15,379 [MainThread] INFO UNetTrainer - Training iteration [2533]. Epoch [0/49]
2025-05-09 04:53:33,210 [MainThread] INFO UNetTrainer - Training iteration [2534]. Epoch [0/49]
2025-05-09 04:54:51,003 [MainThread] INFO UNetTrainer - Training iteration [2535]. Epoch [0/49]
2025-05-09 04:56:09,997 [MainThread] INFO UNetTrainer - Training iteration [2536]. Epoch [0/49]
2025-05-09 04:57:28,902 [MainThread] INFO UNetTrainer - Training iteration [2537]. Epoch [0/49]
2025-05-09 04:58:48,421 [MainThread] INFO UNetTrainer - Training iteration [2538]. Epoch [0/49]
2025-05-09 05:00:07,064 [MainThread] INFO UNetTrainer - Training iteration [2539]. Epoch [0/49]
2025-05-09 05:01:27,284 [MainThread] INFO UNetTrainer - Training iteration [2540]. Epoch [0/49]
2025-05-09 05:02:47,123 [MainThread] INFO UNetTrainer - Training iteration [2541]. Epoch [0/49]
2025-05-09 05:04:05,753 [MainThread] INFO UNetTrainer - Training iteration [2542]. Epoch [0/49]
2025-05-09 05:05:25,283 [MainThread] INFO UNetTrainer - Training iteration [2543]. Epoch [0/49]
2025-05-09 05:06:44,405 [MainThread] INFO UNetTrainer - Training iteration [2544]. Epoch [0/49]
2025-05-09 05:08:03,647 [MainThread] INFO UNetTrainer - Training iteration [2545]. Epoch [0/49]
2025-05-09 05:09:24,069 [MainThread] INFO UNetTrainer - Training iteration [2546]. Epoch [0/49]
2025-05-09 05:10:45,014 [MainThread] INFO UNetTrainer - Training iteration [2547]. Epoch [0/49]
2025-05-09 05:12:05,942 [MainThread] INFO UNetTrainer - Training iteration [2548]. Epoch [0/49]
2025-05-09 05:13:27,125 [MainThread] INFO UNetTrainer - Training iteration [2549]. Epoch [0/49]
2025-05-09 05:14:47,428 [MainThread] INFO UNetTrainer - Training iteration [2550]. Epoch [0/49]
2025-05-09 05:16:07,516 [MainThread] INFO UNetTrainer - Training iteration [2551]. Epoch [0/49]
2025-05-09 05:17:27,147 [MainThread] INFO UNetTrainer - Training iteration [2552]. Epoch [0/49]
2025-05-09 05:18:46,884 [MainThread] INFO UNetTrainer - Training iteration [2553]. Epoch [0/49]
2025-05-09 05:20:06,848 [MainThread] INFO UNetTrainer - Training iteration [2554]. Epoch [0/49]
2025-05-09 05:21:27,112 [MainThread] INFO UNetTrainer - Training iteration [2555]. Epoch [0/49]
2025-05-09 05:22:47,127 [MainThread] INFO UNetTrainer - Training iteration [2556]. Epoch [0/49]
2025-05-09 05:24:07,418 [MainThread] INFO UNetTrainer - Training iteration [2557]. Epoch [0/49]
2025-05-09 05:25:27,386 [MainThread] INFO UNetTrainer - Training iteration [2558]. Epoch [0/49]
2025-05-09 05:26:46,657 [MainThread] INFO UNetTrainer - Training iteration [2559]. Epoch [0/49]
2025-05-09 05:28:06,016 [MainThread] INFO UNetTrainer - Training iteration [2560]. Epoch [0/49]
2025-05-09 05:29:24,890 [MainThread] INFO UNetTrainer - Training iteration [2561]. Epoch [0/49]
2025-05-09 05:30:44,571 [MainThread] INFO UNetTrainer - Training iteration [2562]. Epoch [0/49]
2025-05-09 05:32:03,661 [MainThread] INFO UNetTrainer - Training iteration [2563]. Epoch [0/49]
2025-05-09 05:33:23,148 [MainThread] INFO UNetTrainer - Training iteration [2564]. Epoch [0/49]
2025-05-09 05:34:44,178 [MainThread] INFO UNetTrainer - Training iteration [2565]. Epoch [0/49]
2025-05-09 05:36:06,361 [MainThread] INFO UNetTrainer - Training iteration [2566]. Epoch [0/49]
2025-05-09 05:37:26,755 [MainThread] INFO UNetTrainer - Training iteration [2567]. Epoch [0/49]
2025-05-09 05:38:46,739 [MainThread] INFO UNetTrainer - Training iteration [2568]. Epoch [0/49]
2025-05-09 05:40:06,593 [MainThread] INFO UNetTrainer - Training iteration [2569]. Epoch [0/49]
2025-05-09 05:41:27,047 [MainThread] INFO UNetTrainer - Training iteration [2570]. Epoch [0/49]
2025-05-09 05:42:48,170 [MainThread] INFO UNetTrainer - Training iteration [2571]. Epoch [0/49]
2025-05-09 05:44:08,145 [MainThread] INFO UNetTrainer - Training iteration [2572]. Epoch [0/49]
2025-05-09 05:45:28,792 [MainThread] INFO UNetTrainer - Training iteration [2573]. Epoch [0/49]
2025-05-09 05:46:50,344 [MainThread] INFO UNetTrainer - Training iteration [2574]. Epoch [0/49]
2025-05-09 05:48:12,226 [MainThread] INFO UNetTrainer - Training iteration [2575]. Epoch [0/49]
2025-05-09 05:49:32,340 [MainThread] INFO UNetTrainer - Training iteration [2576]. Epoch [0/49]
2025-05-09 05:50:52,834 [MainThread] INFO UNetTrainer - Training iteration [2577]. Epoch [0/49]
2025-05-09 05:52:13,506 [MainThread] INFO UNetTrainer - Training iteration [2578]. Epoch [0/49]
2025-05-09 05:53:34,700 [MainThread] INFO UNetTrainer - Training iteration [2579]. Epoch [0/49]
2025-05-09 05:54:55,240 [MainThread] INFO UNetTrainer - Training iteration [2580]. Epoch [0/49]
2025-05-09 05:56:16,371 [MainThread] INFO UNetTrainer - Training iteration [2581]. Epoch [0/49]
2025-05-09 05:57:37,006 [MainThread] INFO UNetTrainer - Training iteration [2582]. Epoch [0/49]
2025-05-09 05:58:57,363 [MainThread] INFO UNetTrainer - Training iteration [2583]. Epoch [0/49]
2025-05-09 06:00:17,580 [MainThread] INFO UNetTrainer - Training iteration [2584]. Epoch [0/49]
2025-05-09 06:01:38,782 [MainThread] INFO UNetTrainer - Training iteration [2585]. Epoch [0/49]
2025-05-09 06:02:59,178 [MainThread] INFO UNetTrainer - Training iteration [2586]. Epoch [0/49]
2025-05-09 06:04:19,359 [MainThread] INFO UNetTrainer - Training iteration [2587]. Epoch [0/49]
2025-05-09 06:05:39,560 [MainThread] INFO UNetTrainer - Training iteration [2588]. Epoch [0/49]
2025-05-09 06:07:00,035 [MainThread] INFO UNetTrainer - Training iteration [2589]. Epoch [0/49]
2025-05-09 06:08:20,111 [MainThread] INFO UNetTrainer - Training iteration [2590]. Epoch [0/49]
2025-05-09 06:09:40,988 [MainThread] INFO UNetTrainer - Training iteration [2591]. Epoch [0/49]
2025-05-09 06:11:01,599 [MainThread] INFO UNetTrainer - Training iteration [2592]. Epoch [0/49]
2025-05-09 06:12:22,391 [MainThread] INFO UNetTrainer - Training iteration [2593]. Epoch [0/49]
2025-05-09 06:13:41,690 [MainThread] INFO UNetTrainer - Training iteration [2594]. Epoch [0/49]
2025-05-09 06:15:02,176 [MainThread] INFO UNetTrainer - Training iteration [2595]. Epoch [0/49]
2025-05-09 06:16:22,096 [MainThread] INFO UNetTrainer - Training iteration [2596]. Epoch [0/49]
2025-05-09 06:17:42,095 [MainThread] INFO UNetTrainer - Training iteration [2597]. Epoch [0/49]
2025-05-09 06:19:02,025 [MainThread] INFO UNetTrainer - Training iteration [2598]. Epoch [0/49]
2025-05-09 06:20:22,264 [MainThread] INFO UNetTrainer - Training iteration [2599]. Epoch [0/49]
2025-05-09 06:21:42,569 [MainThread] INFO UNetTrainer - Training iteration [2600]. Epoch [0/49]
2025-05-09 06:23:02,661 [MainThread] INFO UNetTrainer - Training iteration [2601]. Epoch [0/49]
2025-05-09 06:24:22,982 [MainThread] INFO UNetTrainer - Training iteration [2602]. Epoch [0/49]
2025-05-09 06:25:43,696 [MainThread] INFO UNetTrainer - Training iteration [2603]. Epoch [0/49]
2025-05-09 06:27:04,039 [MainThread] INFO UNetTrainer - Training iteration [2604]. Epoch [0/49]
2025-05-09 06:28:24,508 [MainThread] INFO UNetTrainer - Training iteration [2605]. Epoch [0/49]
2025-05-09 06:29:44,901 [MainThread] INFO UNetTrainer - Training iteration [2606]. Epoch [0/49]
2025-05-09 06:31:05,038 [MainThread] INFO UNetTrainer - Training iteration [2607]. Epoch [0/49]
2025-05-09 06:32:24,979 [MainThread] INFO UNetTrainer - Training iteration [2608]. Epoch [0/49]
2025-05-09 06:33:45,391 [MainThread] INFO UNetTrainer - Training iteration [2609]. Epoch [0/49]
2025-05-09 06:35:05,147 [MainThread] INFO UNetTrainer - Training iteration [2610]. Epoch [0/49]
2025-05-09 06:36:25,494 [MainThread] INFO UNetTrainer - Training iteration [2611]. Epoch [0/49]
2025-05-09 06:37:45,481 [MainThread] INFO UNetTrainer - Training iteration [2612]. Epoch [0/49]
2025-05-09 06:39:05,512 [MainThread] INFO UNetTrainer - Training iteration [2613]. Epoch [0/49]
2025-05-09 06:40:25,497 [MainThread] INFO UNetTrainer - Training iteration [2614]. Epoch [0/49]
2025-05-09 06:41:44,839 [MainThread] INFO UNetTrainer - Training iteration [2615]. Epoch [0/49]
2025-05-09 06:43:04,890 [MainThread] INFO UNetTrainer - Training iteration [2616]. Epoch [0/49]
2025-05-09 06:44:24,761 [MainThread] INFO UNetTrainer - Training iteration [2617]. Epoch [0/49]
2025-05-09 06:45:45,344 [MainThread] INFO UNetTrainer - Training iteration [2618]. Epoch [0/49]
2025-05-09 06:47:05,731 [MainThread] INFO UNetTrainer - Training iteration [2619]. Epoch [0/49]
2025-05-09 06:48:25,639 [MainThread] INFO UNetTrainer - Training iteration [2620]. Epoch [0/49]
2025-05-09 06:49:45,762 [MainThread] INFO UNetTrainer - Training iteration [2621]. Epoch [0/49]
2025-05-09 06:51:06,379 [MainThread] INFO UNetTrainer - Training iteration [2622]. Epoch [0/49]
2025-05-09 06:52:26,974 [MainThread] INFO UNetTrainer - Training iteration [2623]. Epoch [0/49]
2025-05-09 06:53:47,036 [MainThread] INFO UNetTrainer - Training iteration [2624]. Epoch [0/49]
2025-05-09 06:55:07,079 [MainThread] INFO UNetTrainer - Training iteration [2625]. Epoch [0/49]
2025-05-09 06:56:27,340 [MainThread] INFO UNetTrainer - Training iteration [2626]. Epoch [0/49]
2025-05-09 06:57:46,601 [MainThread] INFO UNetTrainer - Training iteration [2627]. Epoch [0/49]
2025-05-09 06:59:06,693 [MainThread] INFO UNetTrainer - Training iteration [2628]. Epoch [0/49]
2025-05-09 07:00:27,023 [MainThread] INFO UNetTrainer - Training iteration [2629]. Epoch [0/49]
2025-05-09 07:01:47,241 [MainThread] INFO UNetTrainer - Training iteration [2630]. Epoch [0/49]
2025-05-09 07:03:07,132 [MainThread] INFO UNetTrainer - Training iteration [2631]. Epoch [0/49]
2025-05-09 07:04:26,880 [MainThread] INFO UNetTrainer - Training iteration [2632]. Epoch [0/49]
2025-05-09 07:05:46,821 [MainThread] INFO UNetTrainer - Training iteration [2633]. Epoch [0/49]
2025-05-09 07:07:06,845 [MainThread] INFO UNetTrainer - Training iteration [2634]. Epoch [0/49]
2025-05-09 07:08:26,669 [MainThread] INFO UNetTrainer - Training iteration [2635]. Epoch [0/49]
2025-05-09 07:09:46,519 [MainThread] INFO UNetTrainer - Training iteration [2636]. Epoch [0/49]
2025-05-09 07:11:07,252 [MainThread] INFO UNetTrainer - Training iteration [2637]. Epoch [0/49]
2025-05-09 07:12:27,311 [MainThread] INFO UNetTrainer - Training iteration [2638]. Epoch [0/49]
2025-05-09 07:13:46,980 [MainThread] INFO UNetTrainer - Training iteration [2639]. Epoch [0/49]
2025-05-09 07:15:05,758 [MainThread] INFO UNetTrainer - Training iteration [2640]. Epoch [0/49]
2025-05-09 07:16:25,312 [MainThread] INFO UNetTrainer - Training iteration [2641]. Epoch [0/49]
2025-05-09 07:17:45,145 [MainThread] INFO UNetTrainer - Training iteration [2642]. Epoch [0/49]
2025-05-09 07:19:02,997 [MainThread] INFO UNetTrainer - Training iteration [2643]. Epoch [0/49]
2025-05-09 07:20:20,074 [MainThread] INFO UNetTrainer - Training iteration [2644]. Epoch [0/49]
2025-05-09 07:21:38,404 [MainThread] INFO UNetTrainer - Training iteration [2645]. Epoch [0/49]
2025-05-09 07:22:56,653 [MainThread] INFO UNetTrainer - Training iteration [2646]. Epoch [0/49]
2025-05-09 07:24:14,842 [MainThread] INFO UNetTrainer - Training iteration [2647]. Epoch [0/49]
2025-05-09 07:25:33,463 [MainThread] INFO UNetTrainer - Training iteration [2648]. Epoch [0/49]
2025-05-09 07:26:52,082 [MainThread] INFO UNetTrainer - Training iteration [2649]. Epoch [0/49]
2025-05-09 07:28:12,057 [MainThread] INFO UNetTrainer - Training iteration [2650]. Epoch [0/49]
2025-05-09 07:29:30,978 [MainThread] INFO UNetTrainer - Training iteration [2651]. Epoch [0/49]
2025-05-09 07:30:50,288 [MainThread] INFO UNetTrainer - Training iteration [2652]. Epoch [0/49]
2025-05-09 07:32:09,097 [MainThread] INFO UNetTrainer - Training iteration [2653]. Epoch [0/49]
2025-05-09 07:33:28,131 [MainThread] INFO UNetTrainer - Training iteration [2654]. Epoch [0/49]
2025-05-09 07:34:46,556 [MainThread] INFO UNetTrainer - Training iteration [2655]. Epoch [0/49]
2025-05-09 07:36:05,806 [MainThread] INFO UNetTrainer - Training iteration [2656]. Epoch [0/49]
2025-05-09 07:37:23,503 [MainThread] INFO UNetTrainer - Training iteration [2657]. Epoch [0/49]
2025-05-09 07:38:41,654 [MainThread] INFO UNetTrainer - Training iteration [2658]. Epoch [0/49]
2025-05-09 07:39:59,641 [MainThread] INFO UNetTrainer - Training iteration [2659]. Epoch [0/49]
2025-05-09 07:41:19,160 [MainThread] INFO UNetTrainer - Training iteration [2660]. Epoch [0/49]
2025-05-09 07:42:37,683 [MainThread] INFO UNetTrainer - Training iteration [2661]. Epoch [0/49]
2025-05-09 07:43:56,324 [MainThread] INFO UNetTrainer - Training iteration [2662]. Epoch [0/49]
2025-05-09 07:45:15,095 [MainThread] INFO UNetTrainer - Training iteration [2663]. Epoch [0/49]
2025-05-09 07:46:34,474 [MainThread] INFO UNetTrainer - Training iteration [2664]. Epoch [0/49]
2025-05-09 07:47:53,107 [MainThread] INFO UNetTrainer - Training iteration [2665]. Epoch [0/49]
2025-05-09 07:49:11,559 [MainThread] INFO UNetTrainer - Training iteration [2666]. Epoch [0/49]
2025-05-09 07:50:30,890 [MainThread] INFO UNetTrainer - Training iteration [2667]. Epoch [0/49]
2025-05-09 07:51:49,874 [MainThread] INFO UNetTrainer - Training iteration [2668]. Epoch [0/49]
2025-05-09 07:53:08,411 [MainThread] INFO UNetTrainer - Training iteration [2669]. Epoch [0/49]
2025-05-09 07:54:27,127 [MainThread] INFO UNetTrainer - Training iteration [2670]. Epoch [0/49]
2025-05-09 07:55:46,089 [MainThread] INFO UNetTrainer - Training iteration [2671]. Epoch [0/49]
2025-05-09 07:57:04,939 [MainThread] INFO UNetTrainer - Training iteration [2672]. Epoch [0/49]
2025-05-09 07:58:23,840 [MainThread] INFO UNetTrainer - Training iteration [2673]. Epoch [0/49]
2025-05-09 07:59:42,274 [MainThread] INFO UNetTrainer - Training iteration [2674]. Epoch [0/49]
2025-05-09 08:01:02,099 [MainThread] INFO UNetTrainer - Training iteration [2675]. Epoch [0/49]
2025-05-09 08:02:20,847 [MainThread] INFO UNetTrainer - Training iteration [2676]. Epoch [0/49]
2025-05-09 08:03:39,574 [MainThread] INFO UNetTrainer - Training iteration [2677]. Epoch [0/49]
2025-05-09 08:04:58,216 [MainThread] INFO UNetTrainer - Training iteration [2678]. Epoch [0/49]
2025-05-09 08:06:17,638 [MainThread] INFO UNetTrainer - Training iteration [2679]. Epoch [0/49]
2025-05-09 08:07:35,968 [MainThread] INFO UNetTrainer - Training iteration [2680]. Epoch [0/49]
2025-05-09 08:08:54,619 [MainThread] INFO UNetTrainer - Training iteration [2681]. Epoch [0/49]
2025-05-09 08:10:14,043 [MainThread] INFO UNetTrainer - Training iteration [2682]. Epoch [0/49]
2025-05-09 08:11:33,624 [MainThread] INFO UNetTrainer - Training iteration [2683]. Epoch [0/49]
2025-05-09 08:12:52,707 [MainThread] INFO UNetTrainer - Training iteration [2684]. Epoch [0/49]
2025-05-09 08:14:12,692 [MainThread] INFO UNetTrainer - Training iteration [2685]. Epoch [0/49]
2025-05-09 08:15:32,436 [MainThread] INFO UNetTrainer - Training iteration [2686]. Epoch [0/49]
2025-05-09 08:16:51,736 [MainThread] INFO UNetTrainer - Training iteration [2687]. Epoch [0/49]
2025-05-09 08:18:10,976 [MainThread] INFO UNetTrainer - Training iteration [2688]. Epoch [0/49]
2025-05-09 08:19:29,682 [MainThread] INFO UNetTrainer - Training iteration [2689]. Epoch [0/49]
2025-05-09 08:20:49,438 [MainThread] INFO UNetTrainer - Training iteration [2690]. Epoch [0/49]
2025-05-09 08:22:08,462 [MainThread] INFO UNetTrainer - Training iteration [2691]. Epoch [0/49]
2025-05-09 08:23:28,298 [MainThread] INFO UNetTrainer - Training iteration [2692]. Epoch [0/49]
2025-05-09 08:24:46,554 [MainThread] INFO UNetTrainer - Training iteration [2693]. Epoch [0/49]
2025-05-09 08:26:07,791 [MainThread] INFO UNetTrainer - Training iteration [2694]. Epoch [0/49]
2025-05-09 08:27:28,819 [MainThread] INFO UNetTrainer - Training iteration [2695]. Epoch [0/49]
2025-05-09 08:28:50,018 [MainThread] INFO UNetTrainer - Training iteration [2696]. Epoch [0/49]
2025-05-09 08:30:12,194 [MainThread] INFO UNetTrainer - Training iteration [2697]. Epoch [0/49]
2025-05-09 08:31:33,652 [MainThread] INFO UNetTrainer - Training iteration [2698]. Epoch [0/49]
2025-05-09 08:32:55,070 [MainThread] INFO UNetTrainer - Training iteration [2699]. Epoch [0/49]
2025-05-09 08:34:16,784 [MainThread] INFO UNetTrainer - Training iteration [2700]. Epoch [0/49]
2025-05-09 08:35:37,439 [MainThread] INFO UNetTrainer - Training iteration [2701]. Epoch [0/49]
2025-05-09 08:36:58,265 [MainThread] INFO UNetTrainer - Training iteration [2702]. Epoch [0/49]
2025-05-09 08:38:18,509 [MainThread] INFO UNetTrainer - Training iteration [2703]. Epoch [0/49]
2025-05-09 08:39:38,887 [MainThread] INFO UNetTrainer - Training iteration [2704]. Epoch [0/49]
2025-05-09 08:40:59,734 [MainThread] INFO UNetTrainer - Training iteration [2705]. Epoch [0/49]
2025-05-09 08:42:19,548 [MainThread] INFO UNetTrainer - Training iteration [2706]. Epoch [0/49]
2025-05-09 08:43:39,491 [MainThread] INFO UNetTrainer - Training iteration [2707]. Epoch [0/49]
2025-05-09 08:44:59,573 [MainThread] INFO UNetTrainer - Training iteration [2708]. Epoch [0/49]
2025-05-09 08:46:18,973 [MainThread] INFO UNetTrainer - Training iteration [2709]. Epoch [0/49]
2025-05-09 08:47:38,467 [MainThread] INFO UNetTrainer - Training iteration [2710]. Epoch [0/49]
2025-05-09 08:48:58,178 [MainThread] INFO UNetTrainer - Training iteration [2711]. Epoch [0/49]
2025-05-09 08:50:17,427 [MainThread] INFO UNetTrainer - Training iteration [2712]. Epoch [0/49]
2025-05-09 08:51:37,824 [MainThread] INFO UNetTrainer - Training iteration [2713]. Epoch [0/49]
2025-05-09 08:52:57,984 [MainThread] INFO UNetTrainer - Training iteration [2714]. Epoch [0/49]
2025-05-09 08:54:18,131 [MainThread] INFO UNetTrainer - Training iteration [2715]. Epoch [0/49]
2025-05-09 08:55:38,476 [MainThread] INFO UNetTrainer - Training iteration [2716]. Epoch [0/49]
2025-05-09 08:56:58,152 [MainThread] INFO UNetTrainer - Training iteration [2717]. Epoch [0/49]
2025-05-09 08:58:17,745 [MainThread] INFO UNetTrainer - Training iteration [2718]. Epoch [0/49]
2025-05-09 08:59:37,470 [MainThread] INFO UNetTrainer - Training iteration [2719]. Epoch [0/49]
2025-05-09 09:00:57,858 [MainThread] INFO UNetTrainer - Training iteration [2720]. Epoch [0/49]
2025-05-09 09:02:17,721 [MainThread] INFO UNetTrainer - Training iteration [2721]. Epoch [0/49]
2025-05-09 09:03:37,670 [MainThread] INFO UNetTrainer - Training iteration [2722]. Epoch [0/49]
2025-05-09 09:04:56,741 [MainThread] INFO UNetTrainer - Training iteration [2723]. Epoch [0/49]
2025-05-09 09:06:16,714 [MainThread] INFO UNetTrainer - Training iteration [2724]. Epoch [0/49]
2025-05-09 09:07:36,281 [MainThread] INFO UNetTrainer - Training iteration [2725]. Epoch [0/49]
2025-05-09 09:08:56,038 [MainThread] INFO UNetTrainer - Training iteration [2726]. Epoch [0/49]
2025-05-09 09:10:16,002 [MainThread] INFO UNetTrainer - Training iteration [2727]. Epoch [0/49]
2025-05-09 09:11:36,374 [MainThread] INFO UNetTrainer - Training iteration [2728]. Epoch [0/49]
2025-05-09 09:12:55,496 [MainThread] INFO UNetTrainer - Training iteration [2729]. Epoch [0/49]
2025-05-09 09:14:15,581 [MainThread] INFO UNetTrainer - Training iteration [2730]. Epoch [0/49]
2025-05-09 09:15:35,546 [MainThread] INFO UNetTrainer - Training iteration [2731]. Epoch [0/49]
2025-05-09 09:16:55,504 [MainThread] INFO UNetTrainer - Training iteration [2732]. Epoch [0/49]
2025-05-09 09:18:15,280 [MainThread] INFO UNetTrainer - Training iteration [2733]. Epoch [0/49]
2025-05-09 09:19:34,868 [MainThread] INFO UNetTrainer - Training iteration [2734]. Epoch [0/49]
2025-05-09 09:20:54,518 [MainThread] INFO UNetTrainer - Training iteration [2735]. Epoch [0/49]
2025-05-09 09:22:13,804 [MainThread] INFO UNetTrainer - Training iteration [2736]. Epoch [0/49]
2025-05-09 09:23:33,631 [MainThread] INFO UNetTrainer - Training iteration [2737]. Epoch [0/49]
2025-05-09 09:24:53,329 [MainThread] INFO UNetTrainer - Training iteration [2738]. Epoch [0/49]
2025-05-09 09:26:13,780 [MainThread] INFO UNetTrainer - Training iteration [2739]. Epoch [0/49]
2025-05-09 09:27:34,586 [MainThread] INFO UNetTrainer - Training iteration [2740]. Epoch [0/49]
2025-05-09 09:28:54,663 [MainThread] INFO UNetTrainer - Training iteration [2741]. Epoch [0/49]
2025-05-09 09:30:14,948 [MainThread] INFO UNetTrainer - Training iteration [2742]. Epoch [0/49]
2025-05-09 09:31:31,723 [MainThread] INFO UNetTrainer - Training iteration [2743]. Epoch [0/49]
2025-05-09 09:32:47,347 [MainThread] INFO UNetTrainer - Training iteration [2744]. Epoch [0/49]
2025-05-09 09:34:03,215 [MainThread] INFO UNetTrainer - Training iteration [2745]. Epoch [0/49]
2025-05-09 09:35:18,815 [MainThread] INFO UNetTrainer - Training iteration [2746]. Epoch [0/49]
2025-05-09 09:36:34,807 [MainThread] INFO UNetTrainer - Training iteration [2747]. Epoch [0/49]
2025-05-09 09:37:50,124 [MainThread] INFO UNetTrainer - Training iteration [2748]. Epoch [0/49]
2025-05-09 09:39:05,604 [MainThread] INFO UNetTrainer - Training iteration [2749]. Epoch [0/49]
2025-05-09 09:40:20,909 [MainThread] INFO UNetTrainer - Training iteration [2750]. Epoch [0/49]
2025-05-09 09:41:37,393 [MainThread] INFO UNetTrainer - Training iteration [2751]. Epoch [0/49]
2025-05-09 09:42:52,469 [MainThread] INFO UNetTrainer - Training iteration [2752]. Epoch [0/49]
2025-05-09 09:44:07,438 [MainThread] INFO UNetTrainer - Training iteration [2753]. Epoch [0/49]
2025-05-09 09:45:22,808 [MainThread] INFO UNetTrainer - Training iteration [2754]. Epoch [0/49]
2025-05-09 09:46:38,720 [MainThread] INFO UNetTrainer - Training iteration [2755]. Epoch [0/49]
2025-05-09 09:47:53,982 [MainThread] INFO UNetTrainer - Training iteration [2756]. Epoch [0/49]
2025-05-09 09:49:09,071 [MainThread] INFO UNetTrainer - Training iteration [2757]. Epoch [0/49]
2025-05-09 09:50:25,132 [MainThread] INFO UNetTrainer - Training iteration [2758]. Epoch [0/49]
2025-05-09 09:51:41,252 [MainThread] INFO UNetTrainer - Training iteration [2759]. Epoch [0/49]
2025-05-09 09:52:55,958 [MainThread] INFO UNetTrainer - Training iteration [2760]. Epoch [0/49]
2025-05-09 09:54:11,045 [MainThread] INFO UNetTrainer - Training iteration [2761]. Epoch [0/49]
2025-05-09 09:55:26,827 [MainThread] INFO UNetTrainer - Training iteration [2762]. Epoch [0/49]
2025-05-09 09:56:42,825 [MainThread] INFO UNetTrainer - Training iteration [2763]. Epoch [0/49]
2025-05-09 09:57:58,044 [MainThread] INFO UNetTrainer - Training iteration [2764]. Epoch [0/49]
2025-05-09 09:59:12,792 [MainThread] INFO UNetTrainer - Training iteration [2765]. Epoch [0/49]
2025-05-09 10:00:29,862 [MainThread] INFO UNetTrainer - Training iteration [2766]. Epoch [0/49]
2025-05-09 10:01:48,971 [MainThread] INFO UNetTrainer - Training iteration [2767]. Epoch [0/49]
2025-05-09 10:03:07,040 [MainThread] INFO UNetTrainer - Training iteration [2768]. Epoch [0/49]
2025-05-09 10:04:24,880 [MainThread] INFO UNetTrainer - Training iteration [2769]. Epoch [0/49]
2025-05-09 10:05:44,154 [MainThread] INFO UNetTrainer - Training iteration [2770]. Epoch [0/49]
2025-05-09 10:07:02,546 [MainThread] INFO UNetTrainer - Training iteration [2771]. Epoch [0/49]
2025-05-09 10:08:20,997 [MainThread] INFO UNetTrainer - Training iteration [2772]. Epoch [0/49]
2025-05-09 10:09:39,430 [MainThread] INFO UNetTrainer - Training iteration [2773]. Epoch [0/49]
2025-05-09 10:10:59,197 [MainThread] INFO UNetTrainer - Training iteration [2774]. Epoch [0/49]
2025-05-09 10:12:18,744 [MainThread] INFO UNetTrainer - Training iteration [2775]. Epoch [0/49]
2025-05-09 10:13:37,430 [MainThread] INFO UNetTrainer - Training iteration [2776]. Epoch [0/49]
2025-05-09 10:14:55,973 [MainThread] INFO UNetTrainer - Training iteration [2777]. Epoch [0/49]
2025-05-09 10:16:15,992 [MainThread] INFO UNetTrainer - Training iteration [2778]. Epoch [0/49]
2025-05-09 10:17:34,404 [MainThread] INFO UNetTrainer - Training iteration [2779]. Epoch [0/49]
2025-05-09 10:18:51,790 [MainThread] INFO UNetTrainer - Training iteration [2780]. Epoch [0/49]
2025-05-09 10:20:09,481 [MainThread] INFO UNetTrainer - Training iteration [2781]. Epoch [0/49]
2025-05-09 10:21:29,244 [MainThread] INFO UNetTrainer - Training iteration [2782]. Epoch [0/49]
2025-05-09 10:22:47,801 [MainThread] INFO UNetTrainer - Training iteration [2783]. Epoch [0/49]
2025-05-09 10:24:06,277 [MainThread] INFO UNetTrainer - Training iteration [2784]. Epoch [0/49]
2025-05-09 10:25:25,511 [MainThread] INFO UNetTrainer - Training iteration [2785]. Epoch [0/49]
2025-05-09 10:26:45,030 [MainThread] INFO UNetTrainer - Training iteration [2786]. Epoch [0/49]
2025-05-09 10:28:03,462 [MainThread] INFO UNetTrainer - Training iteration [2787]. Epoch [0/49]
2025-05-09 10:29:22,139 [MainThread] INFO UNetTrainer - Training iteration [2788]. Epoch [0/49]
2025-05-09 10:30:40,918 [MainThread] INFO UNetTrainer - Training iteration [2789]. Epoch [0/49]
2025-05-09 10:31:59,262 [MainThread] INFO UNetTrainer - Training iteration [2790]. Epoch [0/49]
2025-05-09 10:33:16,894 [MainThread] INFO UNetTrainer - Training iteration [2791]. Epoch [0/49]
2025-05-09 10:34:35,424 [MainThread] INFO UNetTrainer - Training iteration [2792]. Epoch [0/49]
2025-05-09 10:35:54,931 [MainThread] INFO UNetTrainer - Training iteration [2793]. Epoch [0/49]
2025-05-09 10:37:13,601 [MainThread] INFO UNetTrainer - Training iteration [2794]. Epoch [0/49]
2025-05-09 10:38:32,294 [MainThread] INFO UNetTrainer - Training iteration [2795]. Epoch [0/49]
2025-05-09 10:39:50,726 [MainThread] INFO UNetTrainer - Training iteration [2796]. Epoch [0/49]
2025-05-09 10:41:10,453 [MainThread] INFO UNetTrainer - Training iteration [2797]. Epoch [0/49]
2025-05-09 10:42:28,830 [MainThread] INFO UNetTrainer - Training iteration [2798]. Epoch [0/49]
2025-05-09 10:43:47,155 [MainThread] INFO UNetTrainer - Training iteration [2799]. Epoch [0/49]
2025-05-09 10:45:06,116 [MainThread] INFO UNetTrainer - Training iteration [2800]. Epoch [0/49]
2025-05-09 10:46:25,996 [MainThread] INFO UNetTrainer - Training iteration [2801]. Epoch [0/49]
2025-05-09 10:47:43,872 [MainThread] INFO UNetTrainer - Training iteration [2802]. Epoch [0/49]
2025-05-09 10:49:01,300 [MainThread] INFO UNetTrainer - Training iteration [2803]. Epoch [0/49]
2025-05-09 10:50:19,139 [MainThread] INFO UNetTrainer - Training iteration [2804]. Epoch [0/49]
2025-05-09 10:51:37,652 [MainThread] INFO UNetTrainer - Training iteration [2805]. Epoch [0/49]
2025-05-09 10:52:55,028 [MainThread] INFO UNetTrainer - Training iteration [2806]. Epoch [0/49]
2025-05-09 10:54:12,288 [MainThread] INFO UNetTrainer - Training iteration [2807]. Epoch [0/49]
2025-05-09 10:55:31,846 [MainThread] INFO UNetTrainer - Training iteration [2808]. Epoch [0/49]
2025-05-09 10:56:51,246 [MainThread] INFO UNetTrainer - Training iteration [2809]. Epoch [0/49]
2025-05-09 10:58:09,709 [MainThread] INFO UNetTrainer - Training iteration [2810]. Epoch [0/49]
2025-05-09 10:59:28,102 [MainThread] INFO UNetTrainer - Training iteration [2811]. Epoch [0/49]
2025-05-09 11:00:48,144 [MainThread] INFO UNetTrainer - Training iteration [2812]. Epoch [0/49]
2025-05-09 11:02:07,193 [MainThread] INFO UNetTrainer - Training iteration [2813]. Epoch [0/49]
2025-05-09 11:03:25,332 [MainThread] INFO UNetTrainer - Training iteration [2814]. Epoch [0/49]
2025-05-09 11:04:42,407 [MainThread] INFO UNetTrainer - Training iteration [2815]. Epoch [0/49]
2025-05-09 11:06:01,673 [MainThread] INFO UNetTrainer - Training iteration [2816]. Epoch [0/49]
2025-05-09 11:07:18,485 [MainThread] INFO UNetTrainer - Training iteration [2817]. Epoch [0/49]
2025-05-09 11:08:37,296 [MainThread] INFO UNetTrainer - Training iteration [2818]. Epoch [0/49]
2025-05-09 11:09:55,668 [MainThread] INFO UNetTrainer - Training iteration [2819]. Epoch [0/49]
2025-05-09 11:11:15,864 [MainThread] INFO UNetTrainer - Training iteration [2820]. Epoch [0/49]
2025-05-09 11:12:35,218 [MainThread] INFO UNetTrainer - Training iteration [2821]. Epoch [0/49]
2025-05-09 11:13:53,610 [MainThread] INFO UNetTrainer - Training iteration [2822]. Epoch [0/49]
2025-05-09 11:15:11,921 [MainThread] INFO UNetTrainer - Training iteration [2823]. Epoch [0/49]
2025-05-09 11:16:31,865 [MainThread] INFO UNetTrainer - Training iteration [2824]. Epoch [0/49]
2025-05-09 11:17:50,460 [MainThread] INFO UNetTrainer - Training iteration [2825]. Epoch [0/49]
2025-05-09 11:19:09,032 [MainThread] INFO UNetTrainer - Training iteration [2826]. Epoch [0/49]
2025-05-09 11:20:28,254 [MainThread] INFO UNetTrainer - Training iteration [2827]. Epoch [0/49]
2025-05-09 11:21:47,682 [MainThread] INFO UNetTrainer - Training iteration [2828]. Epoch [0/49]
2025-05-09 11:23:06,399 [MainThread] INFO UNetTrainer - Training iteration [2829]. Epoch [0/49]
2025-05-09 11:24:25,353 [MainThread] INFO UNetTrainer - Training iteration [2830]. Epoch [0/49]
2025-05-09 11:25:44,634 [MainThread] INFO UNetTrainer - Training iteration [2831]. Epoch [0/49]
2025-05-09 11:27:03,504 [MainThread] INFO UNetTrainer - Training iteration [2832]. Epoch [0/49]
2025-05-09 11:28:22,184 [MainThread] INFO UNetTrainer - Training iteration [2833]. Epoch [0/49]
2025-05-09 11:29:40,185 [MainThread] INFO UNetTrainer - Training iteration [2834]. Epoch [0/49]
2025-05-09 11:30:59,824 [MainThread] INFO UNetTrainer - Training iteration [2835]. Epoch [0/49]
2025-05-09 11:32:17,500 [MainThread] INFO UNetTrainer - Training iteration [2836]. Epoch [0/49]
2025-05-09 11:33:35,866 [MainThread] INFO UNetTrainer - Training iteration [2837]. Epoch [0/49]
2025-05-09 11:34:54,228 [MainThread] INFO UNetTrainer - Training iteration [2838]. Epoch [0/49]
2025-05-09 11:36:13,405 [MainThread] INFO UNetTrainer - Training iteration [2839]. Epoch [0/49]
2025-05-09 11:37:32,406 [MainThread] INFO UNetTrainer - Training iteration [2840]. Epoch [0/49]
2025-05-09 11:38:50,568 [MainThread] INFO UNetTrainer - Training iteration [2841]. Epoch [0/49]
2025-05-09 11:40:08,932 [MainThread] INFO UNetTrainer - Training iteration [2842]. Epoch [0/49]
2025-05-09 11:41:28,459 [MainThread] INFO UNetTrainer - Training iteration [2843]. Epoch [0/49]
2025-05-09 11:42:46,714 [MainThread] INFO UNetTrainer - Training iteration [2844]. Epoch [0/49]
2025-05-09 11:44:04,930 [MainThread] INFO UNetTrainer - Training iteration [2845]. Epoch [0/49]
2025-05-09 11:45:24,136 [MainThread] INFO UNetTrainer - Training iteration [2846]. Epoch [0/49]
2025-05-09 11:46:43,403 [MainThread] INFO UNetTrainer - Training iteration [2847]. Epoch [0/49]
2025-05-09 11:48:02,287 [MainThread] INFO UNetTrainer - Training iteration [2848]. Epoch [0/49]
2025-05-09 11:49:21,046 [MainThread] INFO UNetTrainer - Training iteration [2849]. Epoch [0/49]
2025-05-09 11:50:40,121 [MainThread] INFO UNetTrainer - Training iteration [2850]. Epoch [0/49]
2025-05-09 11:51:58,879 [MainThread] INFO UNetTrainer - Training iteration [2851]. Epoch [0/49]
2025-05-09 11:53:17,599 [MainThread] INFO UNetTrainer - Training iteration [2852]. Epoch [0/49]
2025-05-09 11:54:36,591 [MainThread] INFO UNetTrainer - Training iteration [2853]. Epoch [0/49]
2025-05-09 11:55:56,688 [MainThread] INFO UNetTrainer - Training iteration [2854]. Epoch [0/49]
2025-05-09 11:57:16,038 [MainThread] INFO UNetTrainer - Training iteration [2855]. Epoch [0/49]
2025-05-09 11:58:35,002 [MainThread] INFO UNetTrainer - Training iteration [2856]. Epoch [0/49]
2025-05-09 11:59:53,227 [MainThread] INFO UNetTrainer - Training iteration [2857]. Epoch [0/49]
2025-05-09 12:01:13,226 [MainThread] INFO UNetTrainer - Training iteration [2858]. Epoch [0/49]
2025-05-09 12:02:32,504 [MainThread] INFO UNetTrainer - Training iteration [2859]. Epoch [0/49]
2025-05-09 12:03:50,430 [MainThread] INFO UNetTrainer - Training iteration [2860]. Epoch [0/49]
2025-05-09 12:05:07,520 [MainThread] INFO UNetTrainer - Training iteration [2861]. Epoch [0/49]
2025-05-09 12:06:26,363 [MainThread] INFO UNetTrainer - Training iteration [2862]. Epoch [0/49]
2025-05-09 12:07:45,637 [MainThread] INFO UNetTrainer - Training iteration [2863]. Epoch [0/49]
2025-05-09 12:09:04,870 [MainThread] INFO UNetTrainer - Training iteration [2864]. Epoch [0/49]
2025-05-09 12:10:24,745 [MainThread] INFO UNetTrainer - Training iteration [2865]. Epoch [0/49]
2025-05-09 12:11:44,801 [MainThread] INFO UNetTrainer - Training iteration [2866]. Epoch [0/49]
2025-05-09 12:13:01,793 [MainThread] INFO UNetTrainer - Training iteration [2867]. Epoch [0/49]
2025-05-09 12:14:19,174 [MainThread] INFO UNetTrainer - Training iteration [2868]. Epoch [0/49]
2025-05-09 12:15:37,511 [MainThread] INFO UNetTrainer - Training iteration [2869]. Epoch [0/49]
2025-05-09 12:16:55,573 [MainThread] INFO UNetTrainer - Training iteration [2870]. Epoch [0/49]
2025-05-09 12:18:12,769 [MainThread] INFO UNetTrainer - Training iteration [2871]. Epoch [0/49]
2025-05-09 12:19:30,570 [MainThread] INFO UNetTrainer - Training iteration [2872]. Epoch [0/49]
2025-05-09 12:20:50,018 [MainThread] INFO UNetTrainer - Training iteration [2873]. Epoch [0/49]
2025-05-09 12:22:08,229 [MainThread] INFO UNetTrainer - Training iteration [2874]. Epoch [0/49]
2025-05-09 12:23:26,474 [MainThread] INFO UNetTrainer - Training iteration [2875]. Epoch [0/49]
2025-05-09 12:24:45,590 [MainThread] INFO UNetTrainer - Training iteration [2876]. Epoch [0/49]
2025-05-09 12:26:06,193 [MainThread] INFO UNetTrainer - Training iteration [2877]. Epoch [0/49]
2025-05-09 12:27:25,753 [MainThread] INFO UNetTrainer - Training iteration [2878]. Epoch [0/49]
2025-05-09 12:28:45,157 [MainThread] INFO UNetTrainer - Training iteration [2879]. Epoch [0/49]
2025-05-09 12:30:04,908 [MainThread] INFO UNetTrainer - Training iteration [2880]. Epoch [0/49]
2025-05-09 12:31:25,778 [MainThread] INFO UNetTrainer - Training iteration [2881]. Epoch [0/49]
2025-05-09 12:32:45,398 [MainThread] INFO UNetTrainer - Training iteration [2882]. Epoch [0/49]
2025-05-09 12:34:04,595 [MainThread] INFO UNetTrainer - Training iteration [2883]. Epoch [0/49]
2025-05-09 12:35:23,850 [MainThread] INFO UNetTrainer - Training iteration [2884]. Epoch [0/49]
2025-05-09 12:36:42,657 [MainThread] INFO UNetTrainer - Training iteration [2885]. Epoch [0/49]
2025-05-09 12:38:01,888 [MainThread] INFO UNetTrainer - Training iteration [2886]. Epoch [0/49]
2025-05-09 12:39:20,908 [MainThread] INFO UNetTrainer - Training iteration [2887]. Epoch [0/49]
2025-05-09 12:40:40,036 [MainThread] INFO UNetTrainer - Training iteration [2888]. Epoch [0/49]
2025-05-09 12:41:58,966 [MainThread] INFO UNetTrainer - Training iteration [2889]. Epoch [0/49]
2025-05-09 12:43:18,030 [MainThread] INFO UNetTrainer - Training iteration [2890]. Epoch [0/49]
2025-05-09 12:44:37,289 [MainThread] INFO UNetTrainer - Training iteration [2891]. Epoch [0/49]
2025-05-09 12:45:57,285 [MainThread] INFO UNetTrainer - Training iteration [2892]. Epoch [0/49]
2025-05-09 12:47:16,128 [MainThread] INFO UNetTrainer - Training iteration [2893]. Epoch [0/49]
2025-05-09 12:48:35,095 [MainThread] INFO UNetTrainer - Training iteration [2894]. Epoch [0/49]
2025-05-09 12:49:54,425 [MainThread] INFO UNetTrainer - Training iteration [2895]. Epoch [0/49]
2025-05-09 12:51:14,208 [MainThread] INFO UNetTrainer - Training iteration [2896]. Epoch [0/49]
2025-05-09 12:52:32,294 [MainThread] INFO UNetTrainer - Training iteration [2897]. Epoch [0/49]
2025-05-09 12:53:51,074 [MainThread] INFO UNetTrainer - Training iteration [2898]. Epoch [0/49]
2025-05-09 12:55:10,886 [MainThread] INFO UNetTrainer - Training iteration [2899]. Epoch [0/49]
2025-05-09 12:56:30,395 [MainThread] INFO UNetTrainer - Training iteration [2900]. Epoch [0/49]
2025-05-09 12:57:48,986 [MainThread] INFO UNetTrainer - Training iteration [2901]. Epoch [0/49]
2025-05-09 12:59:07,534 [MainThread] INFO UNetTrainer - Training iteration [2902]. Epoch [0/49]
2025-05-09 13:00:27,647 [MainThread] INFO UNetTrainer - Training iteration [2903]. Epoch [0/49]
2025-05-09 13:01:47,051 [MainThread] INFO UNetTrainer - Training iteration [2904]. Epoch [0/49]
2025-05-09 13:03:05,624 [MainThread] INFO UNetTrainer - Training iteration [2905]. Epoch [0/49]
2025-05-09 13:04:24,729 [MainThread] INFO UNetTrainer - Training iteration [2906]. Epoch [0/49]
2025-05-09 13:05:43,620 [MainThread] INFO UNetTrainer - Training iteration [2907]. Epoch [0/49]
2025-05-09 13:07:02,665 [MainThread] INFO UNetTrainer - Training iteration [2908]. Epoch [0/49]
2025-05-09 13:08:21,183 [MainThread] INFO UNetTrainer - Training iteration [2909]. Epoch [0/49]
2025-05-09 13:09:40,193 [MainThread] INFO UNetTrainer - Training iteration [2910]. Epoch [0/49]
2025-05-09 13:11:01,096 [MainThread] INFO UNetTrainer - Training iteration [2911]. Epoch [0/49]
2025-05-09 13:12:20,554 [MainThread] INFO UNetTrainer - Training iteration [2912]. Epoch [0/49]
2025-05-09 13:13:40,159 [MainThread] INFO UNetTrainer - Training iteration [2913]. Epoch [0/49]
2025-05-09 13:14:59,870 [MainThread] INFO UNetTrainer - Training iteration [2914]. Epoch [0/49]
2025-05-09 13:16:20,138 [MainThread] INFO UNetTrainer - Training iteration [2915]. Epoch [0/49]
2025-05-09 13:17:39,448 [MainThread] INFO UNetTrainer - Training iteration [2916]. Epoch [0/49]
2025-05-09 13:18:57,776 [MainThread] INFO UNetTrainer - Training iteration [2917]. Epoch [0/49]
2025-05-09 13:20:18,785 [MainThread] INFO UNetTrainer - Training iteration [2918]. Epoch [0/49]
2025-05-09 13:21:40,093 [MainThread] INFO UNetTrainer - Training iteration [2919]. Epoch [0/49]
2025-05-09 13:23:00,766 [MainThread] INFO UNetTrainer - Training iteration [2920]. Epoch [0/49]
2025-05-09 13:24:22,146 [MainThread] INFO UNetTrainer - Training iteration [2921]. Epoch [0/49]
2025-05-09 13:25:43,231 [MainThread] INFO UNetTrainer - Training iteration [2922]. Epoch [0/49]
2025-05-09 13:27:04,780 [MainThread] INFO UNetTrainer - Training iteration [2923]. Epoch [0/49]
2025-05-09 13:28:26,075 [MainThread] INFO UNetTrainer - Training iteration [2924]. Epoch [0/49]
2025-05-09 13:29:47,409 [MainThread] INFO UNetTrainer - Training iteration [2925]. Epoch [0/49]
2025-05-09 13:31:09,236 [MainThread] INFO UNetTrainer - Training iteration [2926]. Epoch [0/49]
2025-05-09 13:32:30,976 [MainThread] INFO UNetTrainer - Training iteration [2927]. Epoch [0/49]
2025-05-09 13:33:51,382 [MainThread] INFO UNetTrainer - Training iteration [2928]. Epoch [0/49]
2025-05-09 13:35:12,110 [MainThread] INFO UNetTrainer - Training iteration [2929]. Epoch [0/49]
2025-05-09 13:36:33,300 [MainThread] INFO UNetTrainer - Training iteration [2930]. Epoch [0/49]
2025-05-09 13:37:55,181 [MainThread] INFO UNetTrainer - Training iteration [2931]. Epoch [0/49]
2025-05-09 13:39:16,638 [MainThread] INFO UNetTrainer - Training iteration [2932]. Epoch [0/49]
2025-05-09 13:40:38,206 [MainThread] INFO UNetTrainer - Training iteration [2933]. Epoch [0/49]
2025-05-09 13:42:00,000 [MainThread] INFO UNetTrainer - Training iteration [2934]. Epoch [0/49]
2025-05-09 13:43:21,360 [MainThread] INFO UNetTrainer - Training iteration [2935]. Epoch [0/49]
2025-05-09 13:44:42,347 [MainThread] INFO UNetTrainer - Training iteration [2936]. Epoch [0/49]
2025-05-09 13:46:03,822 [MainThread] INFO UNetTrainer - Training iteration [2937]. Epoch [0/49]
2025-05-09 13:47:25,095 [MainThread] INFO UNetTrainer - Training iteration [2938]. Epoch [0/49]
2025-05-09 13:48:46,570 [MainThread] INFO UNetTrainer - Training iteration [2939]. Epoch [0/49]
2025-05-09 13:50:08,077 [MainThread] INFO UNetTrainer - Training iteration [2940]. Epoch [0/49]
2025-05-09 13:51:29,784 [MainThread] INFO UNetTrainer - Training iteration [2941]. Epoch [0/49]
2025-05-09 13:52:51,291 [MainThread] INFO UNetTrainer - Training iteration [2942]. Epoch [0/49]
2025-05-09 13:54:12,159 [MainThread] INFO UNetTrainer - Training iteration [2943]. Epoch [0/49]
2025-05-09 13:55:33,202 [MainThread] INFO UNetTrainer - Training iteration [2944]. Epoch [0/49]
2025-05-09 13:56:54,155 [MainThread] INFO UNetTrainer - Training iteration [2945]. Epoch [0/49]
2025-05-09 13:58:15,698 [MainThread] INFO UNetTrainer - Training iteration [2946]. Epoch [0/49]
2025-05-09 13:59:36,837 [MainThread] INFO UNetTrainer - Training iteration [2947]. Epoch [0/49]
2025-05-09 14:00:57,660 [MainThread] INFO UNetTrainer - Training iteration [2948]. Epoch [0/49]
2025-05-09 14:02:18,648 [MainThread] INFO UNetTrainer - Training iteration [2949]. Epoch [0/49]
2025-05-09 14:03:39,544 [MainThread] INFO UNetTrainer - Training iteration [2950]. Epoch [0/49]
2025-05-09 14:05:00,397 [MainThread] INFO UNetTrainer - Training iteration [2951]. Epoch [0/49]
2025-05-09 14:06:21,426 [MainThread] INFO UNetTrainer - Training iteration [2952]. Epoch [0/49]
2025-05-09 14:07:41,721 [MainThread] INFO UNetTrainer - Training iteration [2953]. Epoch [0/49]
2025-05-09 14:09:02,414 [MainThread] INFO UNetTrainer - Training iteration [2954]. Epoch [0/49]
2025-05-09 14:10:22,652 [MainThread] INFO UNetTrainer - Training iteration [2955]. Epoch [0/49]
2025-05-09 14:11:43,197 [MainThread] INFO UNetTrainer - Training iteration [2956]. Epoch [0/49]
2025-05-09 14:13:03,741 [MainThread] INFO UNetTrainer - Training iteration [2957]. Epoch [0/49]
2025-05-09 14:14:24,533 [MainThread] INFO UNetTrainer - Training iteration [2958]. Epoch [0/49]
2025-05-09 14:15:45,542 [MainThread] INFO UNetTrainer - Training iteration [2959]. Epoch [0/49]
2025-05-09 14:17:05,805 [MainThread] INFO UNetTrainer - Training iteration [2960]. Epoch [0/49]
2025-05-09 14:18:26,265 [MainThread] INFO UNetTrainer - Training iteration [2961]. Epoch [0/49]
2025-05-09 14:19:47,423 [MainThread] INFO UNetTrainer - Training iteration [2962]. Epoch [0/49]
2025-05-09 14:21:08,667 [MainThread] INFO UNetTrainer - Training iteration [2963]. Epoch [0/49]
2025-05-09 14:22:29,236 [MainThread] INFO UNetTrainer - Training iteration [2964]. Epoch [0/49]
2025-05-09 14:23:50,287 [MainThread] INFO UNetTrainer - Training iteration [2965]. Epoch [0/49]
2025-05-09 14:25:10,137 [MainThread] INFO UNetTrainer - Training iteration [2966]. Epoch [0/49]
2025-05-09 14:26:31,553 [MainThread] INFO UNetTrainer - Training iteration [2967]. Epoch [0/49]
2025-05-09 14:27:53,128 [MainThread] INFO UNetTrainer - Training iteration [2968]. Epoch [0/49]
2025-05-09 14:29:14,640 [MainThread] INFO UNetTrainer - Training iteration [2969]. Epoch [0/49]
2025-05-09 14:30:35,859 [MainThread] INFO UNetTrainer - Training iteration [2970]. Epoch [0/49]
2025-05-09 14:31:57,063 [MainThread] INFO UNetTrainer - Training iteration [2971]. Epoch [0/49]
2025-05-09 14:33:18,916 [MainThread] INFO UNetTrainer - Training iteration [2972]. Epoch [0/49]
2025-05-09 14:34:40,206 [MainThread] INFO UNetTrainer - Training iteration [2973]. Epoch [0/49]
2025-05-09 14:36:01,729 [MainThread] INFO UNetTrainer - Training iteration [2974]. Epoch [0/49]
2025-05-09 14:37:22,645 [MainThread] INFO UNetTrainer - Training iteration [2975]. Epoch [0/49]
2025-05-09 14:38:42,604 [MainThread] INFO UNetTrainer - Training iteration [2976]. Epoch [0/49]
2025-05-09 14:40:03,056 [MainThread] INFO UNetTrainer - Training iteration [2977]. Epoch [0/49]
2025-05-09 14:41:24,475 [MainThread] INFO UNetTrainer - Training iteration [2978]. Epoch [0/49]
2025-05-09 14:42:45,557 [MainThread] INFO UNetTrainer - Training iteration [2979]. Epoch [0/49]
2025-05-09 14:44:05,461 [MainThread] INFO UNetTrainer - Training iteration [2980]. Epoch [0/49]
2025-05-09 14:45:26,221 [MainThread] INFO UNetTrainer - Training iteration [2981]. Epoch [0/49]
2025-05-09 14:46:46,700 [MainThread] INFO UNetTrainer - Training iteration [2982]. Epoch [0/49]
2025-05-09 14:48:07,482 [MainThread] INFO UNetTrainer - Training iteration [2983]. Epoch [0/49]
2025-05-09 14:49:27,996 [MainThread] INFO UNetTrainer - Training iteration [2984]. Epoch [0/49]
2025-05-09 14:50:48,292 [MainThread] INFO UNetTrainer - Training iteration [2985]. Epoch [0/49]
2025-05-09 14:52:08,247 [MainThread] INFO UNetTrainer - Training iteration [2986]. Epoch [0/49]
2025-05-09 14:53:27,071 [MainThread] INFO UNetTrainer - Training iteration [2987]. Epoch [0/49]
2025-05-09 14:54:46,182 [MainThread] INFO UNetTrainer - Training iteration [2988]. Epoch [0/49]
2025-05-09 14:56:06,109 [MainThread] INFO UNetTrainer - Training iteration [2989]. Epoch [0/49]
2025-05-09 14:57:25,209 [MainThread] INFO UNetTrainer - Training iteration [2990]. Epoch [0/49]
2025-05-09 14:58:44,608 [MainThread] INFO UNetTrainer - Training iteration [2991]. Epoch [0/49]
2025-05-09 15:00:03,718 [MainThread] INFO UNetTrainer - Training iteration [2992]. Epoch [0/49]
2025-05-09 15:01:23,157 [MainThread] INFO UNetTrainer - Training iteration [2993]. Epoch [0/49]
2025-05-09 15:02:42,118 [MainThread] INFO UNetTrainer - Training iteration [2994]. Epoch [0/49]
2025-05-09 15:04:02,090 [MainThread] INFO UNetTrainer - Training iteration [2995]. Epoch [0/49]
2025-05-09 15:05:21,492 [MainThread] INFO UNetTrainer - Training iteration [2996]. Epoch [0/49]
2025-05-09 15:06:41,804 [MainThread] INFO UNetTrainer - Training iteration [2997]. Epoch [0/49]
2025-05-09 15:08:01,564 [MainThread] INFO UNetTrainer - Training iteration [2998]. Epoch [0/49]
2025-05-09 15:09:21,180 [MainThread] INFO UNetTrainer - Training iteration [2999]. Epoch [0/49]
2025-05-09 15:10:41,374 [MainThread] INFO UNetTrainer - Training iteration [3000]. Epoch [0/49]
2025-05-09 15:12:01,207 [MainThread] INFO UNetTrainer - Training iteration [3001]. Epoch [0/49]
2025-05-09 15:13:20,913 [MainThread] INFO UNetTrainer - Training iteration [3002]. Epoch [0/49]
2025-05-09 15:14:40,581 [MainThread] INFO UNetTrainer - Training iteration [3003]. Epoch [0/49]
2025-05-09 15:16:00,579 [MainThread] INFO UNetTrainer - Training iteration [3004]. Epoch [0/49]
2025-05-09 15:17:20,511 [MainThread] INFO UNetTrainer - Training iteration [3005]. Epoch [0/49]
2025-05-09 15:18:40,461 [MainThread] INFO UNetTrainer - Training iteration [3006]. Epoch [0/49]
2025-05-09 15:20:00,026 [MainThread] INFO UNetTrainer - Training iteration [3007]. Epoch [0/49]
2025-05-09 15:21:19,980 [MainThread] INFO UNetTrainer - Training iteration [3008]. Epoch [0/49]
2025-05-09 15:22:38,995 [MainThread] INFO UNetTrainer - Training iteration [3009]. Epoch [0/49]
2025-05-09 15:23:58,223 [MainThread] INFO UNetTrainer - Training iteration [3010]. Epoch [0/49]
2025-05-09 15:25:18,432 [MainThread] INFO UNetTrainer - Training iteration [3011]. Epoch [0/49]
2025-05-09 15:26:38,203 [MainThread] INFO UNetTrainer - Training iteration [3012]. Epoch [0/49]
2025-05-09 15:27:57,826 [MainThread] INFO UNetTrainer - Training iteration [3013]. Epoch [0/49]
2025-05-09 15:29:16,883 [MainThread] INFO UNetTrainer - Training iteration [3014]. Epoch [0/49]
2025-05-09 15:30:34,785 [MainThread] INFO UNetTrainer - Training iteration [3015]. Epoch [0/49]
2025-05-09 15:31:50,171 [MainThread] INFO UNetTrainer - Training iteration [3016]. Epoch [0/49]
2025-05-09 15:33:04,930 [MainThread] INFO UNetTrainer - Training iteration [3017]. Epoch [0/49]
2025-05-09 15:34:20,145 [MainThread] INFO UNetTrainer - Training iteration [3018]. Epoch [0/49]
2025-05-09 15:35:36,428 [MainThread] INFO UNetTrainer - Training iteration [3019]. Epoch [0/49]
2025-05-09 15:36:51,536 [MainThread] INFO UNetTrainer - Training iteration [3020]. Epoch [0/49]
2025-05-09 15:38:06,234 [MainThread] INFO UNetTrainer - Training iteration [3021]. Epoch [0/49]
2025-05-09 15:39:21,446 [MainThread] INFO UNetTrainer - Training iteration [3022]. Epoch [0/49]
2025-05-09 15:40:37,579 [MainThread] INFO UNetTrainer - Training iteration [3023]. Epoch [0/49]
2025-05-09 15:41:52,448 [MainThread] INFO UNetTrainer - Training iteration [3024]. Epoch [0/49]
2025-05-09 15:43:06,889 [MainThread] INFO UNetTrainer - Training iteration [3025]. Epoch [0/49]
2025-05-09 15:44:22,692 [MainThread] INFO UNetTrainer - Training iteration [3026]. Epoch [0/49]
2025-05-09 15:45:39,643 [MainThread] INFO UNetTrainer - Training iteration [3027]. Epoch [0/49]
2025-05-09 15:46:55,820 [MainThread] INFO UNetTrainer - Training iteration [3028]. Epoch [0/49]
2025-05-09 15:48:11,302 [MainThread] INFO UNetTrainer - Training iteration [3029]. Epoch [0/49]
2025-05-09 15:49:26,415 [MainThread] INFO UNetTrainer - Training iteration [3030]. Epoch [0/49]
2025-05-09 15:50:42,640 [MainThread] INFO UNetTrainer - Training iteration [3031]. Epoch [0/49]
2025-05-09 15:51:57,467 [MainThread] INFO UNetTrainer - Training iteration [3032]. Epoch [0/49]
2025-05-09 15:53:12,227 [MainThread] INFO UNetTrainer - Training iteration [3033]. Epoch [0/49]
2025-05-09 15:54:26,275 [MainThread] INFO UNetTrainer - Training iteration [3034]. Epoch [0/49]
2025-05-09 15:55:43,539 [MainThread] INFO UNetTrainer - Training iteration [3035]. Epoch [0/49]
2025-05-09 15:56:58,731 [MainThread] INFO UNetTrainer - Training iteration [3036]. Epoch [0/49]
2025-05-09 15:58:13,490 [MainThread] INFO UNetTrainer - Training iteration [3037]. Epoch [0/49]
2025-05-09 15:59:29,070 [MainThread] INFO UNetTrainer - Training iteration [3038]. Epoch [0/49]
2025-05-09 16:00:48,076 [MainThread] INFO UNetTrainer - Training iteration [3039]. Epoch [0/49]
2025-05-09 16:02:05,239 [MainThread] INFO UNetTrainer - Training iteration [3040]. Epoch [0/49]
2025-05-09 16:03:22,664 [MainThread] INFO UNetTrainer - Training iteration [3041]. Epoch [0/49]
2025-05-09 16:04:39,623 [MainThread] INFO UNetTrainer - Training iteration [3042]. Epoch [0/49]
2025-05-09 16:05:58,526 [MainThread] INFO UNetTrainer - Training iteration [3043]. Epoch [0/49]
2025-05-09 16:07:15,919 [MainThread] INFO UNetTrainer - Training iteration [3044]. Epoch [0/49]
2025-05-09 16:08:34,655 [MainThread] INFO UNetTrainer - Training iteration [3045]. Epoch [0/49]
2025-05-09 16:09:52,773 [MainThread] INFO UNetTrainer - Training iteration [3046]. Epoch [0/49]
2025-05-09 16:11:12,794 [MainThread] INFO UNetTrainer - Training iteration [3047]. Epoch [0/49]
2025-05-09 16:12:31,157 [MainThread] INFO UNetTrainer - Training iteration [3048]. Epoch [0/49]
2025-05-09 16:13:50,313 [MainThread] INFO UNetTrainer - Training iteration [3049]. Epoch [0/49]
2025-05-09 16:15:08,732 [MainThread] INFO UNetTrainer - Training iteration [3050]. Epoch [0/49]
2025-05-09 16:16:28,905 [MainThread] INFO UNetTrainer - Training iteration [3051]. Epoch [0/49]
2025-05-09 16:17:48,935 [MainThread] INFO UNetTrainer - Training iteration [3052]. Epoch [0/49]
2025-05-09 16:19:09,678 [MainThread] INFO UNetTrainer - Training iteration [3053]. Epoch [0/49]
2025-05-09 16:20:29,676 [MainThread] INFO UNetTrainer - Training iteration [3054]. Epoch [0/49]
2025-05-09 16:21:48,705 [MainThread] INFO UNetTrainer - Training iteration [3055]. Epoch [0/49]
2025-05-09 16:23:07,196 [MainThread] INFO UNetTrainer - Training iteration [3056]. Epoch [0/49]
2025-05-09 16:24:26,128 [MainThread] INFO UNetTrainer - Training iteration [3057]. Epoch [0/49]
2025-05-09 16:25:45,318 [MainThread] INFO UNetTrainer - Training iteration [3058]. Epoch [0/49]
2025-05-09 16:27:04,131 [MainThread] INFO UNetTrainer - Training iteration [3059]. Epoch [0/49]
2025-05-09 16:28:22,196 [MainThread] INFO UNetTrainer - Training iteration [3060]. Epoch [0/49]
